Console Log: /home/QinYiHang/Code/GNN_SPGG/outputs/Pool_dynamic/spgg_GNN_12workers_warmupBC_30M_PoolPowerMix/train.log
================================================================================
Experiment: spgg_GNN_12workers_warmupBC_30M_PoolPowerMix
Run mode  : gnn_train
Network   : regular
Graph     : nodes=50, edges=100, degree_min=4, degree_max=4, degree_mean=4.000
Dynamics  : alpha=0.5, r=0.75, p_mode=dynamic, p_c=50.0, episode_length=200
Consume   : mode=piecewise_linear, fixed_mode=degree_scaled, degree_multiplier=1.0, rate=0.05, threshold=4.0
Strategy  : rule=q_learning, state=none, lr=0.1, gamma=0.1, epsilon=0.05, q0=0.0
Reward    : lambda_payoff=0.5, lambda_cooperation=0.0, lambda_total_resource=0.04043126684636118, lambda_gini=5.0
Reg       : actor_wd=0.0, critic_wd=0.0, actor_entropy_coef=0.0005, actor_logit_l2_coef=5e-05
================================================================================
Train CFG : steps_per_update=800, source=training.steps_per_update, total_env_steps=30000000 (training.total_env_steps, excludes warmup), warmup_env_steps=307200 (training.warmup_env_steps), total_rollout_env_steps=30307200, total_updates=3157
Train DEV : learner_device=cuda:0, rollout_device=cuda:3, rollout_mode=local, rollout_batch_timeout_ms=2.0, rollout_num_threads=1, num_envs_per_worker=4, overlap_rollout_update=True
Eval CFG  : mode=custom_env_families(4), periodic_eval_episodes=8, eval_interval_env_steps=2000000 (training.eval_interval_env_steps), eval_interval_updates=209
Curriculum: regular_only@1[regular:1.00] | regular_plus_scale_free@948[regular:0.70,scale_free:0.30] | all_topologies@1895[regular:0.40,scale_free:0.30,erdos_renyi:0.15,small_world:0.15]
TensorBoard: log_dir=/home/QinYiHang/Code/GNN_SPGG/outputs/Pool_dynamic/spgg_GNN_12workers_warmupBC_30M_PoolPowerMix/tensorboard/0331_204713
Curriculum: update=1, stage=regular_only, train=['regular'], train_weights=[1.0], eval=['regular']
[INFO 20:47:26] train t_env: 0 / 30000000 | update: 1 / 3157
[INFO 20:47:26] train Estimated time left: unavailable. Time passed: 13 seconds
[INFO 20:47:26] train Recent Stats | update: 1 / 3157 | t_env: 0 / 30000000 | stage: regular_only
train_f_c:                     0.4012  train_gini:                    0.2846  train_R_mean:                173.4571
train_payoff_mean:            11.9531  train_pool_grown:             65.0712  train_pool:                   53.0951
loss:                        446.9706  policy_loss:                   0.0150  value_loss:                  446.9556
mean_rollout_reward:          11.5667  entropy:                       1.6094  actor_logit_l2:                0.0181
actor_bc_loss:                 0.0158  actor_bc_coef:                 1.0000  actor_lr:                      0.0001
critic_lr:                     0.0001  replay_size:                9600.0000  replay_demo:                   1.0000
replay_collapse:               0.1992  rollout_sps:                2359.0203  rollout_collect_s:             4.0695
worker_collect_s:              3.6056  env_step_s:                    1.5678  inference_wait_s:              0.0000
infer_build_s:                 0.0000  local_forward_s:               0.0000  action_to_numpy_s:             0.0561
transition_encode_s:           0.2754  stack_transitions_s:           0.0219  shm_serialize_s:               0.0114
shm_deserialize_s:             0.0067  rollout_wait_s:                0.0000  overlap_s:                     0.0000
actor_sync_s:                  0.1382  actor_publish_s:               0.0068  actor_sync_server_s:           0.0000
actor_sync_worker_s:           0.1314  replay_extend_s:               0.0424  replay_sample_s:               0.0018
to_device_s:                   0.0020  critic_update_s:               0.5030  actor_update_s:                0.0000
target_update_s:               0.0000  learner_update_s:              8.5623  eval_s:                        0.0000
infer_batch_mean:              0.0000  infer_batch_max:               0.0000  uniform:                       0.0417
proportional:                  0.0417  constant_mix:                  0.5833  pool_power_mix:                0.1667
random_logits:                 0.1667  actor_logits:                  0.0000
[INFO 20:47:35] train t_env: 0 / 30000000 | update: 2 / 3157
[INFO 20:47:35] train Estimated time left: unavailable. Time passed: 22 seconds
[INFO 20:47:35] train Recent Stats | update: 2 / 3157 | t_env: 0 / 30000000 | stage: regular_only
train_f_c:                     0.3985  train_gini:                    0.2722  train_R_mean:                170.2806
train_payoff_mean:            11.7539  train_pool_grown:             65.5881  train_pool:                   53.8089
loss:                        420.6791  policy_loss:                   0.0151  value_loss:                  420.6640
mean_rollout_reward:          11.4006  entropy:                       1.6094  actor_logit_l2:                0.0135
actor_bc_loss:                 0.0159  actor_bc_coef:                 1.0000  actor_lr:                      0.0001
critic_lr:                     0.0001  replay_size:               14400.0000  replay_demo:                   1.0000
replay_collapse:               0.1992  rollout_sps:                1692.9091  rollout_collect_s:             6.7095
worker_collect_s:              3.6684  env_step_s:                    1.6937  inference_wait_s:              0.0000
infer_build_s:                 0.0000  local_forward_s:               0.0000  action_to_numpy_s:             0.0564
transition_encode_s:           0.2951  stack_transitions_s:           0.0235  shm_serialize_s:               0.0116
shm_deserialize_s:             0.0037  rollout_wait_s:                0.0407  overlap_s:                     4.6340
actor_sync_s:                  0.1362  actor_publish_s:               0.0046  actor_sync_server_s:           0.0000
actor_sync_worker_s:           0.1316  replay_extend_s:               0.0377  replay_sample_s:               0.0027
to_device_s:                   0.0021  critic_update_s:               0.5000  actor_update_s:                0.0000
target_update_s:               0.0000  learner_update_s:              8.9150  eval_s:                        0.0000
infer_batch_mean:              0.0000  infer_batch_max:               0.0000  uniform:                       0.0417
proportional:                  0.0729  constant_mix:                  0.5833  pool_power_mix:                0.1458
random_logits:                 0.1562  actor_logits:                  0.0000
[INFO 20:47:44] train t_env: 0 / 30000000 | update: 3 / 3157
[INFO 20:47:44] train Estimated time left: unavailable. Time passed: 32 seconds
[INFO 20:47:44] train Recent Stats | update: 3 / 3157 | t_env: 0 / 30000000 | stage: regular_only
train_f_c:                     0.3814  train_gini:                    0.2436  train_R_mean:                162.2844
train_payoff_mean:            11.1202  train_pool_grown:             64.8218  train_pool:                   53.6791
loss:                        401.8767  policy_loss:                   0.0149  value_loss:                  401.8618
mean_rollout_reward:          10.9037  entropy:                       1.6094  actor_logit_l2:                0.0139
actor_bc_loss:                 0.0157  actor_bc_coef:                 1.0000  actor_lr:                      0.0001
critic_lr:                     0.0001  replay_size:               19200.0000  replay_demo:                   1.0000
replay_collapse:               0.1992  rollout_sps:                1485.2487  rollout_collect_s:             7.4638
worker_collect_s:              3.6313  env_step_s:                    1.7098  inference_wait_s:              0.0000
infer_build_s:                 0.0000  local_forward_s:               0.0000  action_to_numpy_s:             0.0559
transition_encode_s:           0.2989  stack_transitions_s:           0.0234  shm_serialize_s:               0.0116
shm_deserialize_s:             0.0070  rollout_wait_s:                0.1095  overlap_s:                     5.9978
actor_sync_s:                  0.1369  actor_publish_s:               0.0039  actor_sync_server_s:           0.0000
actor_sync_worker_s:           0.1330  replay_extend_s:               0.0367  replay_sample_s:               0.0033
to_device_s:                   0.0021  critic_update_s:               0.4798  actor_update_s:                0.0000
target_update_s:               0.0000  learner_update_s:              8.8517  eval_s:                        0.0000
infer_batch_mean:              0.0000  infer_batch_max:               0.0000  uniform:                       0.0625
proportional:                  0.0625  constant_mix:                  0.5278  pool_power_mix:                0.1667
random_logits:                 0.1806  actor_logits:                  0.0000
[INFO 20:47:54] train t_env: 0 / 30000000 | update: 4 / 3157
[INFO 20:47:54] train Estimated time left: unavailable. Time passed: 41 seconds
[INFO 20:47:54] train Recent Stats | update: 4 / 3157 | t_env: 0 / 30000000 | stage: regular_only
train_f_c:                     0.3943  train_gini:                    0.2470  train_R_mean:                167.7415
train_payoff_mean:            11.4702  train_pool_grown:             67.0922  train_pool:                   55.5979
loss:                        379.4903  policy_loss:                   0.0149  value_loss:                  379.4755
mean_rollout_reward:          11.2819  entropy:                       1.6094  actor_logit_l2:                0.0130
actor_bc_loss:                 0.0157  actor_bc_coef:                 1.0000  actor_lr:                      0.0001
critic_lr:                     0.0001  replay_size:               24000.0000  replay_demo:                   1.0000
replay_collapse:               0.1992  rollout_sps:                1370.2627  rollout_collect_s:             7.9386
worker_collect_s:              3.6519  env_step_s:                    1.7286  inference_wait_s:              0.0000
infer_build_s:                 0.0000  local_forward_s:               0.0000  action_to_numpy_s:             0.0561
transition_encode_s:           0.3034  stack_transitions_s:           0.0231  shm_serialize_s:               0.0115
shm_deserialize_s:             0.0054  rollout_wait_s:                0.1043  overlap_s:                     6.8170
actor_sync_s:                  0.1356  actor_publish_s:               0.0036  actor_sync_server_s:           0.0000
actor_sync_worker_s:           0.1319  replay_extend_s:               0.0363  replay_sample_s:               0.0030
to_device_s:                   0.0020  critic_update_s:               0.5006  actor_update_s:                0.0000
target_update_s:               0.0000  learner_update_s:              8.9573  eval_s:                        0.0000
infer_batch_mean:              0.0000  infer_batch_max:               0.0000  uniform:                       0.0521
proportional:                  0.0729  constant_mix:                  0.5417  pool_power_mix:                0.1667
random_logits:                 0.1667  actor_logits:                  0.0000
[INFO 20:48:03] train t_env: 0 / 30000000 | update: 5 / 3157
[INFO 20:48:03] train Estimated time left: unavailable. Time passed: 50 seconds
[INFO 20:48:03] train Recent Stats | update: 5 / 3157 | t_env: 0 / 30000000 | stage: regular_only
train_f_c:                     0.4037  train_gini:                    0.2513  train_R_mean:                173.4755
train_payoff_mean:            11.8551  train_pool_grown:             68.2184  train_pool:                   56.3373
loss:                        326.4929  policy_loss:                   0.0148  value_loss:                  326.4780
mean_rollout_reward:          11.6847  entropy:                       1.6094  actor_logit_l2:                0.0119
actor_bc_loss:                 0.0156  actor_bc_coef:                 1.0000  actor_lr:                      0.0001
critic_lr:                     0.0001  replay_size:               28800.0000  replay_demo:                   1.0000
replay_collapse:               0.1992  rollout_sps:                1314.0433  rollout_collect_s:             8.1137
worker_collect_s:              3.6864  env_step_s:                    1.7467  inference_wait_s:              0.0000
infer_build_s:                 0.0000  local_forward_s:               0.0000  action_to_numpy_s:             0.0567
transition_encode_s:           0.3067  stack_transitions_s:           0.0227  shm_serialize_s:               0.0115
shm_deserialize_s:             0.0044  rollout_wait_s:                0.0994  overlap_s:                     7.2004
actor_sync_s:                  0.1335  actor_publish_s:               0.0034  actor_sync_server_s:           0.0000
actor_sync_worker_s:           0.1302  replay_extend_s:               0.0358  replay_sample_s:               0.0033
to_device_s:                   0.0020  critic_update_s:               0.5017  actor_update_s:                0.0000
target_update_s:               0.0000  learner_update_s:              8.9126  eval_s:                        0.0000
infer_batch_mean:              0.0000  infer_batch_max:               0.0000  uniform:                       0.0500
proportional:                  0.0583  constant_mix:                  0.5667  pool_power_mix:                0.1750
random_logits:                 0.1500  actor_logits:                  0.0000
[INFO 20:48:12] train t_env: 0 / 30000000 | update: 6 / 3157
[INFO 20:48:12] train Estimated time left: unavailable. Time passed: 59 seconds
[INFO 20:48:12] train Recent Stats | update: 6 / 3157 | t_env: 0 / 30000000 | stage: regular_only
train_f_c:                     0.3986  train_gini:                    0.2466  train_R_mean:                170.8213
train_payoff_mean:            11.6686  train_pool_grown:             67.6138  train_pool:                   55.9203
loss:                        280.6188  policy_loss:                   0.0146  value_loss:                  280.6041
mean_rollout_reward:          11.5079  entropy:                       1.6094  actor_logit_l2:                0.0112
actor_bc_loss:                 0.0155  actor_bc_coef:                 1.0000  actor_lr:                      0.0001
critic_lr:                     0.0001  replay_size:               33600.0000  replay_demo:                   1.0000
replay_collapse:               0.1992  rollout_sps:                1276.0131  rollout_collect_s:             8.2349
worker_collect_s:              3.7002  env_step_s:                    1.7529  inference_wait_s:              0.0000
infer_build_s:                 0.0000  local_forward_s:               0.0000  action_to_numpy_s:             0.0568
transition_encode_s:           0.3159  stack_transitions_s:           0.0224  shm_serialize_s:               0.0114
shm_deserialize_s:             0.0038  rollout_wait_s:                0.0976  overlap_s:                     7.4590
actor_sync_s:                  0.1328  actor_publish_s:               0.0032  actor_sync_server_s:           0.0000
actor_sync_worker_s:           0.1295  replay_extend_s:               0.0360  replay_sample_s:               0.0045
to_device_s:                   0.0020  critic_update_s:               0.4872  actor_update_s:                0.0000
target_update_s:               0.0000  learner_update_s:              8.8858  eval_s:                        0.0000
infer_batch_mean:              0.0000  infer_batch_max:               0.0000  uniform:                       0.0590
proportional:                  0.0556  constant_mix:                  0.5660  pool_power_mix:                0.1771
random_logits:                 0.1424  actor_logits:                  0.0000
[INFO 20:48:21] train t_env: 0 / 30000000 | update: 7 / 3157
[INFO 20:48:21] train Estimated time left: unavailable. Time passed: 1 minutes, 8 seconds
[INFO 20:48:21] train Recent Stats | update: 7 / 3157 | t_env: 0 / 30000000 | stage: regular_only
train_f_c:                     0.4102  train_gini:                    0.2515  train_R_mean:                175.5104
train_payoff_mean:            11.9822  train_pool_grown:             69.9728  train_pool:                   57.9638
loss:                        246.0812  policy_loss:                   0.0145  value_loss:                  246.0667
mean_rollout_reward:          11.8296  entropy:                       1.6094  actor_logit_l2:                0.0115
actor_bc_loss:                 0.0153  actor_bc_coef:                 1.0000  actor_lr:                      0.0001
critic_lr:                     0.0001  replay_size:               38400.0000  replay_demo:                   1.0000
replay_collapse:               0.1992  rollout_sps:                1247.7988  rollout_collect_s:             8.3301
worker_collect_s:              3.6991  env_step_s:                    1.7559  inference_wait_s:              0.0000
infer_build_s:                 0.0000  local_forward_s:               0.0000  action_to_numpy_s:             0.0568
transition_encode_s:           0.3147  stack_transitions_s:           0.0222  shm_serialize_s:               0.0114
shm_deserialize_s:             0.0033  rollout_wait_s:                0.0950  overlap_s:                     7.6538
actor_sync_s:                  0.1298  actor_publish_s:               0.0031  actor_sync_server_s:           0.0000
actor_sync_worker_s:           0.1267  replay_extend_s:               0.0356  replay_sample_s:               0.0043
to_device_s:                   0.0021  critic_update_s:               0.4893  actor_update_s:                0.0000
target_update_s:               0.0000  learner_update_s:              8.8766  eval_s:                        0.0000
infer_batch_mean:              0.0000  infer_batch_max:               0.0000  uniform:                       0.0506
proportional:                  0.0565  constant_mix:                  0.5625  pool_power_mix:                0.1875
random_logits:                 0.1429  actor_logits:                  0.0000
[INFO 20:48:30] train t_env: 0 / 30000000 | update: 8 / 3157
[INFO 20:48:30] train Estimated time left: unavailable. Time passed: 1 minutes, 17 seconds
[INFO 20:48:30] train Recent Stats | update: 8 / 3157 | t_env: 0 / 30000000 | stage: regular_only
train_f_c:                     0.4149  train_gini:                    0.2560  train_R_mean:                177.3704
train_payoff_mean:            12.1154  train_pool_grown:             71.0050  train_pool:                   58.8622
loss:                        219.9175  policy_loss:                   0.0144  value_loss:                  219.9030
mean_rollout_reward:          11.9491  entropy:                       1.6094  actor_logit_l2:                0.0138
actor_bc_loss:                 0.0152  actor_bc_coef:                 1.0000  actor_lr:                      0.0001
critic_lr:                     0.0001  replay_size:               43200.0000  replay_demo:                   1.0000
replay_collapse:               0.1992  rollout_sps:                1224.9905  rollout_collect_s:             8.4152
worker_collect_s:              3.7130  env_step_s:                    1.7614  inference_wait_s:              0.0000
infer_build_s:                 0.0000  local_forward_s:               0.0000  action_to_numpy_s:             0.0571
transition_encode_s:           0.3151  stack_transitions_s:           0.0223  shm_serialize_s:               0.0114
shm_deserialize_s:             0.0030  rollout_wait_s:                0.0944  overlap_s:                     7.8122
actor_sync_s:                  0.1284  actor_publish_s:               0.0030  actor_sync_server_s:           0.0000
actor_sync_worker_s:           0.1254  replay_extend_s:               0.0359  replay_sample_s:               0.0045
to_device_s:                   0.0021  critic_update_s:               0.4821  actor_update_s:                0.0000
target_update_s:               0.0000  learner_update_s:              8.8821  eval_s:                        0.0000
infer_batch_mean:              0.0000  infer_batch_max:               0.0000  uniform:                       0.0469
proportional:                  0.0521  constant_mix:                  0.5703  pool_power_mix:                0.1953
random_logits:                 0.1354  actor_logits:                  0.0000
[INFO 20:48:39] train t_env: 0 / 30000000 | update: 9 / 3157
[INFO 20:48:39] train Estimated time left: unavailable. Time passed: 1 minutes, 26 seconds
[INFO 20:48:39] train Recent Stats | update: 9 / 3157 | t_env: 0 / 30000000 | stage: regular_only
train_f_c:                     0.4144  train_gini:                    0.2539  train_R_mean:                176.8556
train_payoff_mean:            12.0753  train_pool_grown:             71.1750  train_pool:                   59.0724
loss:                        199.2204  policy_loss:                   0.0144  value_loss:                  199.2060
mean_rollout_reward:          11.9188  entropy:                       1.6093  actor_logit_l2:                0.0196
actor_bc_loss:                 0.0152  actor_bc_coef:                 1.0000  actor_lr:                      0.0001
critic_lr:                     0.0001  replay_size:               48000.0000  replay_demo:                   1.0000
replay_collapse:               0.1992  rollout_sps:                1206.8705  rollout_collect_s:             8.4847
worker_collect_s:              3.7118  env_step_s:                    1.7700  inference_wait_s:              0.0000
infer_build_s:                 0.0000  local_forward_s:               0.0000  action_to_numpy_s:             0.0569
transition_encode_s:           0.3163  stack_transitions_s:           0.0223  shm_serialize_s:               0.0113
shm_deserialize_s:             0.0027  rollout_wait_s:                0.0931  overlap_s:                     7.9395
actor_sync_s:                  0.1271  actor_publish_s:               0.0029  actor_sync_server_s:           0.0000
actor_sync_worker_s:           0.1242  replay_extend_s:               0.0356  replay_sample_s:               0.0043
to_device_s:                   0.0021  critic_update_s:               0.4785  actor_update_s:                0.0000
target_update_s:               0.0000  learner_update_s:              8.8905  eval_s:                        0.0000
infer_batch_mean:              0.0000  infer_batch_max:               0.0000  uniform:                       0.0463
proportional:                  0.0509  constant_mix:                  0.5625  pool_power_mix:                0.1991
random_logits:                 0.1412  actor_logits:                  0.0000
[INFO 20:48:48] train t_env: 0 / 30000000 | update: 10 / 3157
[INFO 20:48:48] train Estimated time left: unavailable. Time passed: 1 minutes, 36 seconds
[INFO 20:48:48] train Recent Stats | update: 10 / 3157 | t_env: 0 / 30000000 | stage: regular_only
train_f_c:                     0.4049  train_gini:                    0.2522  train_R_mean:                172.4492
train_payoff_mean:            11.7764  train_pool_grown:             69.6012  train_pool:                   57.7990
loss:                        181.8641  policy_loss:                   0.0141  value_loss:                  181.8501
mean_rollout_reward:          11.5995  entropy:                       1.6092  actor_logit_l2:                0.0365
actor_bc_loss:                 0.0149  actor_bc_coef:                 1.0000  actor_lr:                      0.0001
critic_lr:                     0.0001  replay_size:               52800.0000  replay_demo:                   1.0000
replay_collapse:               0.1992  rollout_sps:                1188.8270  rollout_collect_s:             8.5715
worker_collect_s:              3.7045  env_step_s:                    1.7674  inference_wait_s:              0.0000
infer_build_s:                 0.0000  local_forward_s:               0.0000  action_to_numpy_s:             0.0570
transition_encode_s:           0.3156  stack_transitions_s:           0.0221  shm_serialize_s:               0.0113
shm_deserialize_s:             0.0025  rollout_wait_s:                0.0924  overlap_s:                     8.0721
actor_sync_s:                  0.1263  actor_publish_s:               0.0029  actor_sync_server_s:           0.0000
actor_sync_worker_s:           0.1234  replay_extend_s:               0.0356  replay_sample_s:               0.0041
to_device_s:                   0.0021  critic_update_s:               0.4762  actor_update_s:                0.0000
target_update_s:               0.0000  learner_update_s:              8.9280  eval_s:                        0.0000
infer_batch_mean:              0.0000  infer_batch_max:               0.0000  uniform:                       0.0458
proportional:                  0.0521  constant_mix:                  0.5646  pool_power_mix:                0.1938
random_logits:                 0.1437  actor_logits:                  0.0000
[INFO 20:48:57] train t_env: 0 / 30000000 | update: 11 / 3157
[INFO 20:48:57] train Estimated time left: unavailable. Time passed: 1 minutes, 45 seconds
[INFO 20:48:57] train Recent Stats | update: 11 / 3157 | t_env: 0 / 30000000 | stage: regular_only
train_f_c:                     0.4111  train_gini:                    0.2500  train_R_mean:                174.4978
train_payoff_mean:            11.9049  train_pool_grown:             71.2840  train_pool:                   59.3527
loss:                        139.9991  policy_loss:                   0.0136  value_loss:                  139.9855
mean_rollout_reward:          11.7574  entropy:                       1.6086  actor_logit_l2:                0.0775
actor_bc_loss:                 0.0144  actor_bc_coef:                 1.0000  actor_lr:                      0.0001
critic_lr:                     0.0001  replay_size:               62400.0000  replay_demo:                   1.0000
replay_collapse:               0.1992  rollout_sps:                1063.3191  rollout_collect_s:             9.0342
worker_collect_s:              3.7268  env_step_s:                    1.7902  inference_wait_s:              0.0000
infer_build_s:                 0.0000  local_forward_s:               0.0000  action_to_numpy_s:             0.0571
transition_encode_s:           0.3265  stack_transitions_s:           0.0224  shm_serialize_s:               0.0114
shm_deserialize_s:             0.0018  rollout_wait_s:                0.1000  overlap_s:                     8.9342
actor_sync_s:                  0.1231  actor_publish_s:               0.0025  actor_sync_server_s:           0.0000
actor_sync_worker_s:           0.1206  replay_extend_s:               0.0348  replay_sample_s:               0.0042
to_device_s:                   0.0021  critic_update_s:               0.4688  actor_update_s:                0.0000
target_update_s:               0.0000  learner_update_s:              8.9338  eval_s:                        0.0000
infer_batch_mean:              0.0000  infer_batch_max:               0.0000  uniform:                       0.0458
proportional:                  0.0521  constant_mix:                  0.5604  pool_power_mix:                0.2042
random_logits:                 0.1375  actor_logits:                  0.0000
[INFO 20:49:06] train t_env: 0 / 30000000 | update: 12 / 3157
[INFO 20:49:06] train Estimated time left: unavailable. Time passed: 1 minutes, 54 seconds
[INFO 20:49:06] train Recent Stats | update: 12 / 3157 | t_env: 0 / 30000000 | stage: regular_only
train_f_c:                     0.4173  train_gini:                    0.2479  train_R_mean:                177.7265
train_payoff_mean:            12.0866  train_pool_grown:             72.7994  train_pool:                   60.6858
loss:                        102.7891  policy_loss:                   0.0130  value_loss:                  102.7761
mean_rollout_reward:          11.9895  entropy:                       1.6065  actor_logit_l2:                0.1893
actor_bc_loss:                 0.0138  actor_bc_coef:                 1.0000  actor_lr:                      0.0001
critic_lr:                     0.0001  replay_size:               72000.0000  replay_demo:                   1.0000
replay_collapse:               0.1992  rollout_sps:                1066.8021  rollout_collect_s:             9.0035
worker_collect_s:              3.7181  env_step_s:                    1.7861  inference_wait_s:              0.0000
infer_build_s:                 0.0000  local_forward_s:               0.0000  action_to_numpy_s:             0.0572
transition_encode_s:           0.3257  stack_transitions_s:           0.0221  shm_serialize_s:               0.0113
shm_deserialize_s:             0.0019  rollout_wait_s:                0.1000  overlap_s:                     8.9035
actor_sync_s:                  0.1207  actor_publish_s:               0.0025  actor_sync_server_s:           0.0000
actor_sync_worker_s:           0.1181  replay_extend_s:               0.0348  replay_sample_s:               0.0044
to_device_s:                   0.0021  critic_update_s:               0.4691  actor_update_s:                0.0000
target_update_s:               0.0000  learner_update_s:              8.9031  eval_s:                        0.0000
infer_batch_mean:              0.0000  infer_batch_max:               0.0000  uniform:                       0.0417
proportional:                  0.0500  constant_mix:                  0.5521  pool_power_mix:                0.2125
random_logits:                 0.1437  actor_logits:                  0.0000
[INFO 20:49:15] train t_env: 0 / 30000000 | update: 13 / 3157
[INFO 20:49:15] train Estimated time left: unavailable. Time passed: 2 minutes, 3 seconds
[INFO 20:49:15] train Recent Stats | update: 13 / 3157 | t_env: 0 / 30000000 | stage: regular_only
train_f_c:                     0.4230  train_gini:                    0.2519  train_R_mean:                179.5362
train_payoff_mean:            12.2104  train_pool_grown:             73.8189  train_pool:                   61.5811
loss:                         68.6420  policy_loss:                   0.0122  value_loss:                   68.6298
mean_rollout_reward:          12.1044  entropy:                       1.6007  actor_logit_l2:                0.4079
actor_bc_loss:                 0.0130  actor_bc_coef:                 1.0000  actor_lr:                      0.0001
critic_lr:                     0.0001  replay_size:               81600.0000  replay_demo:                   1.0000
replay_collapse:               0.1992  rollout_sps:                1068.9823  rollout_collect_s:             8.9856
worker_collect_s:              3.7345  env_step_s:                    1.7950  inference_wait_s:              0.0000
infer_build_s:                 0.0000  local_forward_s:               0.0000  action_to_numpy_s:             0.0573
transition_encode_s:           0.3275  stack_transitions_s:           0.0222  shm_serialize_s:               0.0113
shm_deserialize_s:             0.0005  rollout_wait_s:                0.0830  overlap_s:                     8.9026
actor_sync_s:                  0.1201  actor_publish_s:               0.0025  actor_sync_server_s:           0.0000
actor_sync_worker_s:           0.1175  replay_extend_s:               0.0346  replay_sample_s:               0.0047
to_device_s:                   0.0021  critic_update_s:               0.4743  actor_update_s:                0.0000
target_update_s:               0.0000  learner_update_s:              8.9022  eval_s:                        0.0000
infer_batch_mean:              0.0000  infer_batch_max:               0.0000  uniform:                       0.0354
proportional:                  0.0542  constant_mix:                  0.5583  pool_power_mix:                0.2146
random_logits:                 0.1375  actor_logits:                  0.0000
[INFO 20:49:25] train t_env: 0 / 30000000 | update: 14 / 3157
[INFO 20:49:25] train Estimated time left: unavailable. Time passed: 2 minutes, 12 seconds
[INFO 20:49:25] train Recent Stats | update: 14 / 3157 | t_env: 0 / 30000000 | stage: regular_only
train_f_c:                     0.4262  train_gini:                    0.2499  train_R_mean:                181.3848
train_payoff_mean:            12.3188  train_pool_grown:             74.6317  train_pool:                   62.2852
loss:                         39.4386  policy_loss:                   0.0113  value_loss:                   39.4273
mean_rollout_reward:          12.2437  entropy:                       1.5883  actor_logit_l2:                0.6430
actor_bc_loss:                 0.0121  actor_bc_coef:                 1.0000  actor_lr:                      0.0001
critic_lr:                     0.0001  replay_size:               91200.0000  replay_demo:                   1.0000
replay_collapse:               0.1992  rollout_sps:                1069.5037  rollout_collect_s:             8.9808
worker_collect_s:              3.7329  env_step_s:                    1.7931  inference_wait_s:              0.0000
infer_build_s:                 0.0000  local_forward_s:               0.0000  action_to_numpy_s:             0.0574
transition_encode_s:           0.3272  stack_transitions_s:           0.0221  shm_serialize_s:               0.0113
shm_deserialize_s:             0.0005  rollout_wait_s:                0.0820  overlap_s:                     8.8988
actor_sync_s:                  0.1180  actor_publish_s:               0.0025  actor_sync_server_s:           0.0000
actor_sync_worker_s:           0.1155  replay_extend_s:               0.0346  replay_sample_s:               0.0050
to_device_s:                   0.0021  critic_update_s:               0.4676  actor_update_s:                0.0000
target_update_s:               0.0000  learner_update_s:              8.8984  eval_s:                        0.0000
infer_batch_mean:              0.0000  infer_batch_max:               0.0000  uniform:                       0.0354
proportional:                  0.0458  constant_mix:                  0.5563  pool_power_mix:                0.2250
random_logits:                 0.1375  actor_logits:                  0.0000
[INFO 20:49:34] train t_env: 0 / 30000000 | update: 15 / 3157
[INFO 20:49:34] train Estimated time left: unavailable. Time passed: 2 minutes, 21 seconds
[INFO 20:49:34] train Recent Stats | update: 15 / 3157 | t_env: 0 / 30000000 | stage: regular_only
train_f_c:                     0.4114  train_gini:                    0.2446  train_R_mean:                174.8374
train_payoff_mean:            11.8840  train_pool_grown:             71.7840  train_pool:                   59.8744
loss:                         30.0185  policy_loss:                   0.0104  value_loss:                   30.0081
mean_rollout_reward:          11.7877  entropy:                       1.5715  actor_logit_l2:                0.8519
actor_bc_loss:                 0.0111  actor_bc_coef:                 1.0000  actor_lr:                      0.0001
critic_lr:                     0.0001  replay_size:              100800.0000  replay_demo:                   1.0000
replay_collapse:               0.1992  rollout_sps:                1066.4975  rollout_collect_s:             9.0059
worker_collect_s:              3.7269  env_step_s:                    1.7898  inference_wait_s:              0.0000
infer_build_s:                 0.0000  local_forward_s:               0.0000  action_to_numpy_s:             0.0572
transition_encode_s:           0.3339  stack_transitions_s:           0.0223  shm_serialize_s:               0.0113
shm_deserialize_s:             0.0005  rollout_wait_s:                0.0820  overlap_s:                     8.9238
actor_sync_s:                  0.1181  actor_publish_s:               0.0025  actor_sync_server_s:           0.0000
actor_sync_worker_s:           0.1156  replay_extend_s:               0.0345  replay_sample_s:               0.0048
to_device_s:                   0.0021  critic_update_s:               0.4740  actor_update_s:                0.0000
target_update_s:               0.0000  learner_update_s:              8.9234  eval_s:                        0.0000
infer_batch_mean:              0.0000  infer_batch_max:               0.0000  uniform:                       0.0458
proportional:                  0.0479  constant_mix:                  0.5500  pool_power_mix:                0.2125
random_logits:                 0.1437  actor_logits:                  0.0000
[INFO 20:49:44] train t_env: 0 / 30000000 | update: 16 / 3157
[INFO 20:49:44] train Estimated time left: unavailable. Time passed: 2 minutes, 31 seconds
[INFO 20:49:44] train Recent Stats | update: 16 / 3157 | t_env: 0 / 30000000 | stage: regular_only
train_f_c:                     0.4216  train_gini:                    0.2539  train_R_mean:                178.2495
train_payoff_mean:            12.1252  train_pool_grown:             73.7723  train_pool:                   61.6202
loss:                         26.7808  policy_loss:                   0.0095  value_loss:                   26.7714
mean_rollout_reward:          11.9999  entropy:                       1.5561  actor_logit_l2:                0.9333
actor_bc_loss:                 0.0102  actor_bc_coef:                 1.0000  actor_lr:                      0.0001
critic_lr:                     0.0001  replay_size:              110400.0000  replay_demo:                   1.0000
replay_collapse:               0.1992  rollout_sps:                1057.9650  rollout_collect_s:             9.0813
worker_collect_s:              3.7263  env_step_s:                    1.7889  inference_wait_s:              0.0000
infer_build_s:                 0.0000  local_forward_s:               0.0000  action_to_numpy_s:             0.0574
transition_encode_s:           0.3289  stack_transitions_s:           0.0223  shm_serialize_s:               0.0113
shm_deserialize_s:             0.0005  rollout_wait_s:                0.0806  overlap_s:                     9.0007
actor_sync_s:                  0.1180  actor_publish_s:               0.0024  actor_sync_server_s:           0.0000
actor_sync_worker_s:           0.1155  replay_extend_s:               0.0340  replay_sample_s:               0.0042
to_device_s:                   0.0021  critic_update_s:               0.4791  actor_update_s:                0.0000
target_update_s:               0.0000  learner_update_s:              9.0002  eval_s:                        0.0000
infer_batch_mean:              0.0000  infer_batch_max:               0.0000  uniform:                       0.0354
proportional:                  0.0479  constant_mix:                  0.5479  pool_power_mix:                0.2250
random_logits:                 0.1437  actor_logits:                  0.0000
[INFO 20:49:53] train t_env: 0 / 30000000 | update: 17 / 3157
[INFO 20:49:53] train Estimated time left: unavailable. Time passed: 2 minutes, 40 seconds
[INFO 20:49:53] train Recent Stats | update: 17 / 3157 | t_env: 0 / 30000000 | stage: regular_only
train_f_c:                     0.4095  train_gini:                    0.2483  train_R_mean:                173.2681
train_payoff_mean:            11.7899  train_pool_grown:             71.4528  train_pool:                   59.6382
loss:                         24.4444  policy_loss:                   0.0085  value_loss:                   24.4358
mean_rollout_reward:          11.6591  entropy:                       1.5435  actor_logit_l2:                0.9789
actor_bc_loss:                 0.0093  actor_bc_coef:                 1.0000  actor_lr:                      0.0001
critic_lr:                     0.0001  replay_size:              120000.0000  replay_demo:                   1.0000
replay_collapse:               0.1992  rollout_sps:                1054.1899  rollout_collect_s:             9.1135
worker_collect_s:              3.7165  env_step_s:                    1.7868  inference_wait_s:              0.0000
infer_build_s:                 0.0000  local_forward_s:               0.0000  action_to_numpy_s:             0.0575
transition_encode_s:           0.3292  stack_transitions_s:           0.0223  shm_serialize_s:               0.0113
shm_deserialize_s:             0.0006  rollout_wait_s:                0.0808  overlap_s:                     9.0327
actor_sync_s:                  0.1190  actor_publish_s:               0.0025  actor_sync_server_s:           0.0000
actor_sync_worker_s:           0.1166  replay_extend_s:               0.0339  replay_sample_s:               0.0041
to_device_s:                   0.0021  critic_update_s:               0.4813  actor_update_s:                0.0000
target_update_s:               0.0000  learner_update_s:              9.0323  eval_s:                        0.0000
infer_batch_mean:              0.0000  infer_batch_max:               0.0000  uniform:                       0.0417
proportional:                  0.0437  constant_mix:                  0.5458  pool_power_mix:                0.2188
random_logits:                 0.1500  actor_logits:                  0.0000
[INFO 20:50:02] train t_env: 0 / 30000000 | update: 18 / 3157
[INFO 20:50:02] train Estimated time left: unavailable. Time passed: 2 minutes, 49 seconds
[INFO 20:50:02] train Recent Stats | update: 18 / 3157 | t_env: 0 / 30000000 | stage: regular_only
train_f_c:                     0.4044  train_gini:                    0.2459  train_R_mean:                171.5749
train_payoff_mean:            11.6817  train_pool_grown:             69.9487  train_pool:                   58.2433
loss:                         22.6818  policy_loss:                   0.0076  value_loss:                   22.6742
mean_rollout_reward:          11.5481  entropy:                       1.5325  actor_logit_l2:                1.0351
actor_bc_loss:                 0.0083  actor_bc_coef:                 1.0000  actor_lr:                      0.0001
critic_lr:                     0.0001  replay_size:              129600.0000  replay_demo:                   1.0000
replay_collapse:               0.1992  rollout_sps:                1054.8523  rollout_collect_s:             9.1080
worker_collect_s:              3.7058  env_step_s:                    1.7876  inference_wait_s:              0.0000
infer_build_s:                 0.0000  local_forward_s:               0.0000  action_to_numpy_s:             0.0572
transition_encode_s:           0.3292  stack_transitions_s:           0.0223  shm_serialize_s:               0.0113
shm_deserialize_s:             0.0006  rollout_wait_s:                0.0799  overlap_s:                     9.0280
actor_sync_s:                  0.1193  actor_publish_s:               0.0024  actor_sync_server_s:           0.0000
actor_sync_worker_s:           0.1169  replay_extend_s:               0.0338  replay_sample_s:               0.0037
to_device_s:                   0.0020  critic_update_s:               0.4920  actor_update_s:                0.0000
target_update_s:               0.0000  learner_update_s:              9.0276  eval_s:                        0.0000
infer_batch_mean:              0.0000  infer_batch_max:               0.0000  uniform:                       0.0396
proportional:                  0.0458  constant_mix:                  0.5500  pool_power_mix:                0.2083
random_logits:                 0.1562  actor_logits:                  0.0000
[INFO 20:50:11] train t_env: 0 / 30000000 | update: 19 / 3157
[INFO 20:50:11] train Estimated time left: unavailable. Time passed: 2 minutes, 59 seconds
[INFO 20:50:11] train Recent Stats | update: 19 / 3157 | t_env: 0 / 30000000 | stage: regular_only
train_f_c:                     0.4098  train_gini:                    0.2456  train_R_mean:                174.0477
train_payoff_mean:            11.8298  train_pool_grown:             71.0789  train_pool:                   59.2248
loss:                         21.2661  policy_loss:                   0.0067  value_loss:                   21.2595
mean_rollout_reward:          11.7236  entropy:                       1.5204  actor_logit_l2:                1.1026
actor_bc_loss:                 0.0074  actor_bc_coef:                 1.0000  actor_lr:                      0.0001
critic_lr:                     0.0001  replay_size:              139200.0000  replay_demo:                   1.0000
replay_collapse:               0.1992  rollout_sps:                1053.6516  rollout_collect_s:             9.1183
worker_collect_s:              3.7017  env_step_s:                    1.7790  inference_wait_s:              0.0000
infer_build_s:                 0.0000  local_forward_s:               0.0000  action_to_numpy_s:             0.0573
transition_encode_s:           0.3340  stack_transitions_s:           0.0223  shm_serialize_s:               0.0114
shm_deserialize_s:             0.0006  rollout_wait_s:                0.0788  overlap_s:                     9.0396
actor_sync_s:                  0.1218  actor_publish_s:               0.0024  actor_sync_server_s:           0.0000
actor_sync_worker_s:           0.1194  replay_extend_s:               0.0335  replay_sample_s:               0.0038
to_device_s:                   0.0021  critic_update_s:               0.4989  actor_update_s:                0.0000
target_update_s:               0.0000  learner_update_s:              9.0392  eval_s:                        0.0000
infer_batch_mean:              0.0000  infer_batch_max:               0.0000  uniform:                       0.0375
proportional:                  0.0479  constant_mix:                  0.5438  pool_power_mix:                0.2125
random_logits:                 0.1583  actor_logits:                  0.0000
[INFO 20:50:21] train t_env: 0 / 30000000 | update: 20 / 3157
[INFO 20:50:21] train Estimated time left: unavailable. Time passed: 3 minutes, 8 seconds
[INFO 20:50:21] train Recent Stats | update: 20 / 3157 | t_env: 0 / 30000000 | stage: regular_only
train_f_c:                     0.4137  train_gini:                    0.2437  train_R_mean:                176.1183
train_payoff_mean:            11.9683  train_pool_grown:             71.5855  train_pool:                   59.5920
loss:                         20.1685  policy_loss:                   0.0060  value_loss:                   20.1625
mean_rollout_reward:          11.8862  entropy:                       1.5072  actor_logit_l2:                1.1595
actor_bc_loss:                 0.0067  actor_bc_coef:                 1.0000  actor_lr:                      0.0001
critic_lr:                     0.0001  replay_size:              148800.0000  replay_demo:                   1.0000
replay_collapse:               0.1992  rollout_sps:                1057.4414  rollout_collect_s:             9.0850
worker_collect_s:              3.7074  env_step_s:                    1.7784  inference_wait_s:              0.0000
infer_build_s:                 0.0000  local_forward_s:               0.0000  action_to_numpy_s:             0.0572
transition_encode_s:           0.3341  stack_transitions_s:           0.0225  shm_serialize_s:               0.0114
shm_deserialize_s:             0.0006  rollout_wait_s:                0.0787  overlap_s:                     9.0063
actor_sync_s:                  0.1237  actor_publish_s:               0.0024  actor_sync_server_s:           0.0000
actor_sync_worker_s:           0.1213  replay_extend_s:               0.0334  replay_sample_s:               0.0044
to_device_s:                   0.0021  critic_update_s:               0.5060  actor_update_s:                0.0000
target_update_s:               0.0000  learner_update_s:              9.0059  eval_s:                        0.0000
infer_batch_mean:              0.0000  infer_batch_max:               0.0000  uniform:                       0.0479
proportional:                  0.0458  constant_mix:                  0.5417  pool_power_mix:                0.2146
random_logits:                 0.1500  actor_logits:                  0.0000
[INFO 20:50:30] train t_env: 0 / 30000000 | update: 21 / 3157
[INFO 20:50:30] train Estimated time left: unavailable. Time passed: 3 minutes, 17 seconds
[INFO 20:50:30] train Recent Stats | update: 21 / 3157 | t_env: 0 / 30000000 | stage: regular_only
train_f_c:                     0.4054  train_gini:                    0.2447  train_R_mean:                172.3771
train_payoff_mean:            11.7202  train_pool_grown:             69.8729  train_pool:                   58.1284
loss:                         18.7882  policy_loss:                   0.0053  value_loss:                   18.7829
mean_rollout_reward:          11.6063  entropy:                       1.4938  actor_logit_l2:                1.1860
actor_bc_loss:                 0.0060  actor_bc_coef:                 1.0000  actor_lr:                      0.0001
critic_lr:                     0.0001  replay_size:              158400.0000  replay_demo:                   1.0000
replay_collapse:               0.1992  rollout_sps:                1054.6818  rollout_collect_s:             9.1073
worker_collect_s:              3.6962  env_step_s:                    1.7757  inference_wait_s:              0.0000
infer_build_s:                 0.0000  local_forward_s:               0.0000  action_to_numpy_s:             0.0571
transition_encode_s:           0.3269  stack_transitions_s:           0.0221  shm_serialize_s:               0.0113
shm_deserialize_s:             0.0005  rollout_wait_s:                0.0793  overlap_s:                     9.0280
actor_sync_s:                  0.1247  actor_publish_s:               0.0023  actor_sync_server_s:           0.0000
actor_sync_worker_s:           0.1224  replay_extend_s:               0.0335  replay_sample_s:               0.0048
to_device_s:                   0.0021  critic_update_s:               0.5088  actor_update_s:                0.0000
target_update_s:               0.0000  learner_update_s:              9.0276  eval_s:                        0.0000
infer_batch_mean:              0.0000  infer_batch_max:               0.0000  uniform:                       0.0521
proportional:                  0.0437  constant_mix:                  0.5417  pool_power_mix:                0.2104
random_logits:                 0.1521  actor_logits:                  0.0000
[INFO 20:50:39] train t_env: 0 / 30000000 | update: 22 / 3157
[INFO 20:50:39] train Estimated time left: unavailable. Time passed: 3 minutes, 26 seconds
[INFO 20:50:39] train Recent Stats | update: 22 / 3157 | t_env: 0 / 30000000 | stage: regular_only
train_f_c:                     0.3984  train_gini:                    0.2483  train_R_mean:                169.3629
train_payoff_mean:            11.5623  train_pool_grown:             67.8810  train_pool:                   56.2957
loss:                         18.2572  policy_loss:                   0.0049  value_loss:                   18.2524
mean_rollout_reward:          11.3874  entropy:                       1.4831  actor_logit_l2:                1.1381
actor_bc_loss:                 0.0056  actor_bc_coef:                 1.0000  actor_lr:                      0.0001
critic_lr:                     0.0001  replay_size:              168000.0000  replay_demo:                   1.0000
replay_collapse:               0.1992  rollout_sps:                1053.6807  rollout_collect_s:             9.1159
worker_collect_s:              3.7073  env_step_s:                    1.7742  inference_wait_s:              0.0000
infer_build_s:                 0.0000  local_forward_s:               0.0000  action_to_numpy_s:             0.0573
transition_encode_s:           0.3272  stack_transitions_s:           0.0221  shm_serialize_s:               0.0113
shm_deserialize_s:             0.0005  rollout_wait_s:                0.0789  overlap_s:                     9.0371
actor_sync_s:                  0.1269  actor_publish_s:               0.0023  actor_sync_server_s:           0.0000
actor_sync_worker_s:           0.1246  replay_extend_s:               0.0334  replay_sample_s:               0.0046
to_device_s:                   0.0021  critic_update_s:               0.5040  actor_update_s:                0.0000
target_update_s:               0.0000  learner_update_s:              9.0366  eval_s:                        0.0000
infer_batch_mean:              0.0000  infer_batch_max:               0.0000  uniform:                       0.0542
proportional:                  0.0396  constant_mix:                  0.5646  pool_power_mix:                0.2021
random_logits:                 0.1396  actor_logits:                  0.0000
[INFO 20:50:47] train t_env: 0 / 30000000 | update: 23 / 3157
[INFO 20:50:47] train Estimated time left: unavailable. Time passed: 3 minutes, 35 seconds
[INFO 20:50:47] train Recent Stats | update: 23 / 3157 | t_env: 0 / 30000000 | stage: regular_only
train_f_c:                     0.4002  train_gini:                    0.2551  train_R_mean:                170.1268
train_payoff_mean:            11.6362  train_pool_grown:             67.8905  train_pool:                   56.2304
loss:                         17.9349  policy_loss:                   0.0045  value_loss:                   17.9304
mean_rollout_reward:          11.4212  entropy:                       1.4760  actor_logit_l2:                0.9686
actor_bc_loss:                 0.0052  actor_bc_coef:                 1.0000  actor_lr:                      0.0001
critic_lr:                     0.0001  replay_size:              177600.0000  replay_demo:                   1.0000
replay_collapse:               0.1992  rollout_sps:                1056.9642  rollout_collect_s:             9.0902
worker_collect_s:              3.7154  env_step_s:                    1.7716  inference_wait_s:              0.0000
infer_build_s:                 0.0000  local_forward_s:               0.0000  action_to_numpy_s:             0.0573
transition_encode_s:           0.3336  stack_transitions_s:           0.0219  shm_serialize_s:               0.0113
shm_deserialize_s:             0.0005  rollout_wait_s:                0.0791  overlap_s:                     9.0111
actor_sync_s:                  0.1251  actor_publish_s:               0.0024  actor_sync_server_s:           0.0000
actor_sync_worker_s:           0.1227  replay_extend_s:               0.0336  replay_sample_s:               0.0043
to_device_s:                   0.0021  critic_update_s:               0.5012  actor_update_s:                0.0000
target_update_s:               0.0000  learner_update_s:              9.0106  eval_s:                        0.0000
infer_batch_mean:              0.0000  infer_batch_max:               0.0000  uniform:                       0.0542
proportional:                  0.0396  constant_mix:                  0.5708  pool_power_mix:                0.2000
random_logits:                 0.1354  actor_logits:                  0.0000
[INFO 20:50:56] train t_env: 0 / 30000000 | update: 24 / 3157
[INFO 20:50:56] train Estimated time left: unavailable. Time passed: 3 minutes, 44 seconds
[INFO 20:50:56] train Recent Stats | update: 24 / 3157 | t_env: 0 / 30000000 | stage: regular_only
train_f_c:                     0.3956  train_gini:                    0.2580  train_R_mean:                167.8053
train_payoff_mean:            11.5030  train_pool_grown:             66.9967  train_pool:                   55.4702
loss:                         17.2549  policy_loss:                   0.0043  value_loss:                   17.2506
mean_rollout_reward:          11.2463  entropy:                       1.4757  actor_logit_l2:                0.7784
actor_bc_loss:                 0.0050  actor_bc_coef:                 1.0000  actor_lr:                      0.0001
critic_lr:                     0.0001  replay_size:              187200.0000  replay_demo:                   1.0000
replay_collapse:               0.1992  rollout_sps:                1064.3392  rollout_collect_s:             9.0280
worker_collect_s:              3.7151  env_step_s:                    1.7721  inference_wait_s:              0.0000
infer_build_s:                 0.0000  local_forward_s:               0.0000  action_to_numpy_s:             0.0573
transition_encode_s:           0.3335  stack_transitions_s:           0.0220  shm_serialize_s:               0.0113
shm_deserialize_s:             0.0005  rollout_wait_s:                0.0789  overlap_s:                     8.9491
actor_sync_s:                  0.1256  actor_publish_s:               0.0024  actor_sync_server_s:           0.0000
actor_sync_worker_s:           0.1233  replay_extend_s:               0.0335  replay_sample_s:               0.0042
to_device_s:                   0.0021  critic_update_s:               0.4983  actor_update_s:                0.0000
target_update_s:               0.0000  learner_update_s:              8.9486  eval_s:                        0.0000
infer_batch_mean:              0.0000  infer_batch_max:               0.0000  uniform:                       0.0521
proportional:                  0.0396  constant_mix:                  0.5750  pool_power_mix:                0.1958
random_logits:                 0.1375  actor_logits:                  0.0000
[INFO 20:51:06] train t_env: 0 / 30000000 | update: 25 / 3157
[INFO 20:51:06] train Estimated time left: unavailable. Time passed: 3 minutes, 53 seconds
[INFO 20:51:06] train Recent Stats | update: 25 / 3157 | t_env: 0 / 30000000 | stage: regular_only
train_f_c:                     0.4002  train_gini:                    0.2593  train_R_mean:                169.3450
train_payoff_mean:            11.5996  train_pool_grown:             68.2955  train_pool:                   56.6721
loss:                         16.1030  policy_loss:                   0.0042  value_loss:                   16.0988
mean_rollout_reward:          11.3503  entropy:                       1.4792  actor_logit_l2:                0.6114
actor_bc_loss:                 0.0049  actor_bc_coef:                 1.0000  actor_lr:                      0.0001
critic_lr:                     0.0001  replay_size:              196800.0000  replay_demo:                   1.0000
replay_collapse:               0.1992  rollout_sps:                1059.0399  rollout_collect_s:             9.0758
worker_collect_s:              3.6971  env_step_s:                    1.7704  inference_wait_s:              0.0000
infer_build_s:                 0.0000  local_forward_s:               0.0000  action_to_numpy_s:             0.0573
transition_encode_s:           0.3260  stack_transitions_s:           0.0221  shm_serialize_s:               0.0114
shm_deserialize_s:             0.0005  rollout_wait_s:                0.0788  overlap_s:                     8.9970
actor_sync_s:                  0.1257  actor_publish_s:               0.0023  actor_sync_server_s:           0.0000
actor_sync_worker_s:           0.1233  replay_extend_s:               0.0336  replay_sample_s:               0.0049
to_device_s:                   0.0021  critic_update_s:               0.4950  actor_update_s:                0.0000
target_update_s:               0.0000  learner_update_s:              8.9965  eval_s:                        0.0000
infer_batch_mean:              0.0000  infer_batch_max:               0.0000  uniform:                       0.0417
proportional:                  0.0417  constant_mix:                  0.5667  pool_power_mix:                0.2021
random_logits:                 0.1479  actor_logits:                  0.0000
[INFO 20:51:15] train t_env: 0 / 30000000 | update: 26 / 3157
[INFO 20:51:15] train Estimated time left: unavailable. Time passed: 4 minutes, 2 seconds
[INFO 20:51:15] train Recent Stats | update: 26 / 3157 | t_env: 0 / 30000000 | stage: regular_only
train_f_c:                     0.3888  train_gini:                    0.2481  train_R_mean:                166.5501
train_payoff_mean:            11.3930  train_pool_grown:             65.8259  train_pool:                   54.4107
loss:                         14.9842  policy_loss:                   0.0041  value_loss:                   14.9801
mean_rollout_reward:          11.1897  entropy:                       1.4815  actor_logit_l2:                0.5686
actor_bc_loss:                 0.0048  actor_bc_coef:                 1.0000  actor_lr:                      0.0001
critic_lr:                     0.0001  replay_size:              206400.0000  replay_demo:                   1.0000
replay_collapse:               0.1992  rollout_sps:                1067.5599  rollout_collect_s:             9.0005
worker_collect_s:              3.6879  env_step_s:                    1.7698  inference_wait_s:              0.0000
infer_build_s:                 0.0000  local_forward_s:               0.0000  action_to_numpy_s:             0.0571
transition_encode_s:           0.3262  stack_transitions_s:           0.0223  shm_serialize_s:               0.0115
shm_deserialize_s:             0.0005  rollout_wait_s:                0.0788  overlap_s:                     8.9217
actor_sync_s:                  0.1260  actor_publish_s:               0.0024  actor_sync_server_s:           0.0000
actor_sync_worker_s:           0.1237  replay_extend_s:               0.0339  replay_sample_s:               0.0054
to_device_s:                   0.0021  critic_update_s:               0.4994  actor_update_s:                0.0000
target_update_s:               0.0000  learner_update_s:              8.9212  eval_s:                        0.0000
infer_batch_mean:              0.0000  infer_batch_max:               0.0000  uniform:                       0.0563
proportional:                  0.0396  constant_mix:                  0.5646  pool_power_mix:                0.1854
random_logits:                 0.1542  actor_logits:                  0.0000
[INFO 20:51:24] train t_env: 0 / 30000000 | update: 27 / 3157
[INFO 20:51:24] train Estimated time left: unavailable. Time passed: 4 minutes, 12 seconds
[INFO 20:51:24] train Recent Stats | update: 27 / 3157 | t_env: 0 / 30000000 | stage: regular_only
train_f_c:                     0.3898  train_gini:                    0.2526  train_R_mean:                167.5573
train_payoff_mean:            11.4759  train_pool_grown:             65.5156  train_pool:                   54.0170
loss:                         14.5454  policy_loss:                   0.0040  value_loss:                   14.5414
mean_rollout_reward:          11.2496  entropy:                       1.4817  actor_logit_l2:                0.5600
actor_bc_loss:                 0.0047  actor_bc_coef:                 1.0000  actor_lr:                      0.0001
critic_lr:                     0.0001  replay_size:              216000.0000  replay_demo:                   1.0000
replay_collapse:               0.1992  rollout_sps:                1069.9283  rollout_collect_s:             8.9799
worker_collect_s:              3.7051  env_step_s:                    1.7736  inference_wait_s:              0.0000
infer_build_s:                 0.0000  local_forward_s:               0.0000  action_to_numpy_s:             0.0571
transition_encode_s:           0.3268  stack_transitions_s:           0.0224  shm_serialize_s:               0.0115
shm_deserialize_s:             0.0005  rollout_wait_s:                0.0794  overlap_s:                     8.9005
actor_sync_s:                  0.1257  actor_publish_s:               0.0023  actor_sync_server_s:           0.0000
actor_sync_worker_s:           0.1234  replay_extend_s:               0.0342  replay_sample_s:               0.0057
to_device_s:                   0.0021  critic_update_s:               0.4904  actor_update_s:                0.0000
target_update_s:               0.0000  learner_update_s:              8.9001  eval_s:                        0.0000
infer_batch_mean:              0.0000  infer_batch_max:               0.0000  uniform:                       0.0583
proportional:                  0.0396  constant_mix:                  0.5812  pool_power_mix:                0.1792
random_logits:                 0.1417  actor_logits:                  0.0000
[INFO 20:51:34] train t_env: 0 / 30000000 | update: 28 / 3157
[INFO 20:51:34] train Estimated time left: unavailable. Time passed: 4 minutes, 21 seconds
[INFO 20:51:34] train Recent Stats | update: 28 / 3157 | t_env: 0 / 30000000 | stage: regular_only
train_f_c:                     0.3926  train_gini:                    0.2525  train_R_mean:                167.5308
train_payoff_mean:            11.4615  train_pool_grown:             66.6593  train_pool:                   55.1744
loss:                         13.8341  policy_loss:                   0.0039  value_loss:                   13.8302
mean_rollout_reward:          11.2416  entropy:                       1.4798  actor_logit_l2:                0.5390
actor_bc_loss:                 0.0046  actor_bc_coef:                 1.0000  actor_lr:                      0.0001
critic_lr:                     0.0001  replay_size:              225600.0000  replay_demo:                   1.0000
replay_collapse:               0.1992  rollout_sps:                1065.8555  rollout_collect_s:             9.0153
worker_collect_s:              3.7075  env_step_s:                    1.7690  inference_wait_s:              0.0000
infer_build_s:                 0.0000  local_forward_s:               0.0000  action_to_numpy_s:             0.0570
transition_encode_s:           0.3324  stack_transitions_s:           0.0224  shm_serialize_s:               0.0115
shm_deserialize_s:             0.0005  rollout_wait_s:                0.0799  overlap_s:                     8.9354
actor_sync_s:                  0.1258  actor_publish_s:               0.0024  actor_sync_server_s:           0.0000
actor_sync_worker_s:           0.1234  replay_extend_s:               0.0338  replay_sample_s:               0.0060
to_device_s:                   0.0021  critic_update_s:               0.4847  actor_update_s:                0.0000
target_update_s:               0.0000  learner_update_s:              8.9349  eval_s:                        0.0000
infer_batch_mean:              0.0000  infer_batch_max:               0.0000  uniform:                       0.0604
proportional:                  0.0458  constant_mix:                  0.5646  pool_power_mix:                0.1854
random_logits:                 0.1437  actor_logits:                  0.0000
[INFO 20:51:43] train t_env: 0 / 30000000 | update: 29 / 3157
[INFO 20:51:43] train Estimated time left: unavailable. Time passed: 4 minutes, 30 seconds
[INFO 20:51:43] train Recent Stats | update: 29 / 3157 | t_env: 0 / 30000000 | stage: regular_only
train_f_c:                     0.3829  train_gini:                    0.2490  train_R_mean:                163.8475
train_payoff_mean:            11.2266  train_pool_grown:             64.6207  train_pool:                   53.3719
loss:                         13.2399  policy_loss:                   0.0038  value_loss:                   13.2362
mean_rollout_reward:          10.9930  entropy:                       1.4793  actor_logit_l2:                0.5023
actor_bc_loss:                 0.0045  actor_bc_coef:                 1.0000  actor_lr:                      0.0001
critic_lr:                     0.0001  replay_size:              235200.0000  replay_demo:                   1.0000
replay_collapse:               0.1992  rollout_sps:                1067.6948  rollout_collect_s:             8.9996
worker_collect_s:              3.7098  env_step_s:                    1.7725  inference_wait_s:              0.0000
infer_build_s:                 0.0000  local_forward_s:               0.0000  action_to_numpy_s:             0.0570
transition_encode_s:           0.3266  stack_transitions_s:           0.0224  shm_serialize_s:               0.0114
shm_deserialize_s:             0.0005  rollout_wait_s:                0.0809  overlap_s:                     8.9186
actor_sync_s:                  0.1226  actor_publish_s:               0.0024  actor_sync_server_s:           0.0000
actor_sync_worker_s:           0.1202  replay_extend_s:               0.0343  replay_sample_s:               0.0063
to_device_s:                   0.0021  critic_update_s:               0.4875  actor_update_s:                0.0000
target_update_s:               0.0000  learner_update_s:              8.9181  eval_s:                        0.0000
infer_batch_mean:              0.0000  infer_batch_max:               0.0000  uniform:                       0.0667
proportional:                  0.0437  constant_mix:                  0.5750  pool_power_mix:                0.1750
random_logits:                 0.1396  actor_logits:                  0.0000
[INFO 20:51:52] train t_env: 0 / 30000000 | update: 30 / 3157
[INFO 20:51:52] train Estimated time left: unavailable. Time passed: 4 minutes, 39 seconds
[INFO 20:51:52] train Recent Stats | update: 30 / 3157 | t_env: 0 / 30000000 | stage: regular_only
train_f_c:                     0.3947  train_gini:                    0.2540  train_R_mean:                168.7179
train_payoff_mean:            11.5384  train_pool_grown:             66.9981  train_pool:                   55.4365
loss:                         12.6802  policy_loss:                   0.0037  value_loss:                   12.6765
mean_rollout_reward:          11.3205  entropy:                       1.4797  actor_logit_l2:                0.4663
actor_bc_loss:                 0.0044  actor_bc_coef:                 1.0000  actor_lr:                      0.0001
critic_lr:                     0.0001  replay_size:              244800.0000  replay_demo:                   1.0000
replay_collapse:               0.1992  rollout_sps:                1069.1625  rollout_collect_s:             8.9873
worker_collect_s:              3.7205  env_step_s:                    1.7811  inference_wait_s:              0.0000
infer_build_s:                 0.0000  local_forward_s:               0.0000  action_to_numpy_s:             0.0571
transition_encode_s:           0.3278  stack_transitions_s:           0.0225  shm_serialize_s:               0.0115
shm_deserialize_s:             0.0005  rollout_wait_s:                0.0803  overlap_s:                     8.9070
actor_sync_s:                  0.1206  actor_publish_s:               0.0024  actor_sync_server_s:           0.0000
actor_sync_worker_s:           0.1182  replay_extend_s:               0.0342  replay_sample_s:               0.0066
to_device_s:                   0.0021  critic_update_s:               0.4817  actor_update_s:                0.0000
target_update_s:               0.0000  learner_update_s:              8.9064  eval_s:                        0.0000
infer_batch_mean:              0.0000  infer_batch_max:               0.0000  uniform:                       0.0562
proportional:                  0.0542  constant_mix:                  0.5708  pool_power_mix:                0.1771
random_logits:                 0.1417  actor_logits:                  0.0000
[INFO 20:52:00] train t_env: 0 / 30000000 | update: 31 / 3157
[INFO 20:52:00] train Estimated time left: unavailable. Time passed: 4 minutes, 48 seconds
[INFO 20:52:00] train Recent Stats | update: 31 / 3157 | t_env: 0 / 30000000 | stage: regular_only
train_f_c:                     0.3913  train_gini:                    0.2480  train_R_mean:                167.8498
train_payoff_mean:            11.4658  train_pool_grown:             66.3915  train_pool:                   54.9031
loss:                         12.4112  policy_loss:                   0.0036  value_loss:                   12.4076
mean_rollout_reward:          11.2794  entropy:                       1.4809  actor_logit_l2:                0.4351
actor_bc_loss:                 0.0043  actor_bc_coef:                 1.0000  actor_lr:                      0.0001
critic_lr:                     0.0001  replay_size:              254400.0000  replay_demo:                   1.0000
replay_collapse:               0.1992  rollout_sps:                1073.9370  rollout_collect_s:             8.9494
worker_collect_s:              3.7106  env_step_s:                    1.7812  inference_wait_s:              0.0000
infer_build_s:                 0.0000  local_forward_s:               0.0000  action_to_numpy_s:             0.0570
transition_encode_s:           0.3278  stack_transitions_s:           0.0228  shm_serialize_s:               0.0116
shm_deserialize_s:             0.0005  rollout_wait_s:                0.0801  overlap_s:                     8.8693
actor_sync_s:                  0.1200  actor_publish_s:               0.0024  actor_sync_server_s:           0.0000
actor_sync_worker_s:           0.1176  replay_extend_s:               0.0340  replay_sample_s:               0.0067
to_device_s:                   0.0021  critic_update_s:               0.4893  actor_update_s:                0.0000
target_update_s:               0.0000  learner_update_s:              8.8688  eval_s:                        0.0000
infer_batch_mean:              0.0000  infer_batch_max:               0.0000  uniform:                       0.0563
proportional:                  0.0583  constant_mix:                  0.5667  pool_power_mix:                0.1688
random_logits:                 0.1500  actor_logits:                  0.0000
[INFO 20:52:09] train t_env: 0 / 30000000 | update: 32 / 3157
[INFO 20:52:09] train Estimated time left: unavailable. Time passed: 4 minutes, 57 seconds
[INFO 20:52:09] train Recent Stats | update: 32 / 3157 | t_env: 0 / 30000000 | stage: regular_only
train_f_c:                     0.3952  train_gini:                    0.2470  train_R_mean:                168.4158
train_payoff_mean:            11.4745  train_pool_grown:             67.8060  train_pool:                   56.3083
loss:                         12.2535  policy_loss:                   0.0035  value_loss:                   12.2500
mean_rollout_reward:          11.3115  entropy:                       1.4806  actor_logit_l2:                0.4103
actor_bc_loss:                 0.0042  actor_bc_coef:                 1.0000  actor_lr:                      0.0001
critic_lr:                     0.0001  replay_size:              264000.0000  replay_demo:                   1.0000
replay_collapse:               0.1992  rollout_sps:                1077.0549  rollout_collect_s:             8.9231
worker_collect_s:              3.7135  env_step_s:                    1.7854  inference_wait_s:              0.0000
infer_build_s:                 0.0000  local_forward_s:               0.0000  action_to_numpy_s:             0.0567
transition_encode_s:           0.3344  stack_transitions_s:           0.0227  shm_serialize_s:               0.0116
shm_deserialize_s:             0.0005  rollout_wait_s:                0.0814  overlap_s:                     8.8417
actor_sync_s:                  0.1183  actor_publish_s:               0.0024  actor_sync_server_s:           0.0000
actor_sync_worker_s:           0.1158  replay_extend_s:               0.0342  replay_sample_s:               0.0068
to_device_s:                   0.0020  critic_update_s:               0.4878  actor_update_s:                0.0000
target_update_s:               0.0000  learner_update_s:              8.8412  eval_s:                        0.0000
infer_batch_mean:              0.0000  infer_batch_max:               0.0000  uniform:                       0.0542
proportional:                  0.0604  constant_mix:                  0.5479  pool_power_mix:                0.1812
random_logits:                 0.1562  actor_logits:                  0.0000
[INFO 20:52:21] train t_env: 9600 / 30000000 | update: 33 / 3157
[INFO 20:52:21] train Estimated time left: 267 hours, 19 minutes, 16 seconds. Time passed: 5 minutes, 8 seconds
[INFO 20:52:21] train Recent Stats | update: 33 / 3157 | t_env: 9600 / 30000000 | stage: regular_only
train_f_c:                     0.4074  train_gini:                    0.2499  train_R_mean:                179.1329
train_payoff_mean:            12.2095  train_pool_grown:             68.4000  train_pool:                   56.1621
loss:                          9.7596  policy_loss:                  -1.4004  value_loss:                   11.1599
mean_rollout_reward:          12.0977  entropy:                       1.4674  actor_logit_l2:                0.5762
actor_bc_loss:                 0.0040  actor_bc_coef:                 0.9250  actor_lr:                      0.0001
critic_lr:                     0.0001  replay_size:              273600.0000  replay_demo:                   1.0000
replay_collapse:               0.1992  rollout_sps:                1050.3823  rollout_collect_s:             9.1886
worker_collect_s:              4.4311  env_step_s:                    1.7848  inference_wait_s:              0.0000
infer_build_s:                 0.0000  local_forward_s:               0.7498  action_to_numpy_s:             0.0603
transition_encode_s:           0.3265  stack_transitions_s:           0.0228  shm_serialize_s:               0.0116
shm_deserialize_s:             0.0006  rollout_wait_s:                0.3067  overlap_s:                     8.8819
actor_sync_s:                  0.1188  actor_publish_s:               0.0023  actor_sync_server_s:           0.0000
actor_sync_worker_s:           0.1165  replay_extend_s:               0.0349  replay_sample_s:               0.0067
to_device_s:                   0.0020  critic_update_s:               0.4875  actor_update_s:                0.0000
target_update_s:               0.0000  learner_update_s:              8.8814  eval_s:                        0.0000
infer_batch_mean:              0.4000  infer_batch_max:               0.4000  uniform:                       0.0500
proportional:                  0.0521  constant_mix:                  0.4938  pool_power_mix:                0.1604
random_logits:                 0.1437  actor_logits:                  0.1000
[INFO 20:52:32] train t_env: 19200 / 30000000 | update: 34 / 3157
[INFO 20:52:32] train Estimated time left: 138 hours, 24 minutes, 6 seconds. Time passed: 5 minutes, 19 seconds
[INFO 20:52:32] train Recent Stats | update: 34 / 3157 | t_env: 19200 / 30000000 | stage: regular_only
train_f_c:                     0.4201  train_gini:                    0.2938  train_R_mean:                175.9277
train_payoff_mean:            12.0902  train_pool_grown:             68.9948  train_pool:                   56.8757
loss:                          8.0942  policy_loss:                  -2.8776  value_loss:                   10.9718
mean_rollout_reward:          11.6893  entropy:                       1.4210  actor_logit_l2:                2.8150
actor_bc_loss:                 0.0044  actor_bc_coef:                 0.8500  actor_lr:                      0.0001
critic_lr:                     0.0001  replay_size:              283200.0000  replay_demo:                   0.9965
replay_collapse:               0.1992  rollout_sps:                1027.9790  rollout_collect_s:             9.4098
worker_collect_s:              5.1358  env_step_s:                    1.7850  inference_wait_s:              0.0000
infer_build_s:                 0.0000  local_forward_s:               1.4773  action_to_numpy_s:             0.0637
transition_encode_s:           0.3256  stack_transitions_s:           0.0228  shm_serialize_s:               0.0115
shm_deserialize_s:             0.0007  rollout_wait_s:                0.4975  overlap_s:                     8.9123
actor_sync_s:                  0.1187  actor_publish_s:               0.0023  actor_sync_server_s:           0.0000
actor_sync_worker_s:           0.1164  replay_extend_s:               0.0351  replay_sample_s:               0.0068
to_device_s:                   0.0020  critic_update_s:               0.4936  actor_update_s:                0.0000
target_update_s:               0.0000  learner_update_s:              8.9119  eval_s:                        0.0000
infer_batch_mean:              0.8000  infer_batch_max:               0.8000  uniform:                       0.0500
proportional:                  0.0500  constant_mix:                  0.4333  pool_power_mix:                0.1375
random_logits:                 0.1292  actor_logits:                  0.2000
[INFO 20:52:43] train t_env: 28800 / 30000000 | update: 35 / 3157
[INFO 20:52:43] train Estimated time left: 95 hours, 27 minutes, 48 seconds. Time passed: 5 minutes, 30 seconds
[INFO 20:52:43] train Recent Stats | update: 35 / 3157 | t_env: 28800 / 30000000 | stage: regular_only
train_f_c:                     0.4350  train_gini:                    0.3484  train_R_mean:                171.8685
train_payoff_mean:            11.8594  train_pool_grown:             69.1531  train_pool:                   57.2650
loss:                          7.2813  policy_loss:                  -4.3523  value_loss:                   11.6336
mean_rollout_reward:          11.1367  entropy:                       1.3303  actor_logit_l2:               18.1499
actor_bc_loss:                 0.0061  actor_bc_coef:                 0.7749  actor_lr:                      0.0001
critic_lr:                     0.0001  replay_size:              292800.0000  replay_demo:                   0.9908
replay_collapse:               0.1992  rollout_sps:                1014.3288  rollout_collect_s:             9.5596
worker_collect_s:              5.8549  env_step_s:                    1.7863  inference_wait_s:              0.0000
infer_build_s:                 0.0000  local_forward_s:               2.2094  action_to_numpy_s:             0.0669
transition_encode_s:           0.3245  stack_transitions_s:           0.0226  shm_serialize_s:               0.0114
shm_deserialize_s:             0.0007  rollout_wait_s:                0.6906  overlap_s:                     8.8690
actor_sync_s:                  0.1170  actor_publish_s:               0.0023  actor_sync_server_s:           0.0000
actor_sync_worker_s:           0.1146  replay_extend_s:               0.0357  replay_sample_s:               0.0066
to_device_s:                   0.0020  critic_update_s:               0.4850  actor_update_s:                0.0000
target_update_s:               0.0000  learner_update_s:              8.8685  eval_s:                        0.0000
infer_batch_mean:              1.2000  infer_batch_max:               1.2000  uniform:                       0.0458
proportional:                  0.0458  constant_mix:                  0.3812  pool_power_mix:                0.1229
random_logits:                 0.1042  actor_logits:                  0.3000
[INFO 20:52:54] train t_env: 38400 / 30000000 | update: 36 / 3157
[INFO 20:52:54] train Estimated time left: 73 hours, 57 minutes, 53 seconds. Time passed: 5 minutes, 41 seconds
[INFO 20:52:54] train Recent Stats | update: 36 / 3157 | t_env: 38400 / 30000000 | stage: regular_only
train_f_c:                     0.4432  train_gini:                    0.4000  train_R_mean:                168.1582
train_payoff_mean:            11.6427  train_pool_grown:             68.3884  train_pool:                   56.7172
loss:                          6.1971  policy_loss:                  -5.8019  value_loss:                   11.9990
mean_rollout_reward:          10.6204  entropy:                       1.2131  actor_logit_l2:               64.2802
actor_bc_loss:                 0.0089  actor_bc_coef:                 0.6997  actor_lr:                      0.0001
critic_lr:                     0.0001  replay_size:              302400.0000  replay_demo:                   0.9828
replay_collapse:               0.1992  rollout_sps:                 993.7487  rollout_collect_s:             9.7664
worker_collect_s:              6.5607  env_step_s:                    1.7883  inference_wait_s:              0.0000
infer_build_s:                 0.0000  local_forward_s:               2.9368  action_to_numpy_s:             0.0705
transition_encode_s:           0.3231  stack_transitions_s:           0.0223  shm_serialize_s:               0.0113
shm_deserialize_s:             0.0008  rollout_wait_s:                0.8393  overlap_s:                     8.9271
actor_sync_s:                  0.1147  actor_publish_s:               0.0023  actor_sync_server_s:           0.0000
actor_sync_worker_s:           0.1124  replay_extend_s:               0.0359  replay_sample_s:               0.0068
to_device_s:                   0.0020  critic_update_s:               0.4855  actor_update_s:                0.0000
target_update_s:               0.0000  learner_update_s:              8.9267  eval_s:                        0.0000
infer_batch_mean:              1.6000  infer_batch_max:               1.6000  uniform:                       0.0312
proportional:                  0.0437  constant_mix:                  0.3292  pool_power_mix:                0.1083
random_logits:                 0.0875  actor_logits:                  0.4000
[INFO 20:53:05] train t_env: 48000 / 30000000 | update: 37 / 3157
[INFO 20:53:05] train Estimated time left: 61 hours, 4 minutes, 34 seconds. Time passed: 5 minutes, 52 seconds
[INFO 20:53:05] train Recent Stats | update: 37 / 3157 | t_env: 48000 / 30000000 | stage: regular_only
train_f_c:                     0.4395  train_gini:                    0.4475  train_R_mean:                163.0206
train_payoff_mean:            11.2980  train_pool_grown:             65.9644  train_pool:                   54.6404
loss:                          4.6645  policy_loss:                  -7.2467  value_loss:                   11.9112
mean_rollout_reward:          10.0025  entropy:                       1.0951  actor_logit_l2:              110.0794
actor_bc_loss:                 0.0115  actor_bc_coef:                 0.6246  actor_lr:                      0.0001
critic_lr:                     0.0001  replay_size:              312000.0000  replay_demo:                   0.9680
replay_collapse:               0.1992  rollout_sps:                 974.8488  rollout_collect_s:             9.9611
worker_collect_s:              7.2589  env_step_s:                    1.7872  inference_wait_s:              0.0000
infer_build_s:                 0.0000  local_forward_s:               3.6666  action_to_numpy_s:             0.0738
transition_encode_s:           0.3222  stack_transitions_s:           0.0222  shm_serialize_s:               0.0113
shm_deserialize_s:             0.0008  rollout_wait_s:                1.0432  overlap_s:                     8.9179
actor_sync_s:                  0.1146  actor_publish_s:               0.0024  actor_sync_server_s:           0.0000
actor_sync_worker_s:           0.1122  replay_extend_s:               0.0363  replay_sample_s:               0.0071
to_device_s:                   0.0020  critic_update_s:               0.4887  actor_update_s:                0.0000
target_update_s:               0.0000  learner_update_s:              8.9174  eval_s:                        0.0000
infer_batch_mean:              2.0000  infer_batch_max:               2.0000  uniform:                       0.0229
proportional:                  0.0417  constant_mix:                  0.2604  pool_power_mix:                0.0958
random_logits:                 0.0792  actor_logits:                  0.5000
[INFO 20:53:16] train t_env: 57600 / 30000000 | update: 38 / 3157
[INFO 20:53:16] train Estimated time left: 52 hours, 28 minutes, 45 seconds. Time passed: 6 minutes, 3 seconds
[INFO 20:53:16] train Recent Stats | update: 38 / 3157 | t_env: 57600 / 30000000 | stage: regular_only
train_f_c:                     0.4345  train_gini:                    0.4964  train_R_mean:                156.0903
train_payoff_mean:            10.8374  train_pool_grown:             62.5752  train_pool:                   51.7143
loss:                          2.9304  policy_loss:                  -8.5752  value_loss:                   11.5056
mean_rollout_reward:           9.2474  entropy:                       0.9912  actor_logit_l2:              131.9567
actor_bc_loss:                 0.0136  actor_bc_coef:                 0.5494  actor_lr:                      0.0001
critic_lr:                     0.0001  replay_size:              321600.0000  replay_demo:                   0.9521
replay_collapse:               0.1992  rollout_sps:                 959.4664  rollout_collect_s:            10.1243
worker_collect_s:              7.9614  env_step_s:                    1.7888  inference_wait_s:              0.0000
infer_build_s:                 0.0000  local_forward_s:               4.3959  action_to_numpy_s:             0.0772
transition_encode_s:           0.3151  stack_transitions_s:           0.0220  shm_serialize_s:               0.0112
shm_deserialize_s:             0.0009  rollout_wait_s:                1.2509  overlap_s:                     8.8734
actor_sync_s:                  0.1142  actor_publish_s:               0.0025  actor_sync_server_s:           0.0000
actor_sync_worker_s:           0.1117  replay_extend_s:               0.0371  replay_sample_s:               0.0074
to_device_s:                   0.0020  critic_update_s:               0.4870  actor_update_s:                0.0000
target_update_s:               0.0000  learner_update_s:              8.8730  eval_s:                        0.0000
infer_batch_mean:              2.4000  infer_batch_max:               2.4000  uniform:                       0.0208
proportional:                  0.0312  constant_mix:                  0.2104  pool_power_mix:                0.0750
random_logits:                 0.0625  actor_logits:                  0.6000
[INFO 20:53:27] train t_env: 67200 / 30000000 | update: 39 / 3157
[INFO 20:53:27] train Estimated time left: 46 hours, 19 minutes, 54 seconds. Time passed: 6 minutes, 14 seconds
[INFO 20:53:27] train Recent Stats | update: 39 / 3157 | t_env: 67200 / 30000000 | stage: regular_only
train_f_c:                     0.4346  train_gini:                    0.5522  train_R_mean:                150.0276
train_payoff_mean:            10.4388  train_pool_grown:             60.4182  train_pool:                   49.9581
loss:                          0.9731  policy_loss:                  -9.9072  value_loss:                   10.8803
mean_rollout_reward:           8.5243  entropy:                       0.8894  actor_logit_l2:              140.8800
actor_bc_loss:                 0.0156  actor_bc_coef:                 0.4741  actor_lr:                      0.0001
critic_lr:                     0.0001  replay_size:              331200.0000  replay_demo:                   0.9375
replay_collapse:               0.1992  rollout_sps:                 940.7798  rollout_collect_s:            10.3148
worker_collect_s:              8.6667  env_step_s:                    1.7864  inference_wait_s:              0.0000
infer_build_s:                 0.0000  local_forward_s:               5.1255  action_to_numpy_s:             0.0808
transition_encode_s:           0.3128  stack_transitions_s:           0.0220  shm_serialize_s:               0.0112
shm_deserialize_s:             0.0009  rollout_wait_s:                1.3999  overlap_s:                     8.9149
actor_sync_s:                  0.1155  actor_publish_s:               0.0025  actor_sync_server_s:           0.0000
actor_sync_worker_s:           0.1130  replay_extend_s:               0.0371  replay_sample_s:               0.0082
to_device_s:                   0.0020  critic_update_s:               0.4826  actor_update_s:                0.0000
target_update_s:               0.0000  learner_update_s:              8.9145  eval_s:                        0.0000
infer_batch_mean:              2.8000  infer_batch_max:               2.8000  uniform:                       0.0125
proportional:                  0.0271  constant_mix:                  0.1562  pool_power_mix:                0.0583
random_logits:                 0.0458  actor_logits:                  0.7000
[INFO 20:53:38] train t_env: 76800 / 30000000 | update: 40 / 3157
[INFO 20:53:38] train Estimated time left: 41 hours, 44 minutes, 4 seconds. Time passed: 6 minutes, 26 seconds
[INFO 20:53:38] train Recent Stats | update: 40 / 3157 | t_env: 76800 / 30000000 | stage: regular_only
train_f_c:                     0.4235  train_gini:                    0.6015  train_R_mean:                138.1030
train_payoff_mean:             9.6709  train_pool_grown:             56.1979  train_pool:                   46.5088
loss:                         -0.3892  policy_loss:                 -11.1693  value_loss:                   10.7801
mean_rollout_reward:           7.4116  entropy:                       0.7919  actor_logit_l2:              146.7672
actor_bc_loss:                 0.0172  actor_bc_coef:                 0.3988  actor_lr:                      0.0001
critic_lr:                     0.0001  replay_size:              340800.0000  replay_demo:                   0.9187
replay_collapse:               0.1992  rollout_sps:                 919.8985  rollout_collect_s:            10.5283
worker_collect_s:              9.3644  env_step_s:                    1.7854  inference_wait_s:              0.0000
infer_build_s:                 0.0000  local_forward_s:               5.8560  action_to_numpy_s:             0.0840
transition_encode_s:           0.3115  stack_transitions_s:           0.0218  shm_serialize_s:               0.0111
shm_deserialize_s:             0.0010  rollout_wait_s:                1.5618  overlap_s:                     8.9665
actor_sync_s:                  0.1152  actor_publish_s:               0.0026  actor_sync_server_s:           0.0000
actor_sync_worker_s:           0.1126  replay_extend_s:               0.0376  replay_sample_s:               0.0080
to_device_s:                   0.0020  critic_update_s:               0.4877  actor_update_s:                0.0000
target_update_s:               0.0000  learner_update_s:              8.9661  eval_s:                        0.0000
infer_batch_mean:              3.2000  infer_batch_max:               3.2000  uniform:                       0.0083
proportional:                  0.0125  constant_mix:                  0.1042  pool_power_mix:                0.0396
random_logits:                 0.0354  actor_logits:                  0.8000
[INFO 20:53:49] train t_env: 86400 / 30000000 | update: 41 / 3157
[INFO 20:53:49] train Estimated time left: 38 hours, 9 minutes, 25 seconds. Time passed: 6 minutes, 37 seconds
[INFO 20:53:49] train Recent Stats | update: 41 / 3157 | t_env: 86400 / 30000000 | stage: regular_only
train_f_c:                     0.4192  train_gini:                    0.6613  train_R_mean:                128.6171
train_payoff_mean:             9.0702  train_pool_grown:             53.3565  train_pool:                   44.2703
loss:                         -2.2364  policy_loss:                 -12.4700  value_loss:                   10.2336
mean_rollout_reward:           6.4286  entropy:                       0.6977  actor_logit_l2:              152.1036
actor_bc_loss:                 0.0188  actor_bc_coef:                 0.3235  actor_lr:                      0.0001
critic_lr:                     0.0001  replay_size:              350400.0000  replay_demo:                   0.8992
replay_collapse:               0.1992  rollout_sps:                 894.5812  rollout_collect_s:            10.7766
worker_collect_s:             10.0779  env_step_s:                    1.7892  inference_wait_s:              0.0000
infer_build_s:                 0.0000  local_forward_s:               6.5831  action_to_numpy_s:             0.0873
transition_encode_s:           0.3114  stack_transitions_s:           0.0217  shm_serialize_s:               0.0110
shm_deserialize_s:             0.0010  rollout_wait_s:                1.7736  overlap_s:                     9.0029
actor_sync_s:                  0.1155  actor_publish_s:               0.0026  actor_sync_server_s:           0.0000
actor_sync_worker_s:           0.1129  replay_extend_s:               0.0382  replay_sample_s:               0.0082
to_device_s:                   0.0020  critic_update_s:               0.4839  actor_update_s:                0.0000
target_update_s:               0.0000  learner_update_s:              9.0026  eval_s:                        0.0000
infer_batch_mean:              3.6000  infer_batch_max:               3.6000  uniform:                       0.0000
proportional:                  0.0063  constant_mix:                  0.0542  pool_power_mix:                0.0250
random_logits:                 0.0146  actor_logits:                  0.9000
[INFO 20:54:00] train t_env: 96000 / 30000000 | update: 42 / 3157
[INFO 20:54:00] train Estimated time left: 35 hours, 17 minutes, 22 seconds. Time passed: 6 minutes, 48 seconds
[INFO 20:54:00] train Recent Stats | update: 42 / 3157 | t_env: 96000 / 30000000 | stage: regular_only
train_f_c:                     0.4017  train_gini:                    0.7207  train_R_mean:                114.7112
train_payoff_mean:             8.1708  train_pool_grown:             47.8958  train_pool:                   39.7128
loss:                         -3.8931  policy_loss:                 -13.6655  value_loss:                    9.7724
mean_rollout_reward:           5.1197  entropy:                       0.6077  actor_logit_l2:              157.0615
actor_bc_loss:                 0.0202  actor_bc_coef:                 0.2481  actor_lr:                      0.0001
critic_lr:                     0.0001  replay_size:              360000.0000  replay_demo:                   0.8775
replay_collapse:               0.1992  rollout_sps:                 873.9195  rollout_collect_s:            10.9856
worker_collect_s:             10.7755  env_step_s:                    1.7859  inference_wait_s:              0.0000
infer_build_s:                 0.0000  local_forward_s:               7.3139  action_to_numpy_s:             0.0907
transition_encode_s:           0.3040  stack_transitions_s:           0.0217  shm_serialize_s:               0.0110
shm_deserialize_s:             0.0011  rollout_wait_s:                1.9663  overlap_s:                     9.0194
actor_sync_s:                  0.1157  actor_publish_s:               0.0026  actor_sync_server_s:           0.0000
actor_sync_worker_s:           0.1131  replay_extend_s:               0.0388  replay_sample_s:               0.0090
to_device_s:                   0.0020  critic_update_s:               0.4857  actor_update_s:                0.0000
target_update_s:               0.0000  learner_update_s:              9.0190  eval_s:                        0.0000
infer_batch_mean:              4.0000  infer_batch_max:               4.0000  uniform:                       0.0000
proportional:                  0.0000  constant_mix:                  0.0000  pool_power_mix:                0.0000
random_logits:                 0.0000  actor_logits:                  1.0000
[INFO 20:54:12] train t_env: 105600 / 30000000 | update: 43 / 3157
[INFO 20:54:12] train Estimated time left: 32 hours, 56 minutes, 45 seconds. Time passed: 6 minutes, 59 seconds
[INFO 20:54:12] train Recent Stats | update: 43 / 3157 | t_env: 105600 / 30000000 | stage: regular_only
train_f_c:                     0.3711  train_gini:                    0.7767  train_R_mean:                 89.7440
train_payoff_mean:             6.5025  train_pool_grown:             41.6771  train_pool:                   35.1717
loss:                         -3.9721  policy_loss:                 -13.4997  value_loss:                    9.5276
mean_rollout_reward:           2.9964  entropy:                       0.5378  actor_logit_l2:              160.8526
actor_bc_loss:                 0.0216  actor_bc_coef:                 0.2477  actor_lr:                      0.0001
critic_lr:                     0.0001  replay_size:              369600.0000  replay_demo:                   0.8525
replay_collapse:               0.1992  rollout_sps:                 875.4152  rollout_collect_s:            10.9665
worker_collect_s:             10.7538  env_step_s:                    1.7827  inference_wait_s:              0.0000
infer_build_s:                 0.0000  local_forward_s:               7.2957  action_to_numpy_s:             0.0908
transition_encode_s:           0.3031  stack_transitions_s:           0.0217  shm_serialize_s:               0.0110
shm_deserialize_s:             0.0011  rollout_wait_s:                1.9347  overlap_s:                     9.0318
actor_sync_s:                  0.1153  actor_publish_s:               0.0026  actor_sync_server_s:           0.0000
actor_sync_worker_s:           0.1127  replay_extend_s:               0.0386  replay_sample_s:               0.0093
to_device_s:                   0.0020  critic_update_s:               0.4855  actor_update_s:                0.0000
target_update_s:               0.0000  learner_update_s:              9.0314  eval_s:                        0.0000
infer_batch_mean:              4.0000  infer_batch_max:               4.0000  uniform:                       0.0000
proportional:                  0.0000  constant_mix:                  0.0000  pool_power_mix:                0.0000
random_logits:                 0.0000  actor_logits:                  1.0000
[INFO 20:54:23] train t_env: 115200 / 30000000 | update: 44 / 3157
[INFO 20:54:23] train Estimated time left: 30 hours, 59 minutes, 33 seconds. Time passed: 7 minutes, 10 seconds
[INFO 20:54:23] train Recent Stats | update: 44 / 3157 | t_env: 115200 / 30000000 | stage: regular_only
train_f_c:                     0.3386  train_gini:                    0.7955  train_R_mean:                 77.5059
train_payoff_mean:             5.6151  train_pool_grown:             35.2470  train_pool:                   29.6341
loss:                         -4.1608  policy_loss:                 -13.2326  value_loss:                    9.0717
mean_rollout_reward:           1.9639  entropy:                       0.5067  actor_logit_l2:              161.8672
actor_bc_loss:                 0.0223  actor_bc_coef:                 0.2473  actor_lr:                      0.0001
critic_lr:                     0.0001  replay_size:              379200.0000  replay_demo:                   0.8311
replay_collapse:               0.1992  rollout_sps:                 874.6138  rollout_collect_s:            10.9765
worker_collect_s:             10.7581  env_step_s:                    1.7841  inference_wait_s:              0.0000
infer_build_s:                 0.0000  local_forward_s:               7.2999  action_to_numpy_s:             0.0904
transition_encode_s:           0.3034  stack_transitions_s:           0.0216  shm_serialize_s:               0.0110
shm_deserialize_s:             0.0011  rollout_wait_s:                1.9502  overlap_s:                     9.0263
actor_sync_s:                  0.1151  actor_publish_s:               0.0027  actor_sync_server_s:           0.0000
actor_sync_worker_s:           0.1125  replay_extend_s:               0.0391  replay_sample_s:               0.0102
to_device_s:                   0.0021  critic_update_s:               0.4775  actor_update_s:                0.0000
target_update_s:               0.0000  learner_update_s:              9.0259  eval_s:                        0.0000
infer_batch_mean:              4.0000  infer_batch_max:               4.0000  uniform:                       0.0000
proportional:                  0.0000  constant_mix:                  0.0000  pool_power_mix:                0.0000
random_logits:                 0.0000  actor_logits:                  1.0000
[INFO 20:54:34] train t_env: 124800 / 30000000 | update: 45 / 3157
[INFO 20:54:34] train Estimated time left: 29 hours, 20 minutes, 10 seconds. Time passed: 7 minutes, 21 seconds
[INFO 20:54:34] train Recent Stats | update: 45 / 3157 | t_env: 124800 / 30000000 | stage: regular_only
train_f_c:                     0.3116  train_gini:                    0.8073  train_R_mean:                 69.1574
train_payoff_mean:             5.0607  train_pool_grown:             30.7020  train_pool:                   25.6462
loss:                         -4.7156  policy_loss:                 -12.9236  value_loss:                    8.2080
mean_rollout_reward:           1.2901  entropy:                       0.5374  actor_logit_l2:              148.9217
actor_bc_loss:                 0.0213  actor_bc_coef:                 0.2469  actor_lr:                      0.0001
critic_lr:                     0.0001  replay_size:              388800.0000  replay_demo:                   0.8090
replay_collapse:               0.1992  rollout_sps:                 875.3477  rollout_collect_s:            10.9673
worker_collect_s:             10.7536  env_step_s:                    1.7811  inference_wait_s:              0.0000
infer_build_s:                 0.0000  local_forward_s:               7.2976  action_to_numpy_s:             0.0909
transition_encode_s:           0.3036  stack_transitions_s:           0.0215  shm_serialize_s:               0.0110
shm_deserialize_s:             0.0011  rollout_wait_s:                1.9809  overlap_s:                     8.9864
actor_sync_s:                  0.1165  actor_publish_s:               0.0027  actor_sync_server_s:           0.0000
actor_sync_worker_s:           0.1138  replay_extend_s:               0.0392  replay_sample_s:               0.0106
to_device_s:                   0.0021  critic_update_s:               0.4727  actor_update_s:                0.0000
target_update_s:               0.0000  learner_update_s:              8.9860  eval_s:                        0.0000
infer_batch_mean:              4.0000  infer_batch_max:               4.0000  uniform:                       0.0000
proportional:                  0.0000  constant_mix:                  0.0000  pool_power_mix:                0.0000
random_logits:                 0.0000  actor_logits:                  1.0000
[INFO 20:54:45] train t_env: 134400 / 30000000 | update: 46 / 3157
[INFO 20:54:45] train Estimated time left: 27 hours, 54 minutes, 58 seconds. Time passed: 7 minutes, 32 seconds
[INFO 20:54:45] train Recent Stats | update: 46 / 3157 | t_env: 134400 / 30000000 | stage: regular_only
train_f_c:                     0.2882  train_gini:                    0.8226  train_R_mean:                 58.1817
train_payoff_mean:             4.3841  train_pool_grown:             26.4909  train_pool:                   22.1149
loss:                         -4.6797  policy_loss:                 -12.5889  value_loss:                    7.9091
mean_rollout_reward:           0.4313  entropy:                       0.6223  actor_logit_l2:              104.2618
actor_bc_loss:                 0.0188  actor_bc_coef:                 0.2465  actor_lr:                      0.0001
critic_lr:                     0.0001  replay_size:              398400.0000  replay_demo:                   0.7883
replay_collapse:               0.1992  rollout_sps:                 875.0311  rollout_collect_s:            10.9712
worker_collect_s:             10.7553  env_step_s:                    1.7795  inference_wait_s:              0.0000
infer_build_s:                 0.0000  local_forward_s:               7.3005  action_to_numpy_s:             0.0905
transition_encode_s:           0.3038  stack_transitions_s:           0.0216  shm_serialize_s:               0.0110
shm_deserialize_s:             0.0011  rollout_wait_s:                2.0344  overlap_s:                     8.9368
actor_sync_s:                  0.1188  actor_publish_s:               0.0027  actor_sync_server_s:           0.0000
actor_sync_worker_s:           0.1161  replay_extend_s:               0.0392  replay_sample_s:               0.0105
to_device_s:                   0.0021  critic_update_s:               0.4666  actor_update_s:                0.0000
target_update_s:               0.0000  learner_update_s:              8.9364  eval_s:                        0.0000
infer_batch_mean:              4.0000  infer_batch_max:               4.0000  uniform:                       0.0000
proportional:                  0.0000  constant_mix:                  0.0000  pool_power_mix:                0.0000
random_logits:                 0.0000  actor_logits:                  1.0000
[INFO 20:54:56] train t_env: 144000 / 30000000 | update: 47 / 3157
[INFO 20:54:56] train Estimated time left: 26 hours, 41 minutes, 2 seconds. Time passed: 7 minutes, 43 seconds
[INFO 20:54:56] train Recent Stats | update: 47 / 3157 | t_env: 144000 / 30000000 | stage: regular_only
train_f_c:                     0.2590  train_gini:                    0.7593  train_R_mean:                 47.1715
train_payoff_mean:             3.6313  train_pool_grown:             23.2340  train_pool:                   19.6129
loss:                         -4.3321  policy_loss:                 -12.2836  value_loss:                    7.9515
mean_rollout_reward:          -0.0736  entropy:                       0.7409  actor_logit_l2:               59.1269
actor_bc_loss:                 0.0160  actor_bc_coef:                 0.2460  actor_lr:                      0.0001
critic_lr:                     0.0001  replay_size:              408000.0000  replay_demo:                   0.7734
replay_collapse:               0.1992  rollout_sps:                 875.3346  rollout_collect_s:            10.9674
worker_collect_s:             10.7560  env_step_s:                    1.7770  inference_wait_s:              0.0000
infer_build_s:                 0.0000  local_forward_s:               7.3030  action_to_numpy_s:             0.0906
transition_encode_s:           0.3032  stack_transitions_s:           0.0217  shm_serialize_s:               0.0110
shm_deserialize_s:             0.0011  rollout_wait_s:                1.9873  overlap_s:                     8.9801
actor_sync_s:                  0.1196  actor_publish_s:               0.0027  actor_sync_server_s:           0.0000
actor_sync_worker_s:           0.1169  replay_extend_s:               0.0394  replay_sample_s:               0.0110
to_device_s:                   0.0021  critic_update_s:               0.4672  actor_update_s:                0.0000
target_update_s:               0.0000  learner_update_s:              8.9797  eval_s:                        0.0000
infer_batch_mean:              4.0000  infer_batch_max:               4.0000  uniform:                       0.0000
proportional:                  0.0000  constant_mix:                  0.0000  pool_power_mix:                0.0000
random_logits:                 0.0000  actor_logits:                  1.0000
[INFO 20:55:07] train t_env: 153600 / 30000000 | update: 48 / 3157
[INFO 20:55:07] train Estimated time left: 25 hours, 36 minutes, 13 seconds. Time passed: 7 minutes, 54 seconds
[INFO 20:55:07] train Recent Stats | update: 48 / 3157 | t_env: 153600 / 30000000 | stage: regular_only
train_f_c:                     0.2225  train_gini:                    0.6874  train_R_mean:                 36.8369
train_payoff_mean:             2.9191  train_pool_grown:             19.1768  train_pool:                   16.2706
loss:                         -3.8842  policy_loss:                 -11.9753  value_loss:                    8.0911
mean_rollout_reward:          -0.4880  entropy:                       0.8526  actor_logit_l2:               37.5799
actor_bc_loss:                 0.0138  actor_bc_coef:                 0.2456  actor_lr:                      0.0001
critic_lr:                     0.0001  replay_size:              417600.0000  replay_demo:                   0.7566
replay_collapse:               0.1992  rollout_sps:                 875.5428  rollout_collect_s:            10.9648
worker_collect_s:             10.7514  env_step_s:                    1.7767  inference_wait_s:              0.0000
infer_build_s:                 0.0000  local_forward_s:               7.2996  action_to_numpy_s:             0.0913
transition_encode_s:           0.3032  stack_transitions_s:           0.0217  shm_serialize_s:               0.0110
shm_deserialize_s:             0.0011  rollout_wait_s:                1.9980  overlap_s:                     8.9668
actor_sync_s:                  0.1185  actor_publish_s:               0.0025  actor_sync_server_s:           0.0000
actor_sync_worker_s:           0.1159  replay_extend_s:               0.0393  replay_sample_s:               0.0111
to_device_s:                   0.0021  critic_update_s:               0.4644  actor_update_s:                0.0000
target_update_s:               0.0000  learner_update_s:              8.9664  eval_s:                        0.0000
infer_batch_mean:              4.0000  infer_batch_max:               4.0000  uniform:                       0.0000
proportional:                  0.0000  constant_mix:                  0.0000  pool_power_mix:                0.0000
random_logits:                 0.0000  actor_logits:                  1.0000
[INFO 20:55:18] train t_env: 163200 / 30000000 | update: 49 / 3157
[INFO 20:55:18] train Estimated time left: 24 hours, 39 minutes, 4 seconds. Time passed: 8 minutes, 5 seconds
[INFO 20:55:18] train Recent Stats | update: 49 / 3157 | t_env: 163200 / 30000000 | stage: regular_only
train_f_c:                     0.1864  train_gini:                    0.6149  train_R_mean:                 26.8847
train_payoff_mean:             2.2365  train_pool_grown:             15.0006  train_pool:                   12.7793
loss:                         -3.7403  policy_loss:                 -11.7588  value_loss:                    8.0184
mean_rollout_reward:          -0.8694  entropy:                       0.9624  actor_logit_l2:               28.9930
actor_bc_loss:                 0.0118  actor_bc_coef:                 0.2452  actor_lr:                      0.0001
critic_lr:                     0.0001  replay_size:              427200.0000  replay_demo:                   0.7396
replay_collapse:               0.1992  rollout_sps:                 875.2325  rollout_collect_s:            10.9687
worker_collect_s:             10.7510  env_step_s:                    1.7804  inference_wait_s:              0.0000
infer_build_s:                 0.0000  local_forward_s:               7.2936  action_to_numpy_s:             0.0914
transition_encode_s:           0.3052  stack_transitions_s:           0.0215  shm_serialize_s:               0.0110
shm_deserialize_s:             0.0012  rollout_wait_s:                2.0549  overlap_s:                     8.9137
actor_sync_s:                  0.1184  actor_publish_s:               0.0025  actor_sync_server_s:           0.0000
actor_sync_worker_s:           0.1159  replay_extend_s:               0.0394  replay_sample_s:               0.0111
to_device_s:                   0.0020  critic_update_s:               0.4598  actor_update_s:                0.0000
target_update_s:               0.0000  learner_update_s:              8.9133  eval_s:                        0.0000
infer_batch_mean:              4.0000  infer_batch_max:               4.0000  uniform:                       0.0000
proportional:                  0.0000  constant_mix:                  0.0000  pool_power_mix:                0.0000
random_logits:                 0.0000  actor_logits:                  1.0000
[INFO 20:55:29] train t_env: 172800 / 30000000 | update: 50 / 3157
[INFO 20:55:29] train Estimated time left: 23 hours, 48 minutes, 13 seconds. Time passed: 8 minutes, 16 seconds
[INFO 20:55:29] train Recent Stats | update: 50 / 3157 | t_env: 172800 / 30000000 | stage: regular_only
train_f_c:                     0.1507  train_gini:                    0.5420  train_R_mean:                 18.6412
train_payoff_mean:             1.6539  train_pool_grown:             10.8079  train_pool:                    9.1713
loss:                         -3.8273  policy_loss:                 -11.6183  value_loss:                    7.7911
mean_rollout_reward:          -1.1293  entropy:                       1.0641  actor_logit_l2:               23.5389
actor_bc_loss:                 0.0099  actor_bc_coef:                 0.2448  actor_lr:                      0.0001
critic_lr:                     0.0001  replay_size:              436800.0000  replay_demo:                   0.7186
replay_collapse:               0.1992  rollout_sps:                 876.1999  rollout_collect_s:            10.9565
worker_collect_s:             10.7448  env_step_s:                    1.7757  inference_wait_s:              0.0000
infer_build_s:                 0.0000  local_forward_s:               7.2903  action_to_numpy_s:             0.0924
transition_encode_s:           0.3042  stack_transitions_s:           0.0216  shm_serialize_s:               0.0110
shm_deserialize_s:             0.0012  rollout_wait_s:                2.0935  overlap_s:                     8.8630
actor_sync_s:                  0.1188  actor_publish_s:               0.0024  actor_sync_server_s:           0.0000
actor_sync_worker_s:           0.1164  replay_extend_s:               0.0394  replay_sample_s:               0.0113
to_device_s:                   0.0020  critic_update_s:               0.4506  actor_update_s:                0.0000
target_update_s:               0.0000  learner_update_s:              8.8626  eval_s:                        0.0000
infer_batch_mean:              4.0000  infer_batch_max:               4.0000  uniform:                       0.0000
proportional:                  0.0000  constant_mix:                  0.0000  pool_power_mix:                0.0000
random_logits:                 0.0000  actor_logits:                  1.0000
[INFO 20:55:40] train t_env: 182400 / 30000000 | update: 51 / 3157
[INFO 20:55:40] train Estimated time left: 23 hours, 2 minutes, 36 seconds. Time passed: 8 minutes, 27 seconds
[INFO 20:55:40] train Recent Stats | update: 51 / 3157 | t_env: 182400 / 30000000 | stage: regular_only
train_f_c:                     0.1223  train_gini:                    0.4652  train_R_mean:                 13.5294
train_payoff_mean:             1.2730  train_pool_grown:              7.8294  train_pool:                    6.5754
loss:                         -3.5292  policy_loss:                 -11.3958  value_loss:                    7.8665
mean_rollout_reward:          -1.1426  entropy:                       1.1582  actor_logit_l2:               18.6341
actor_bc_loss:                 0.0082  actor_bc_coef:                 0.2444  actor_lr:                      0.0001
critic_lr:                     0.0001  replay_size:              446400.0000  replay_demo:                   0.7008
replay_collapse:               0.1992  rollout_sps:                 877.3020  rollout_collect_s:            10.9428
worker_collect_s:             10.7394  env_step_s:                    1.7700  inference_wait_s:              0.0000
infer_build_s:                 0.0000  local_forward_s:               7.2898  action_to_numpy_s:             0.0936
transition_encode_s:           0.3025  stack_transitions_s:           0.0216  shm_serialize_s:               0.0110
shm_deserialize_s:             0.0011  rollout_wait_s:                2.0259  overlap_s:                     8.9169
actor_sync_s:                  0.1189  actor_publish_s:               0.0024  actor_sync_server_s:           0.0000
actor_sync_worker_s:           0.1164  replay_extend_s:               0.0398  replay_sample_s:               0.0113
to_device_s:                   0.0020  critic_update_s:               0.4458  actor_update_s:                0.0000
target_update_s:               0.0000  learner_update_s:              8.9164  eval_s:                        0.0000
infer_batch_mean:              4.0000  infer_batch_max:               4.0000  uniform:                       0.0000
proportional:                  0.0000  constant_mix:                  0.0000  pool_power_mix:                0.0000
random_logits:                 0.0000  actor_logits:                  1.0000
[INFO 20:55:51] train t_env: 192000 / 30000000 | update: 52 / 3157
[INFO 20:55:51] train Estimated time left: 22 hours, 21 minutes, 42 seconds. Time passed: 8 minutes, 39 seconds
[INFO 20:55:51] train Recent Stats | update: 52 / 3157 | t_env: 192000 / 30000000 | stage: regular_only
train_f_c:                     0.0995  train_gini:                    0.3838  train_R_mean:                 10.0377
train_payoff_mean:             1.0032  train_pool_grown:              5.7822  train_pool:                    4.7991
loss:                         -3.6471  policy_loss:                 -11.2790  value_loss:                    7.6319
mean_rollout_reward:          -1.0117  entropy:                       1.2480  actor_logit_l2:               14.1209
actor_bc_loss:                 0.0066  actor_bc_coef:                 0.2440  actor_lr:                      0.0001
critic_lr:                     0.0001  replay_size:              456000.0000  replay_demo:                   0.6879
replay_collapse:               0.1992  rollout_sps:                 877.3423  rollout_collect_s:            10.9423
worker_collect_s:             10.7386  env_step_s:                    1.7686  inference_wait_s:              0.0000
infer_build_s:                 0.0000  local_forward_s:               7.2905  action_to_numpy_s:             0.0938
transition_encode_s:           0.3031  stack_transitions_s:           0.0216  shm_serialize_s:               0.0110
shm_deserialize_s:             0.0011  rollout_wait_s:                2.0493  overlap_s:                     8.8929
actor_sync_s:                  0.1183  actor_publish_s:               0.0025  actor_sync_server_s:           0.0000
actor_sync_worker_s:           0.1158  replay_extend_s:               0.0400  replay_sample_s:               0.0111
to_device_s:                   0.0020  critic_update_s:               0.4429  actor_update_s:                0.0000
target_update_s:               0.0000  learner_update_s:              8.8924  eval_s:                        0.0000
infer_batch_mean:              4.0000  infer_batch_max:               4.0000  uniform:                       0.0000
proportional:                  0.0000  constant_mix:                  0.0000  pool_power_mix:                0.0000
random_logits:                 0.0000  actor_logits:                  1.0000
[INFO 20:56:02] train t_env: 201600 / 30000000 | update: 53 / 3157
[INFO 20:56:02] train Estimated time left: 21 hours, 44 minutes, 37 seconds. Time passed: 8 minutes, 50 seconds
[INFO 20:56:02] train Recent Stats | update: 53 / 3157 | t_env: 201600 / 30000000 | stage: regular_only
train_f_c:                     0.0781  train_gini:                    0.3001  train_R_mean:                  7.2478
train_payoff_mean:             0.7771  train_pool_grown:              4.1027  train_pool:                    3.3467
loss:                         -3.3673  policy_loss:                 -11.1217  value_loss:                    7.7544
mean_rollout_reward:          -0.8191  entropy:                       1.3347  actor_logit_l2:               10.5666
actor_bc_loss:                 0.0053  actor_bc_coef:                 0.2435  actor_lr:                      0.0001
critic_lr:                     0.0001  replay_size:              465600.0000  replay_demo:                   0.6715
replay_collapse:               0.1992  rollout_sps:                 878.0160  rollout_collect_s:            10.9338
worker_collect_s:             10.7355  env_step_s:                    1.7706  inference_wait_s:              0.0000
infer_build_s:                 0.0000  local_forward_s:               7.2848  action_to_numpy_s:             0.0944
transition_encode_s:           0.3037  stack_transitions_s:           0.0215  shm_serialize_s:               0.0110
shm_deserialize_s:             0.0012  rollout_wait_s:                2.0260  overlap_s:                     8.9078
actor_sync_s:                  0.1190  actor_publish_s:               0.0025  actor_sync_server_s:           0.0000
actor_sync_worker_s:           0.1165  replay_extend_s:               0.0402  replay_sample_s:               0.0114
to_device_s:                   0.0020  critic_update_s:               0.4465  actor_update_s:                0.0000
target_update_s:               0.0000  learner_update_s:              8.9074  eval_s:                        0.0000
infer_batch_mean:              4.0000  infer_batch_max:               4.0000  uniform:                       0.0000
proportional:                  0.0000  constant_mix:                  0.0000  pool_power_mix:                0.0000
random_logits:                 0.0000  actor_logits:                  1.0000
[INFO 20:56:13] train t_env: 211200 / 30000000 | update: 54 / 3157
[INFO 20:56:13] train Estimated time left: 21 hours, 11 minutes, 8 seconds. Time passed: 9 minutes, 1 seconds
[INFO 20:56:13] train Recent Stats | update: 54 / 3157 | t_env: 211200 / 30000000 | stage: regular_only
train_f_c:                     0.0575  train_gini:                    0.2149  train_R_mean:                  4.8133
train_payoff_mean:             0.5683  train_pool_grown:              2.6503  train_pool:                    2.1039
loss:                         -3.3758  policy_loss:                 -10.9184  value_loss:                    7.5426
mean_rollout_reward:          -0.5957  entropy:                       1.4164  actor_logit_l2:                7.6354
actor_bc_loss:                 0.0040  actor_bc_coef:                 0.2431  actor_lr:                      0.0001
critic_lr:                     0.0001  replay_size:              475200.0000  replay_demo:                   0.6551
replay_collapse:               0.1992  rollout_sps:                 877.7795  rollout_collect_s:            10.9368
worker_collect_s:             10.7324  env_step_s:                    1.7715  inference_wait_s:              0.0000
infer_build_s:                 0.0000  local_forward_s:               7.2807  action_to_numpy_s:             0.0947
transition_encode_s:           0.3038  stack_transitions_s:           0.0214  shm_serialize_s:               0.0111
shm_deserialize_s:             0.0012  rollout_wait_s:                2.0428  overlap_s:                     8.8940
actor_sync_s:                  0.1189  actor_publish_s:               0.0025  actor_sync_server_s:           0.0000
actor_sync_worker_s:           0.1164  replay_extend_s:               0.0403  replay_sample_s:               0.0114
to_device_s:                   0.0019  critic_update_s:               0.4435  actor_update_s:                0.0000
target_update_s:               0.0000  learner_update_s:              8.8936  eval_s:                        0.0000
infer_batch_mean:              4.0000  infer_batch_max:               4.0000  uniform:                       0.0000
proportional:                  0.0000  constant_mix:                  0.0000  pool_power_mix:                0.0000
random_logits:                 0.0000  actor_logits:                  1.0000
[INFO 20:56:24] train t_env: 220800 / 30000000 | update: 55 / 3157
[INFO 20:56:24] train Estimated time left: 20 hours, 40 minutes, 22 seconds. Time passed: 9 minutes, 12 seconds
[INFO 20:56:24] train Recent Stats | update: 55 / 3157 | t_env: 220800 / 30000000 | stage: regular_only
train_f_c:                     0.0372  train_gini:                    0.1300  train_R_mean:                  2.6486
train_payoff_mean:             0.3637  train_pool_grown:              1.3348  train_pool:                    0.9940
loss:                         -3.3650  policy_loss:                 -10.9546  value_loss:                    7.5896
mean_rollout_reward:          -0.3609  entropy:                       1.4822  actor_logit_l2:                5.6108
actor_bc_loss:                 0.0031  actor_bc_coef:                 0.2427  actor_lr:                      0.0001
critic_lr:                     0.0001  replay_size:              484800.0000  replay_demo:                   0.6410
replay_collapse:               0.1992  rollout_sps:                 877.7992  rollout_collect_s:            10.9366
worker_collect_s:             10.7349  env_step_s:                    1.7748  inference_wait_s:              0.0000
infer_build_s:                 0.0000  local_forward_s:               7.2799  action_to_numpy_s:             0.0947
transition_encode_s:           0.3043  stack_transitions_s:           0.0214  shm_serialize_s:               0.0110
shm_deserialize_s:             0.0012  rollout_wait_s:                1.9709  overlap_s:                     8.9657
actor_sync_s:                  0.1180  actor_publish_s:               0.0027  actor_sync_server_s:           0.0000
actor_sync_worker_s:           0.1153  replay_extend_s:               0.0400  replay_sample_s:               0.0112
to_device_s:                   0.0019  critic_update_s:               0.4511  actor_update_s:                0.0000
target_update_s:               0.0000  learner_update_s:              8.9653  eval_s:                        0.0000
infer_batch_mean:              4.0000  infer_batch_max:               4.0000  uniform:                       0.0000
proportional:                  0.0000  constant_mix:                  0.0000  pool_power_mix:                0.0000
random_logits:                 0.0000  actor_logits:                  1.0000
[INFO 20:56:35] train t_env: 230400 / 30000000 | update: 56 / 3157
[INFO 20:56:35] train Estimated time left: 20 hours, 12 minutes, 5 seconds. Time passed: 9 minutes, 23 seconds
[INFO 20:56:35] train Recent Stats | update: 56 / 3157 | t_env: 230400 / 30000000 | stage: regular_only
train_f_c:                     0.0175  train_gini:                    0.0472  train_R_mean:                  1.0152
train_payoff_mean:             0.1586  train_pool_grown:              0.3503  train_pool:                    0.2152
loss:                         -3.3775  policy_loss:                 -10.9669  value_loss:                    7.5894
mean_rollout_reward:          -0.1157  entropy:                       1.5197  actor_logit_l2:                4.4813
actor_bc_loss:                 0.0027  actor_bc_coef:                 0.2423  actor_lr:                      0.0001
critic_lr:                     0.0001  replay_size:              494400.0000  replay_demo:                   0.6277
replay_collapse:               0.1992  rollout_sps:                 878.0254  rollout_collect_s:            10.9338
worker_collect_s:             10.7320  env_step_s:                    1.7764  inference_wait_s:              0.0000
infer_build_s:                 0.0000  local_forward_s:               7.2748  action_to_numpy_s:             0.0952
transition_encode_s:           0.3052  stack_transitions_s:           0.0213  shm_serialize_s:               0.0110
shm_deserialize_s:             0.0012  rollout_wait_s:                1.9984  overlap_s:                     8.9354
actor_sync_s:                  0.1165  actor_publish_s:               0.0026  actor_sync_server_s:           0.0000
actor_sync_worker_s:           0.1139  replay_extend_s:               0.0403  replay_sample_s:               0.0113
to_device_s:                   0.0019  critic_update_s:               0.4499  actor_update_s:                0.0000
target_update_s:               0.0000  learner_update_s:              8.9350  eval_s:                        0.0000
infer_batch_mean:              4.0000  infer_batch_max:               4.0000  uniform:                       0.0000
proportional:                  0.0000  constant_mix:                  0.0000  pool_power_mix:                0.0000
random_logits:                 0.0000  actor_logits:                  1.0000
[INFO 20:56:46] train t_env: 240000 / 30000000 | update: 57 / 3157
[INFO 20:56:46] train Estimated time left: 19 hours, 46 minutes, 0 seconds. Time passed: 9 minutes, 34 seconds
[INFO 20:56:46] train Recent Stats | update: 57 / 3157 | t_env: 240000 / 30000000 | stage: regular_only
train_f_c:                     0.0149  train_gini:                    0.0411  train_R_mean:                  0.8271
train_payoff_mean:             0.1324  train_pool_grown:              0.2671  train_pool:                    0.1580
loss:                         -3.7866  policy_loss:                 -11.0316  value_loss:                    7.2450
mean_rollout_reward:          -0.1060  entropy:                       1.5234  actor_logit_l2:                4.2095
actor_bc_loss:                 0.0028  actor_bc_coef:                 0.2419  actor_lr:                      0.0001
critic_lr:                     0.0001  replay_size:              504000.0000  replay_demo:                   0.6150
replay_collapse:               0.1992  rollout_sps:                 878.3373  rollout_collect_s:            10.9299
worker_collect_s:             10.7297  env_step_s:                    1.7799  inference_wait_s:              0.0000
infer_build_s:                 0.0000  local_forward_s:               7.2668  action_to_numpy_s:             0.0957
transition_encode_s:           0.3063  stack_transitions_s:           0.0212  shm_serialize_s:               0.0110
shm_deserialize_s:             0.0011  rollout_wait_s:                2.0418  overlap_s:                     8.8881
actor_sync_s:                  0.1162  actor_publish_s:               0.0026  actor_sync_server_s:           0.0000
actor_sync_worker_s:           0.1136  replay_extend_s:               0.0402  replay_sample_s:               0.0110
to_device_s:                   0.0019  critic_update_s:               0.4451  actor_update_s:                0.0000
target_update_s:               0.0000  learner_update_s:              8.8877  eval_s:                        0.0000
infer_batch_mean:              4.0000  infer_batch_max:               4.0000  uniform:                       0.0000
proportional:                  0.0000  constant_mix:                  0.0000  pool_power_mix:                0.0000
random_logits:                 0.0000  actor_logits:                  1.0000
[INFO 20:56:58] train t_env: 249600 / 30000000 | update: 58 / 3157
[INFO 20:56:58] train Estimated time left: 19 hours, 22 minutes, 0 seconds. Time passed: 9 minutes, 45 seconds
[INFO 20:56:58] train Recent Stats | update: 58 / 3157 | t_env: 249600 / 30000000 | stage: regular_only
train_f_c:                     0.0156  train_gini:                    0.0457  train_R_mean:                  0.8377
train_payoff_mean:             0.1371  train_pool_grown:              0.2794  train_pool:                    0.1657
loss:                         -4.3846  policy_loss:                 -11.2377  value_loss:                    6.8531
mean_rollout_reward:          -0.1260  entropy:                       1.5207  actor_logit_l2:                4.2713
actor_bc_loss:                 0.0028  actor_bc_coef:                 0.2414  actor_lr:                      0.0001
critic_lr:                     0.0001  replay_size:              513600.0000  replay_demo:                   0.6047
replay_collapse:               0.1992  rollout_sps:                 878.0677  rollout_collect_s:            10.9332
worker_collect_s:             10.7342  env_step_s:                    1.7795  inference_wait_s:              0.0000
infer_build_s:                 0.0000  local_forward_s:               7.2712  action_to_numpy_s:             0.0954
transition_encode_s:           0.3063  stack_transitions_s:           0.0212  shm_serialize_s:               0.0110
shm_deserialize_s:             0.0011  rollout_wait_s:                1.9845  overlap_s:                     8.9487
actor_sync_s:                  0.1165  actor_publish_s:               0.0026  actor_sync_server_s:           0.0000
actor_sync_worker_s:           0.1139  replay_extend_s:               0.0403  replay_sample_s:               0.0111
to_device_s:                   0.0019  critic_update_s:               0.4509  actor_update_s:                0.0000
target_update_s:               0.0000  learner_update_s:              8.9483  eval_s:                        0.0000
infer_batch_mean:              4.0000  infer_batch_max:               4.0000  uniform:                       0.0000
proportional:                  0.0000  constant_mix:                  0.0000  pool_power_mix:                0.0000
random_logits:                 0.0000  actor_logits:                  1.0000
[INFO 20:57:09] train t_env: 259200 / 30000000 | update: 59 / 3157
[INFO 20:57:09] train Estimated time left: 18 hours, 59 minutes, 43 seconds. Time passed: 9 minutes, 56 seconds
[INFO 20:57:09] train Recent Stats | update: 59 / 3157 | t_env: 259200 / 30000000 | stage: regular_only
train_f_c:                     0.0166  train_gini:                    0.0506  train_R_mean:                  0.8559
train_payoff_mean:             0.1438  train_pool_grown:              0.2968  train_pool:                    0.1763
loss:                         -4.4013  policy_loss:                 -11.2883  value_loss:                    6.8871
mean_rollout_reward:          -0.1465  entropy:                       1.5190  actor_logit_l2:                4.3722
actor_bc_loss:                 0.0029  actor_bc_coef:                 0.2410  actor_lr:                      0.0001
critic_lr:                     0.0001  replay_size:              523200.0000  replay_demo:                   0.5947
replay_collapse:               0.1992  rollout_sps:                 878.1525  rollout_collect_s:            10.9322
worker_collect_s:             10.7327  env_step_s:                    1.7776  inference_wait_s:              0.0000
infer_build_s:                 0.0000  local_forward_s:               7.2731  action_to_numpy_s:             0.0959
transition_encode_s:           0.3051  stack_transitions_s:           0.0212  shm_serialize_s:               0.0110
shm_deserialize_s:             0.0011  rollout_wait_s:                1.9483  overlap_s:                     8.9839
actor_sync_s:                  0.1154  actor_publish_s:               0.0026  actor_sync_server_s:           0.0000
actor_sync_worker_s:           0.1128  replay_extend_s:               0.0408  replay_sample_s:               0.0107
to_device_s:                   0.0019  critic_update_s:               0.4507  actor_update_s:                0.0000
target_update_s:               0.0000  learner_update_s:              8.9835  eval_s:                        0.0000
infer_batch_mean:              4.0000  infer_batch_max:               4.0000  uniform:                       0.0000
proportional:                  0.0000  constant_mix:                  0.0000  pool_power_mix:                0.0000
random_logits:                 0.0000  actor_logits:                  1.0000
[INFO 20:57:20] train t_env: 268800 / 30000000 | update: 60 / 3157
[INFO 20:57:20] train Estimated time left: 18 hours, 39 minutes, 8 seconds. Time passed: 10 minutes, 7 seconds
[INFO 20:57:20] train Recent Stats | update: 60 / 3157 | t_env: 268800 / 30000000 | stage: regular_only
train_f_c:                     0.0170  train_gini:                    0.0528  train_R_mean:                  0.8581
train_payoff_mean:             0.1459  train_pool_grown:              0.3015  train_pool:                    0.1790
loss:                         -4.3672  policy_loss:                 -11.2988  value_loss:                    6.9316
mean_rollout_reward:          -0.1565  entropy:                       1.5206  actor_logit_l2:                4.4040
actor_bc_loss:                 0.0030  actor_bc_coef:                 0.2406  actor_lr:                      0.0001
critic_lr:                     0.0001  replay_size:              532800.0000  replay_demo:                   0.5926
replay_collapse:               0.1992  rollout_sps:                 877.6366  rollout_collect_s:            10.9386
worker_collect_s:             10.7378  env_step_s:                    1.7772  inference_wait_s:              0.0000
infer_build_s:                 0.0000  local_forward_s:               7.2795  action_to_numpy_s:             0.0953
transition_encode_s:           0.3057  stack_transitions_s:           0.0212  shm_serialize_s:               0.0110
shm_deserialize_s:             0.0011  rollout_wait_s:                1.9785  overlap_s:                     8.9602
actor_sync_s:                  0.1155  actor_publish_s:               0.0026  actor_sync_server_s:           0.0000
actor_sync_worker_s:           0.1128  replay_extend_s:               0.0410  replay_sample_s:               0.0105
to_device_s:                   0.0019  critic_update_s:               0.4506  actor_update_s:                0.0000
target_update_s:               0.0000  learner_update_s:              8.9598  eval_s:                        0.0000
infer_batch_mean:              4.0000  infer_batch_max:               4.0000  uniform:                       0.0000
proportional:                  0.0000  constant_mix:                  0.0000  pool_power_mix:                0.0000
random_logits:                 0.0000  actor_logits:                  1.0000
[INFO 20:57:31] train t_env: 278400 / 30000000 | update: 61 / 3157
[INFO 20:57:31] train Estimated time left: 18 hours, 19 minutes, 51 seconds. Time passed: 10 minutes, 18 seconds
[INFO 20:57:31] train Recent Stats | update: 61 / 3157 | t_env: 278400 / 30000000 | stage: regular_only
train_f_c:                     0.0169  train_gini:                    0.0574  train_R_mean:                  0.7454
train_payoff_mean:             0.1385  train_pool_grown:              0.2854  train_pool:                    0.1702
loss:                         -4.3809  policy_loss:                 -11.3610  value_loss:                    6.9800
mean_rollout_reward:          -0.1876  entropy:                       1.5234  actor_logit_l2:                4.6185
actor_bc_loss:                 0.0031  actor_bc_coef:                 0.2402  actor_lr:                      0.0001
critic_lr:                     0.0001  replay_size:              542400.0000  replay_demo:                   0.5848
replay_collapse:               0.1992  rollout_sps:                 877.3063  rollout_collect_s:            10.9427
worker_collect_s:             10.7401  env_step_s:                    1.7782  inference_wait_s:              0.0000
infer_build_s:                 0.0000  local_forward_s:               7.2807  action_to_numpy_s:             0.0950
transition_encode_s:           0.3066  stack_transitions_s:           0.0210  shm_serialize_s:               0.0110
shm_deserialize_s:             0.0011  rollout_wait_s:                2.0110  overlap_s:                     8.9318
actor_sync_s:                  0.1151  actor_publish_s:               0.0026  actor_sync_server_s:           0.0000
actor_sync_worker_s:           0.1125  replay_extend_s:               0.0405  replay_sample_s:               0.0108
to_device_s:                   0.0019  critic_update_s:               0.4585  actor_update_s:                0.0000
target_update_s:               0.0000  learner_update_s:              8.9314  eval_s:                        0.0000
infer_batch_mean:              4.0000  infer_batch_max:               4.0000  uniform:                       0.0000
proportional:                  0.0000  constant_mix:                  0.0000  pool_power_mix:                0.0000
random_logits:                 0.0000  actor_logits:                  1.0000
[INFO 20:57:42] train t_env: 288000 / 30000000 | update: 62 / 3157
[INFO 20:57:42] train Estimated time left: 18 hours, 1 minutes, 48 seconds. Time passed: 10 minutes, 29 seconds
[INFO 20:57:42] train Recent Stats | update: 62 / 3157 | t_env: 288000 / 30000000 | stage: regular_only
train_f_c:                     0.0189  train_gini:                    0.0797  train_R_mean:                  0.8442
train_payoff_mean:             0.1617  train_pool_grown:              0.3657  train_pool:                    0.2272
loss:                         -4.4335  policy_loss:                 -11.4446  value_loss:                    7.0111
mean_rollout_reward:          -0.2834  entropy:                       1.5228  actor_logit_l2:                5.0188
actor_bc_loss:                 0.0033  actor_bc_coef:                 0.2398  actor_lr:                      0.0001
critic_lr:                     0.0001  replay_size:              552000.0000  replay_demo:                   0.5746
replay_collapse:               0.1992  rollout_sps:                 877.7433  rollout_collect_s:            10.9373
worker_collect_s:             10.7389  env_step_s:                    1.7781  inference_wait_s:              0.0000
infer_build_s:                 0.0000  local_forward_s:               7.2786  action_to_numpy_s:             0.0952
transition_encode_s:           0.3062  stack_transitions_s:           0.0211  shm_serialize_s:               0.0110
shm_deserialize_s:             0.0011  rollout_wait_s:                1.9934  overlap_s:                     8.9439
actor_sync_s:                  0.1156  actor_publish_s:               0.0026  actor_sync_server_s:           0.0000
actor_sync_worker_s:           0.1130  replay_extend_s:               0.0402  replay_sample_s:               0.0109
to_device_s:                   0.0020  critic_update_s:               0.4595  actor_update_s:                0.0000
target_update_s:               0.0000  learner_update_s:              8.9435  eval_s:                        0.0000
infer_batch_mean:              4.0000  infer_batch_max:               4.0000  uniform:                       0.0000
proportional:                  0.0000  constant_mix:                  0.0000  pool_power_mix:                0.0000
random_logits:                 0.0000  actor_logits:                  1.0000
[INFO 20:57:53] train t_env: 297600 / 30000000 | update: 63 / 3157
[INFO 20:57:53] train Estimated time left: 17 hours, 44 minutes, 53 seconds. Time passed: 10 minutes, 40 seconds
[INFO 20:57:53] train Recent Stats | update: 63 / 3157 | t_env: 297600 / 30000000 | stage: regular_only
train_f_c:                     0.0271  train_gini:                    0.1430  train_R_mean:                  1.2682
train_payoff_mean:             0.2641  train_pool_grown:              0.7267  train_pool:                    0.4852
loss:                         -4.8325  policy_loss:                 -11.5680  value_loss:                    6.7355
mean_rollout_reward:          -0.5318  entropy:                       1.5166  actor_logit_l2:                5.9344
actor_bc_loss:                 0.0036  actor_bc_coef:                 0.2394  actor_lr:                      0.0001
critic_lr:                     0.0001  replay_size:              561120.0000  replay_demo:                   0.5721
replay_collapse:               0.1992  rollout_sps:                 877.9726  rollout_collect_s:            10.9345
worker_collect_s:             10.7384  env_step_s:                    1.7782  inference_wait_s:              0.0000
infer_build_s:                 0.0000  local_forward_s:               7.2777  action_to_numpy_s:             0.0952
transition_encode_s:           0.3058  stack_transitions_s:           0.0213  shm_serialize_s:               0.0110
shm_deserialize_s:             0.0011  rollout_wait_s:                2.0076  overlap_s:                     8.9269
actor_sync_s:                  0.1150  actor_publish_s:               0.0025  actor_sync_server_s:           0.0000
actor_sync_worker_s:           0.1125  replay_extend_s:               0.0398  replay_sample_s:               0.0108
to_device_s:                   0.0020  critic_update_s:               0.4529  actor_update_s:                0.0000
target_update_s:               0.0000  learner_update_s:              8.9265  eval_s:                        0.0000
infer_batch_mean:              4.0000  infer_batch_max:               4.0000  uniform:                       0.0000
proportional:                  0.0000  constant_mix:                  0.0000  pool_power_mix:                0.0000
random_logits:                 0.0000  actor_logits:                  1.0000
[INFO 20:58:04] train t_env: 307200 / 30000000 | update: 64 / 3157
[INFO 20:58:04] train Estimated time left: 17 hours, 29 minutes, 6 seconds. Time passed: 10 minutes, 51 seconds
[INFO 20:58:04] train Recent Stats | update: 64 / 3157 | t_env: 307200 / 30000000 | stage: regular_only
train_f_c:                     0.0364  train_gini:                    0.2199  train_R_mean:                  1.9020
train_payoff_mean:             0.3974  train_pool_grown:              1.1923  train_pool:                    0.8167
loss:                         -4.9435  policy_loss:                 -11.7242  value_loss:                    6.7807
mean_rollout_reward:          -0.8239  entropy:                       1.5053  actor_logit_l2:                7.5308
actor_bc_loss:                 0.0040  actor_bc_coef:                 0.2389  actor_lr:                      0.0001
critic_lr:                     0.0001  replay_size:              569280.0000  replay_demo:                   0.5725
replay_collapse:               0.1992  rollout_sps:                 878.7332  rollout_collect_s:            10.9249
worker_collect_s:             10.7409  env_step_s:                    1.7774  inference_wait_s:              0.0000
infer_build_s:                 0.0000  local_forward_s:               7.2807  action_to_numpy_s:             0.0953
transition_encode_s:           0.3057  stack_transitions_s:           0.0213  shm_serialize_s:               0.0110
shm_deserialize_s:             0.0011  rollout_wait_s:                1.9215  overlap_s:                     9.0034
actor_sync_s:                  0.1159  actor_publish_s:               0.0025  actor_sync_server_s:           0.0000
actor_sync_worker_s:           0.1134  replay_extend_s:               0.0393  replay_sample_s:               0.0107
to_device_s:                   0.0020  critic_update_s:               0.4548  actor_update_s:                0.0000
target_update_s:               0.0000  learner_update_s:              9.0030  eval_s:                        0.0000
infer_batch_mean:              4.0000  infer_batch_max:               4.0000  uniform:                       0.0000
proportional:                  0.0000  constant_mix:                  0.0000  pool_power_mix:                0.0000
random_logits:                 0.0000  actor_logits:                  1.0000
[INFO 20:58:15] train t_env: 316800 / 30000000 | update: 65 / 3157
[INFO 20:58:15] train Estimated time left: 17 hours, 14 minutes, 14 seconds. Time passed: 11 minutes, 2 seconds
[INFO 20:58:15] train Recent Stats | update: 65 / 3157 | t_env: 316800 / 30000000 | stage: regular_only
train_f_c:                     0.0437  train_gini:                    0.2918  train_R_mean:                  2.2828
train_payoff_mean:             0.4928  train_pool_grown:              1.4850  train_pool:                    1.0135
loss:                         -5.1388  policy_loss:                 -11.6316  value_loss:                    6.4927
mean_rollout_reward:          -1.1203  entropy:                       1.4894  actor_logit_l2:                9.7880
actor_bc_loss:                 0.0046  actor_bc_coef:                 0.2385  actor_lr:                      0.0001
critic_lr:                     0.0001  replay_size:              576480.0000  replay_demo:                   0.5695
replay_collapse:               0.1992  rollout_sps:                 878.8945  rollout_collect_s:            10.9229
worker_collect_s:             10.7380  env_step_s:                    1.7790  inference_wait_s:              0.0000
infer_build_s:                 0.0000  local_forward_s:               7.2746  action_to_numpy_s:             0.0954
transition_encode_s:           0.3060  stack_transitions_s:           0.0213  shm_serialize_s:               0.0111
shm_deserialize_s:             0.0011  rollout_wait_s:                1.9895  overlap_s:                     8.9334
actor_sync_s:                  0.1162  actor_publish_s:               0.0023  actor_sync_server_s:           0.0000
actor_sync_worker_s:           0.1138  replay_extend_s:               0.0397  replay_sample_s:               0.0105
to_device_s:                   0.0020  critic_update_s:               0.4503  actor_update_s:                0.0000
target_update_s:               0.0000  learner_update_s:              8.9330  eval_s:                        0.0000
infer_batch_mean:              4.0000  infer_batch_max:               4.0000  uniform:                       0.0000
proportional:                  0.0000  constant_mix:                  0.0000  pool_power_mix:                0.0000
random_logits:                 0.0000  actor_logits:                  1.0000
[INFO 20:58:26] train t_env: 326400 / 30000000 | update: 66 / 3157
[INFO 20:58:26] train Estimated time left: 17 hours, 0 minutes, 14 seconds. Time passed: 11 minutes, 13 seconds
[INFO 20:58:26] train Recent Stats | update: 66 / 3157 | t_env: 326400 / 30000000 | stage: regular_only
train_f_c:                     0.0454  train_gini:                    0.3221  train_R_mean:                  2.3119
train_payoff_mean:             0.5072  train_pool_grown:              1.5209  train_pool:                    1.0350
loss:                         -5.2337  policy_loss:                 -11.5576  value_loss:                    6.3239
mean_rollout_reward:          -1.2634  entropy:                       1.4699  actor_logit_l2:               12.2549
actor_bc_loss:                 0.0052  actor_bc_coef:                 0.2381  actor_lr:                      0.0001
critic_lr:                     0.0001  replay_size:              582720.0000  replay_demo:                   0.5637
replay_collapse:               0.1992  rollout_sps:                 878.9604  rollout_collect_s:            10.9221
worker_collect_s:             10.7396  env_step_s:                    1.7786  inference_wait_s:              0.0000
infer_build_s:                 0.0000  local_forward_s:               7.2752  action_to_numpy_s:             0.0953
transition_encode_s:           0.3055  stack_transitions_s:           0.0214  shm_serialize_s:               0.0111
shm_deserialize_s:             0.0011  rollout_wait_s:                1.9667  overlap_s:                     8.9554
actor_sync_s:                  0.1167  actor_publish_s:               0.0024  actor_sync_server_s:           0.0000
actor_sync_worker_s:           0.1143  replay_extend_s:               0.0396  replay_sample_s:               0.0104
to_device_s:                   0.0020  critic_update_s:               0.4486  actor_update_s:                0.0000
target_update_s:               0.0000  learner_update_s:              8.9550  eval_s:                        0.0000
infer_batch_mean:              4.0000  infer_batch_max:               4.0000  uniform:                       0.0000
proportional:                  0.0000  constant_mix:                  0.0000  pool_power_mix:                0.0000
random_logits:                 0.0000  actor_logits:                  1.0000
[INFO 20:58:37] train t_env: 336000 / 30000000 | update: 67 / 3157
[INFO 20:58:37] train Estimated time left: 16 hours, 47 minutes, 2 seconds. Time passed: 11 minutes, 24 seconds
[INFO 20:58:37] train Recent Stats | update: 67 / 3157 | t_env: 336000 / 30000000 | stage: regular_only
train_f_c:                     0.0459  train_gini:                    0.3401  train_R_mean:                  2.3125
train_payoff_mean:             0.5115  train_pool_grown:              1.5313  train_pool:                    1.0410
loss:                         -5.4790  policy_loss:                 -11.5641  value_loss:                    6.0850
mean_rollout_reward:          -1.3514  entropy:                       1.4429  actor_logit_l2:               15.8973
actor_bc_loss:                 0.0061  actor_bc_coef:                 0.2377  actor_lr:                      0.0001
critic_lr:                     0.0001  replay_size:              588000.0000  replay_demo:                   0.5596
replay_collapse:               0.1992  rollout_sps:                 878.5780  rollout_collect_s:            10.9268
worker_collect_s:             10.7416  env_step_s:                    1.7771  inference_wait_s:              0.0000
infer_build_s:                 0.0000  local_forward_s:               7.2800  action_to_numpy_s:             0.0953
transition_encode_s:           0.3046  stack_transitions_s:           0.0215  shm_serialize_s:               0.0112
shm_deserialize_s:             0.0011  rollout_wait_s:                1.9546  overlap_s:                     8.9722
actor_sync_s:                  0.1163  actor_publish_s:               0.0025  actor_sync_server_s:           0.0000
actor_sync_worker_s:           0.1139  replay_extend_s:               0.0392  replay_sample_s:               0.0099
to_device_s:                   0.0020  critic_update_s:               0.4527  actor_update_s:                0.0000
target_update_s:               0.0000  learner_update_s:              8.9719  eval_s:                        0.0000
infer_batch_mean:              4.0000  infer_batch_max:               4.0000  uniform:                       0.0000
proportional:                  0.0000  constant_mix:                  0.0000  pool_power_mix:                0.0000
random_logits:                 0.0000  actor_logits:                  1.0000
[INFO 20:58:48] train t_env: 345600 / 30000000 | update: 68 / 3157
[INFO 20:58:48] train Estimated time left: 16 hours, 34 minutes, 41 seconds. Time passed: 11 minutes, 36 seconds
[INFO 20:58:48] train Recent Stats | update: 68 / 3157 | t_env: 345600 / 30000000 | stage: regular_only
train_f_c:                     0.0463  train_gini:                    0.3763  train_R_mean:                  2.3103
train_payoff_mean:             0.5148  train_pool_grown:              1.5394  train_pool:                    1.0456
loss:                         -5.1261  policy_loss:                 -11.4584  value_loss:                    6.3323
mean_rollout_reward:          -1.5306  entropy:                       1.4104  actor_logit_l2:               19.3980
actor_bc_loss:                 0.0073  actor_bc_coef:                 0.2373  actor_lr:                      0.0001
critic_lr:                     0.0001  replay_size:              592320.0000  replay_demo:                   0.5516
replay_collapse:               0.1992  rollout_sps:                 878.0633  rollout_collect_s:            10.9333
worker_collect_s:             10.7434  env_step_s:                    1.7793  inference_wait_s:              0.0000
infer_build_s:                 0.0000  local_forward_s:               7.2806  action_to_numpy_s:             0.0952
transition_encode_s:           0.3054  stack_transitions_s:           0.0215  shm_serialize_s:               0.0112
shm_deserialize_s:             0.0011  rollout_wait_s:                2.0244  overlap_s:                     8.9089
actor_sync_s:                  0.1170  actor_publish_s:               0.0025  actor_sync_server_s:           0.0000
actor_sync_worker_s:           0.1145  replay_extend_s:               0.0389  replay_sample_s:               0.0101
to_device_s:                   0.0020  critic_update_s:               0.4492  actor_update_s:                0.0000
target_update_s:               0.0000  learner_update_s:              8.9086  eval_s:                        0.0000
infer_batch_mean:              4.0000  infer_batch_max:               4.0000  uniform:                       0.0000
proportional:                  0.0000  constant_mix:                  0.0000  pool_power_mix:                0.0000
random_logits:                 0.0000  actor_logits:                  1.0000
[INFO 20:58:59] train t_env: 355200 / 30000000 | update: 69 / 3157
[INFO 20:58:59] train Estimated time left: 16 hours, 22 minutes, 46 seconds. Time passed: 11 minutes, 47 seconds
[INFO 20:58:59] train Recent Stats | update: 69 / 3157 | t_env: 355200 / 30000000 | stage: regular_only
train_f_c:                     0.0455  train_gini:                    0.3868  train_R_mean:                  2.2911
train_payoff_mean:             0.5093  train_pool_grown:              1.5260  train_pool:                    1.0378
loss:                         -5.3740  policy_loss:                 -11.3972  value_loss:                    6.0232
mean_rollout_reward:          -1.5868  entropy:                       1.3713  actor_logit_l2:               22.9193
actor_bc_loss:                 0.0086  actor_bc_coef:                 0.2369  actor_lr:                      0.0001
critic_lr:                     0.0001  replay_size:              595680.0000  replay_demo:                   0.5441
replay_collapse:               0.1992  rollout_sps:                 878.4974  rollout_collect_s:            10.9279
worker_collect_s:             10.7419  env_step_s:                    1.7764  inference_wait_s:              0.0000
infer_build_s:                 0.0000  local_forward_s:               7.2813  action_to_numpy_s:             0.0956
transition_encode_s:           0.3051  stack_transitions_s:           0.0215  shm_serialize_s:               0.0112
shm_deserialize_s:             0.0010  rollout_wait_s:                2.0457  overlap_s:                     8.8822
actor_sync_s:                  0.1172  actor_publish_s:               0.0026  actor_sync_server_s:           0.0000
actor_sync_worker_s:           0.1146  replay_extend_s:               0.0386  replay_sample_s:               0.0102
to_device_s:                   0.0020  critic_update_s:               0.4494  actor_update_s:                0.0000
target_update_s:               0.0000  learner_update_s:              8.8819  eval_s:                        0.0000
infer_batch_mean:              4.0000  infer_batch_max:               4.0000  uniform:                       0.0000
proportional:                  0.0000  constant_mix:                  0.0000  pool_power_mix:                0.0000
random_logits:                 0.0000  actor_logits:                  1.0000
[INFO 20:59:10] train t_env: 364800 / 30000000 | update: 70 / 3157
[INFO 20:59:10] train Estimated time left: 16 hours, 11 minutes, 30 seconds. Time passed: 11 minutes, 58 seconds
[INFO 20:59:10] train Recent Stats | update: 70 / 3157 | t_env: 364800 / 30000000 | stage: regular_only
train_f_c:                     0.0445  train_gini:                    0.3943  train_R_mean:                  2.2765
train_payoff_mean:             0.5039  train_pool_grown:              1.5135  train_pool:                    1.0306
loss:                         -5.5303  policy_loss:                 -11.3620  value_loss:                    5.8317
mean_rollout_reward:          -1.6274  entropy:                       1.3303  actor_logit_l2:               26.8223
actor_bc_loss:                 0.0100  actor_bc_coef:                 0.2364  actor_lr:                      0.0001
critic_lr:                     0.0001  replay_size:              598080.0000  replay_demo:                   0.5348
replay_collapse:               0.1992  rollout_sps:                 879.2565  rollout_collect_s:            10.9185
worker_collect_s:             10.7360  env_step_s:                    1.7748  inference_wait_s:              0.0000
infer_build_s:                 0.0000  local_forward_s:               7.2767  action_to_numpy_s:             0.0962
transition_encode_s:           0.3040  stack_transitions_s:           0.0216  shm_serialize_s:               0.0112
shm_deserialize_s:             0.0010  rollout_wait_s:                2.0155  overlap_s:                     8.9029
actor_sync_s:                  0.1162  actor_publish_s:               0.0026  actor_sync_server_s:           0.0000
actor_sync_worker_s:           0.1136  replay_extend_s:               0.0383  replay_sample_s:               0.0104
to_device_s:                   0.0020  critic_update_s:               0.4557  actor_update_s:                0.0000
target_update_s:               0.0000  learner_update_s:              8.9026  eval_s:                        0.0000
infer_batch_mean:              4.0000  infer_batch_max:               4.0000  uniform:                       0.0000
proportional:                  0.0000  constant_mix:                  0.0000  pool_power_mix:                0.0000
random_logits:                 0.0000  actor_logits:                  1.0000
[INFO 20:59:21] train t_env: 374400 / 30000000 | update: 71 / 3157
[INFO 20:59:21] train Estimated time left: 16 hours, 0 minutes, 51 seconds. Time passed: 12 minutes, 9 seconds
[INFO 20:59:21] train Recent Stats | update: 71 / 3157 | t_env: 374400 / 30000000 | stage: regular_only
train_f_c:                     0.0430  train_gini:                    0.3936  train_R_mean:                  2.2394
train_payoff_mean:             0.4933  train_pool_grown:              1.4813  train_pool:                    1.0091
loss:                         -5.7533  policy_loss:                 -11.3599  value_loss:                    5.6067
mean_rollout_reward:          -1.6306  entropy:                       1.2904  actor_logit_l2:               30.9770
actor_bc_loss:                 0.0115  actor_bc_coef:                 0.2360  actor_lr:                      0.0001
critic_lr:                     0.0001  replay_size:              599520.0000  replay_demo:                   0.5264
replay_collapse:               0.1992  rollout_sps:                 879.3813  rollout_collect_s:            10.9169
worker_collect_s:             10.7361  env_step_s:                    1.7767  inference_wait_s:              0.0000
infer_build_s:                 0.0000  local_forward_s:               7.2749  action_to_numpy_s:             0.0962
transition_encode_s:           0.3038  stack_transitions_s:           0.0216  shm_serialize_s:               0.0112
shm_deserialize_s:             0.0011  rollout_wait_s:                1.9556  overlap_s:                     8.9613
actor_sync_s:                  0.1177  actor_publish_s:               0.0027  actor_sync_server_s:           0.0000
actor_sync_worker_s:           0.1151  replay_extend_s:               0.0384  replay_sample_s:               0.0103
to_device_s:                   0.0020  critic_update_s:               0.4565  actor_update_s:                0.0000
target_update_s:               0.0000  learner_update_s:              8.9610  eval_s:                        0.0000
infer_batch_mean:              4.0000  infer_batch_max:               4.0000  uniform:                       0.0000
proportional:                  0.0000  constant_mix:                  0.0000  pool_power_mix:                0.0000
random_logits:                 0.0000  actor_logits:                  1.0000
[INFO 20:59:32] train t_env: 384000 / 30000000 | update: 72 / 3157
[INFO 20:59:32] train Estimated time left: 15 hours, 50 minutes, 40 seconds. Time passed: 12 minutes, 20 seconds
[INFO 20:59:32] train Recent Stats | update: 72 / 3157 | t_env: 384000 / 30000000 | stage: regular_only
train_f_c:                     0.0392  train_gini:                    0.3900  train_R_mean:                  2.0884
train_payoff_mean:             0.4567  train_pool_grown:              1.3678  train_pool:                    0.9321
loss:                         -5.9691  policy_loss:                 -11.3661  value_loss:                    5.3969
mean_rollout_reward:          -1.6371  entropy:                       1.2503  actor_logit_l2:               34.3726
actor_bc_loss:                 0.0129  actor_bc_coef:                 0.2356  actor_lr:                      0.0001
critic_lr:                     0.0001  replay_size:              600000.0000  replay_demo:                   0.5146
replay_collapse:               0.1992  rollout_sps:                 879.4600  rollout_collect_s:            10.9159
worker_collect_s:             10.7355  env_step_s:                    1.7762  inference_wait_s:              0.0000
infer_build_s:                 0.0000  local_forward_s:               7.2756  action_to_numpy_s:             0.0970
transition_encode_s:           0.3031  stack_transitions_s:           0.0214  shm_serialize_s:               0.0112
shm_deserialize_s:             0.0011  rollout_wait_s:                1.9438  overlap_s:                     8.9721
actor_sync_s:                  0.1177  actor_publish_s:               0.0026  actor_sync_server_s:           0.0000
actor_sync_worker_s:           0.1151  replay_extend_s:               0.0383  replay_sample_s:               0.0104
to_device_s:                   0.0020  critic_update_s:               0.4556  actor_update_s:                0.0000
target_update_s:               0.0000  learner_update_s:              8.9718  eval_s:                        0.0000
infer_batch_mean:              4.0000  infer_batch_max:               4.0000  uniform:                       0.0000
proportional:                  0.0000  constant_mix:                  0.0000  pool_power_mix:                0.0000
random_logits:                 0.0000  actor_logits:                  1.0000
[INFO 20:59:43] train t_env: 393600 / 30000000 | update: 73 / 3157
[INFO 20:59:43] train Estimated time left: 15 hours, 41 minutes, 3 seconds. Time passed: 12 minutes, 31 seconds
[INFO 20:59:43] train Recent Stats | update: 73 / 3157 | t_env: 393600 / 30000000 | stage: regular_only
train_f_c:                     0.0294  train_gini:                    0.3564  train_R_mean:                  1.5580
train_payoff_mean:             0.3422  train_pool_grown:              0.9747  train_pool:                    0.6542
loss:                         -5.9122  policy_loss:                 -11.3059  value_loss:                    5.3937
mean_rollout_reward:          -1.5477  entropy:                       1.2075  actor_logit_l2:               36.7677
actor_bc_loss:                 0.0143  actor_bc_coef:                 0.2352  actor_lr:                      0.0001
critic_lr:                     0.0001  replay_size:              600000.0000  replay_demo:                   0.5066
replay_collapse:               0.1992  rollout_sps:                 878.9931  rollout_collect_s:            10.9217
worker_collect_s:             10.7410  env_step_s:                    1.7751  inference_wait_s:              0.0000
infer_build_s:                 0.0000  local_forward_s:               7.2822  action_to_numpy_s:             0.0962
transition_encode_s:           0.3037  stack_transitions_s:           0.0214  shm_serialize_s:               0.0112
shm_deserialize_s:             0.0011  rollout_wait_s:                1.9631  overlap_s:                     8.9586
actor_sync_s:                  0.1161  actor_publish_s:               0.0026  actor_sync_server_s:           0.0000
actor_sync_worker_s:           0.1134  replay_extend_s:               0.0382  replay_sample_s:               0.0108
to_device_s:                   0.0020  critic_update_s:               0.4530  actor_update_s:                0.0000
target_update_s:               0.0000  learner_update_s:              8.9583  eval_s:                        0.0000
infer_batch_mean:              4.0000  infer_batch_max:               4.0000  uniform:                       0.0000
proportional:                  0.0000  constant_mix:                  0.0000  pool_power_mix:                0.0000
random_logits:                 0.0000  actor_logits:                  1.0000
[INFO 20:59:54] train t_env: 403200 / 30000000 | update: 74 / 3157
[INFO 20:59:54] train Estimated time left: 15 hours, 31 minutes, 59 seconds. Time passed: 12 minutes, 42 seconds
[INFO 20:59:54] train Recent Stats | update: 74 / 3157 | t_env: 403200 / 30000000 | stage: regular_only
train_f_c:                     0.0196  train_gini:                    0.3219  train_R_mean:                  0.9206
train_payoff_mean:             0.2087  train_pool_grown:              0.5085  train_pool:                    0.3223
loss:                         -5.8663  policy_loss:                 -11.1936  value_loss:                    5.3273
mean_rollout_reward:          -1.4679  entropy:                       1.1709  actor_logit_l2:               38.3019
actor_bc_loss:                 0.0155  actor_bc_coef:                 0.2348  actor_lr:                      0.0001
critic_lr:                     0.0001  replay_size:              600000.0000  replay_demo:                   0.4896
replay_collapse:               0.1992  rollout_sps:                 878.2714  rollout_collect_s:            10.9308
worker_collect_s:             10.7376  env_step_s:                    1.7758  inference_wait_s:              0.0000
infer_build_s:                 0.0000  local_forward_s:               7.2792  action_to_numpy_s:             0.0960
transition_encode_s:           0.3033  stack_transitions_s:           0.0212  shm_serialize_s:               0.0112
shm_deserialize_s:             0.0011  rollout_wait_s:                1.9774  overlap_s:                     8.9534
actor_sync_s:                  0.1155  actor_publish_s:               0.0029  actor_sync_server_s:           0.0000
actor_sync_worker_s:           0.1126  replay_extend_s:               0.0386  replay_sample_s:               0.0106
to_device_s:                   0.0020  critic_update_s:               0.4567  actor_update_s:                0.0000
target_update_s:               0.0000  learner_update_s:              8.9531  eval_s:                        0.0000
infer_batch_mean:              4.0000  infer_batch_max:               4.0000  uniform:                       0.0000
proportional:                  0.0000  constant_mix:                  0.0000  pool_power_mix:                0.0000
random_logits:                 0.0000  actor_logits:                  1.0000
[INFO 21:00:05] train t_env: 412800 / 30000000 | update: 75 / 3157
[INFO 21:00:05] train Estimated time left: 15 hours, 23 minutes, 14 seconds. Time passed: 12 minutes, 53 seconds
[INFO 21:00:05] train Recent Stats | update: 75 / 3157 | t_env: 412800 / 30000000 | stage: regular_only
train_f_c:                     0.0117  train_gini:                    0.2725  train_R_mean:                  0.5519
train_payoff_mean:             0.1163  train_pool_grown:              0.2264  train_pool:                    0.1330
loss:                         -5.8033  policy_loss:                 -11.1311  value_loss:                    5.3278
mean_rollout_reward:          -1.2822  entropy:                       1.1349  actor_logit_l2:               38.4523
actor_bc_loss:                 0.0167  actor_bc_coef:                 0.2344  actor_lr:                      0.0001
critic_lr:                     0.0001  replay_size:              600000.0000  replay_demo:                   0.4760
replay_collapse:               0.1992  rollout_sps:                 878.0192  rollout_collect_s:            10.9339
worker_collect_s:             10.7398  env_step_s:                    1.7725  inference_wait_s:              0.0000
infer_build_s:                 0.0000  local_forward_s:               7.2874  action_to_numpy_s:             0.0957
transition_encode_s:           0.3021  stack_transitions_s:           0.0212  shm_serialize_s:               0.0112
shm_deserialize_s:             0.0011  rollout_wait_s:                1.9593  overlap_s:                     8.9746
actor_sync_s:                  0.1139  actor_publish_s:               0.0029  actor_sync_server_s:           0.0000
actor_sync_worker_s:           0.1110  replay_extend_s:               0.0383  replay_sample_s:               0.0106
to_device_s:                   0.0020  critic_update_s:               0.4565  actor_update_s:                0.0000
target_update_s:               0.0000  learner_update_s:              8.9743  eval_s:                        0.0000
infer_batch_mean:              4.0000  infer_batch_max:               4.0000  uniform:                       0.0000
proportional:                  0.0000  constant_mix:                  0.0000  pool_power_mix:                0.0000
random_logits:                 0.0000  actor_logits:                  1.0000
[INFO 21:00:17] train t_env: 422400 / 30000000 | update: 76 / 3157
[INFO 21:00:17] train Estimated time left: 15 hours, 14 minutes, 53 seconds. Time passed: 13 minutes, 4 seconds
[INFO 21:00:17] train Recent Stats | update: 76 / 3157 | t_env: 422400 / 30000000 | stage: regular_only
train_f_c:                     0.0096  train_gini:                    0.2625  train_R_mean:                  0.5401
train_payoff_mean:             0.1061  train_pool_grown:              0.2029  train_pool:                    0.1198
loss:                         -6.1108  policy_loss:                 -11.1301  value_loss:                    5.0193
mean_rollout_reward:          -1.2378  entropy:                       1.1001  actor_logit_l2:               38.0427
actor_bc_loss:                 0.0178  actor_bc_coef:                 0.2339  actor_lr:                      0.0001
critic_lr:                     0.0001  replay_size:              600000.0000  replay_demo:                   0.4662
replay_collapse:               0.1992  rollout_sps:                 877.6789  rollout_collect_s:            10.9382
worker_collect_s:             10.7396  env_step_s:                    1.7709  inference_wait_s:              0.0000
infer_build_s:                 0.0000  local_forward_s:               7.2924  action_to_numpy_s:             0.0960
transition_encode_s:           0.3013  stack_transitions_s:           0.0211  shm_serialize_s:               0.0111
shm_deserialize_s:             0.0011  rollout_wait_s:                1.9062  overlap_s:                     9.0320
actor_sync_s:                  0.1127  actor_publish_s:               0.0027  actor_sync_server_s:           0.0000
actor_sync_worker_s:           0.1100  replay_extend_s:               0.0385  replay_sample_s:               0.0108
to_device_s:                   0.0020  critic_update_s:               0.4593  actor_update_s:                0.0000
target_update_s:               0.0000  learner_update_s:              9.0317  eval_s:                        0.0000
infer_batch_mean:              4.0000  infer_batch_max:               4.0000  uniform:                       0.0000
proportional:                  0.0000  constant_mix:                  0.0000  pool_power_mix:                0.0000
random_logits:                 0.0000  actor_logits:                  1.0000
[INFO 21:00:28] train t_env: 432000 / 30000000 | update: 77 / 3157
[INFO 21:00:28] train Estimated time left: 15 hours, 6 minutes, 56 seconds. Time passed: 13 minutes, 15 seconds
[INFO 21:00:28] train Recent Stats | update: 77 / 3157 | t_env: 432000 / 30000000 | stage: regular_only
train_f_c:                     0.0083  train_gini:                    0.2648  train_R_mean:                  0.5503
train_payoff_mean:             0.1024  train_pool_grown:              0.1974  train_pool:                    0.1180
loss:                         -6.1290  policy_loss:                 -11.0290  value_loss:                    4.9000
mean_rollout_reward:          -1.2504  entropy:                       1.0728  actor_logit_l2:               36.4172
actor_bc_loss:                 0.0186  actor_bc_coef:                 0.2335  actor_lr:                      0.0001
critic_lr:                     0.0001  replay_size:              600000.0000  replay_demo:                   0.4520
replay_collapse:               0.1992  rollout_sps:                 877.2327  rollout_collect_s:            10.9438
worker_collect_s:             10.7429  env_step_s:                    1.7732  inference_wait_s:              0.0000
infer_build_s:                 0.0000  local_forward_s:               7.2922  action_to_numpy_s:             0.0951
transition_encode_s:           0.3025  stack_transitions_s:           0.0210  shm_serialize_s:               0.0111
shm_deserialize_s:             0.0011  rollout_wait_s:                1.8719  overlap_s:                     9.0718
actor_sync_s:                  0.1111  actor_publish_s:               0.0027  actor_sync_server_s:           0.0000
actor_sync_worker_s:           0.1084  replay_extend_s:               0.0391  replay_sample_s:               0.0111
to_device_s:                   0.0020  critic_update_s:               0.4588  actor_update_s:                0.0000
target_update_s:               0.0000  learner_update_s:              9.0715  eval_s:                        0.0000
infer_batch_mean:              4.0000  infer_batch_max:               4.0000  uniform:                       0.0000
proportional:                  0.0000  constant_mix:                  0.0000  pool_power_mix:                0.0000
random_logits:                 0.0000  actor_logits:                  1.0000
[INFO 21:00:39] train t_env: 441600 / 30000000 | update: 78 / 3157
[INFO 21:00:39] train Estimated time left: 14 hours, 59 minutes, 18 seconds. Time passed: 13 minutes, 26 seconds
[INFO 21:00:39] train Recent Stats | update: 78 / 3157 | t_env: 441600 / 30000000 | stage: regular_only
train_f_c:                     0.0068  train_gini:                    0.2479  train_R_mean:                  0.5600
train_payoff_mean:             0.0972  train_pool_grown:              0.1888  train_pool:                    0.1148
loss:                         -6.4865  policy_loss:                 -10.9520  value_loss:                    4.4655
mean_rollout_reward:          -1.1683  entropy:                       1.0497  actor_logit_l2:               34.7893
actor_bc_loss:                 0.0192  actor_bc_coef:                 0.2331  actor_lr:                      0.0001
critic_lr:                     0.0001  replay_size:              600000.0000  replay_demo:                   0.4393
replay_collapse:               0.1992  rollout_sps:                 877.5894  rollout_collect_s:            10.9393
worker_collect_s:             10.7413  env_step_s:                    1.7722  inference_wait_s:              0.0000
infer_build_s:                 0.0000  local_forward_s:               7.2904  action_to_numpy_s:             0.0950
transition_encode_s:           0.3019  stack_transitions_s:           0.0211  shm_serialize_s:               0.0111
shm_deserialize_s:             0.0011  rollout_wait_s:                1.8565  overlap_s:                     9.0828
actor_sync_s:                  0.1111  actor_publish_s:               0.0027  actor_sync_server_s:           0.0000
actor_sync_worker_s:           0.1084  replay_extend_s:               0.0392  replay_sample_s:               0.0110
to_device_s:                   0.0020  critic_update_s:               0.4585  actor_update_s:                0.0000
target_update_s:               0.0000  learner_update_s:              9.0825  eval_s:                        0.0000
infer_batch_mean:              4.0000  infer_batch_max:               4.0000  uniform:                       0.0000
proportional:                  0.0000  constant_mix:                  0.0000  pool_power_mix:                0.0000
random_logits:                 0.0000  actor_logits:                  1.0000
[INFO 21:00:50] train t_env: 451200 / 30000000 | update: 79 / 3157
[INFO 21:00:50] train Estimated time left: 14 hours, 51 minutes, 54 seconds. Time passed: 13 minutes, 37 seconds
[INFO 21:00:50] train Recent Stats | update: 79 / 3157 | t_env: 451200 / 30000000 | stage: regular_only
train_f_c:                     0.0064  train_gini:                    0.2469  train_R_mean:                  0.5850
train_payoff_mean:             0.0978  train_pool_grown:              0.1981  train_pool:                    0.1235
loss:                         -6.2085  policy_loss:                 -10.8906  value_loss:                    4.6821
mean_rollout_reward:          -1.1617  entropy:                       1.0292  actor_logit_l2:               33.1131
actor_bc_loss:                 0.0196  actor_bc_coef:                 0.2327  actor_lr:                      0.0001
critic_lr:                     0.0001  replay_size:              600000.0000  replay_demo:                   0.4236
replay_collapse:               0.1992  rollout_sps:                 877.3596  rollout_collect_s:            10.9421
worker_collect_s:             10.7445  env_step_s:                    1.7728  inference_wait_s:              0.0000
infer_build_s:                 0.0000  local_forward_s:               7.2940  action_to_numpy_s:             0.0943
transition_encode_s:           0.3016  stack_transitions_s:           0.0211  shm_serialize_s:               0.0111
shm_deserialize_s:             0.0011  rollout_wait_s:                1.8280  overlap_s:                     9.1141
actor_sync_s:                  0.1108  actor_publish_s:               0.0027  actor_sync_server_s:           0.0000
actor_sync_worker_s:           0.1081  replay_extend_s:               0.0388  replay_sample_s:               0.0108
to_device_s:                   0.0020  critic_update_s:               0.4608  actor_update_s:                0.0000
target_update_s:               0.0000  learner_update_s:              9.1137  eval_s:                        0.0000
infer_batch_mean:              4.0000  infer_batch_max:               4.0000  uniform:                       0.0000
proportional:                  0.0000  constant_mix:                  0.0000  pool_power_mix:                0.0000
random_logits:                 0.0000  actor_logits:                  1.0000
[INFO 21:01:01] train t_env: 460800 / 30000000 | update: 80 / 3157
[INFO 21:01:01] train Estimated time left: 14 hours, 44 minutes, 53 seconds. Time passed: 13 minutes, 48 seconds
[INFO 21:01:01] train Recent Stats | update: 80 / 3157 | t_env: 460800 / 30000000 | stage: regular_only
train_f_c:                     0.0072  train_gini:                    0.2784  train_R_mean:                  0.6606
train_payoff_mean:             0.1114  train_pool_grown:              0.2482  train_pool:                    0.1599
loss:                         -6.2338  policy_loss:                 -10.8747  value_loss:                    4.6409
mean_rollout_reward:          -1.3094  entropy:                       1.0120  actor_logit_l2:               31.1685
actor_bc_loss:                 0.0200  actor_bc_coef:                 0.2323  actor_lr:                      0.0001
critic_lr:                     0.0001  replay_size:              600000.0000  replay_demo:                   0.4045
replay_collapse:               0.1992  rollout_sps:                 876.7201  rollout_collect_s:            10.9501
worker_collect_s:             10.7506  env_step_s:                    1.7767  inference_wait_s:              0.0000
infer_build_s:                 0.0000  local_forward_s:               7.2960  action_to_numpy_s:             0.0937
transition_encode_s:           0.3025  stack_transitions_s:           0.0211  shm_serialize_s:               0.0111
shm_deserialize_s:             0.0011  rollout_wait_s:                1.7977  overlap_s:                     9.1524
actor_sync_s:                  0.1118  actor_publish_s:               0.0027  actor_sync_server_s:           0.0000
actor_sync_worker_s:           0.1091  replay_extend_s:               0.0387  replay_sample_s:               0.0105
to_device_s:                   0.0020  critic_update_s:               0.4583  actor_update_s:                0.0000
target_update_s:               0.0000  learner_update_s:              9.1521  eval_s:                        0.0000
infer_batch_mean:              4.0000  infer_batch_max:               4.0000  uniform:                       0.0000
proportional:                  0.0000  constant_mix:                  0.0000  pool_power_mix:                0.0000
random_logits:                 0.0000  actor_logits:                  1.0000
[INFO 21:01:12] train t_env: 470400 / 30000000 | update: 81 / 3157
[INFO 21:01:12] train Estimated time left: 14 hours, 38 minutes, 6 seconds. Time passed: 13 minutes, 59 seconds
[INFO 21:01:12] train Recent Stats | update: 81 / 3157 | t_env: 470400 / 30000000 | stage: regular_only
train_f_c:                     0.0076  train_gini:                    0.2996  train_R_mean:                  0.7012
train_payoff_mean:             0.1198  train_pool_grown:              0.2761  train_pool:                    0.1794
loss:                         -6.3331  policy_loss:                 -10.7282  value_loss:                    4.3951
mean_rollout_reward:          -1.4095  entropy:                       0.9937  actor_logit_l2:               28.6337
actor_bc_loss:                 0.0204  actor_bc_coef:                 0.2319  actor_lr:                      0.0001
critic_lr:                     0.0001  replay_size:              600000.0000  replay_demo:                   0.3920
replay_collapse:               0.1992  rollout_sps:                 876.7074  rollout_collect_s:            10.9502
worker_collect_s:             10.7520  env_step_s:                    1.7778  inference_wait_s:              0.0000
infer_build_s:                 0.0000  local_forward_s:               7.2945  action_to_numpy_s:             0.0933
transition_encode_s:           0.3031  stack_transitions_s:           0.0211  shm_serialize_s:               0.0111
shm_deserialize_s:             0.0011  rollout_wait_s:                1.8832  overlap_s:                     9.0670
actor_sync_s:                  0.1112  actor_publish_s:               0.0028  actor_sync_server_s:           0.0000
actor_sync_worker_s:           0.1085  replay_extend_s:               0.0388  replay_sample_s:               0.0102
to_device_s:                   0.0020  critic_update_s:               0.4542  actor_update_s:                0.0000
target_update_s:               0.0000  learner_update_s:              9.0667  eval_s:                        0.0000
infer_batch_mean:              4.0000  infer_batch_max:               4.0000  uniform:                       0.0000
proportional:                  0.0000  constant_mix:                  0.0000  pool_power_mix:                0.0000
random_logits:                 0.0000  actor_logits:                  1.0000
[INFO 21:01:23] train t_env: 480000 / 30000000 | update: 82 / 3157
[INFO 21:01:23] train Estimated time left: 14 hours, 31 minutes, 36 seconds. Time passed: 14 minutes, 10 seconds
[INFO 21:01:23] train Recent Stats | update: 82 / 3157 | t_env: 480000 / 30000000 | stage: regular_only
train_f_c:                     0.0078  train_gini:                    0.3057  train_R_mean:                  0.7349
train_payoff_mean:             0.1269  train_pool_grown:              0.2983  train_pool:                    0.1945
loss:                         -6.5334  policy_loss:                 -10.6292  value_loss:                    4.0957
mean_rollout_reward:          -1.4352  entropy:                       0.9780  actor_logit_l2:               26.8417
actor_bc_loss:                 0.0207  actor_bc_coef:                 0.2314  actor_lr:                      0.0001
critic_lr:                     0.0001  replay_size:              600000.0000  replay_demo:                   0.3799
replay_collapse:               0.1992  rollout_sps:                 876.2221  rollout_collect_s:            10.9562
worker_collect_s:             10.7538  env_step_s:                    1.7810  inference_wait_s:              0.0000
infer_build_s:                 0.0000  local_forward_s:               7.2922  action_to_numpy_s:             0.0922
transition_encode_s:           0.3039  stack_transitions_s:           0.0213  shm_serialize_s:               0.0111
shm_deserialize_s:             0.0011  rollout_wait_s:                1.8724  overlap_s:                     9.0839
actor_sync_s:                  0.1109  actor_publish_s:               0.0028  actor_sync_server_s:           0.0000
actor_sync_worker_s:           0.1081  replay_extend_s:               0.0392  replay_sample_s:               0.0103
to_device_s:                   0.0020  critic_update_s:               0.4597  actor_update_s:                0.0000
target_update_s:               0.0000  learner_update_s:              9.0836  eval_s:                        0.0000
infer_batch_mean:              4.0000  infer_batch_max:               4.0000  uniform:                       0.0000
proportional:                  0.0000  constant_mix:                  0.0000  pool_power_mix:                0.0000
random_logits:                 0.0000  actor_logits:                  1.0000
[INFO 21:01:34] train t_env: 489600 / 30000000 | update: 83 / 3157
[INFO 21:01:34] train Estimated time left: 14 hours, 25 minutes, 23 seconds. Time passed: 14 minutes, 21 seconds
[INFO 21:01:34] train Recent Stats | update: 83 / 3157 | t_env: 489600 / 30000000 | stage: regular_only
train_f_c:                     0.0073  train_gini:                    0.2987  train_R_mean:                  0.7515
train_payoff_mean:             0.1254  train_pool_grown:              0.3027  train_pool:                    0.2004
loss:                         -6.3993  policy_loss:                 -10.4467  value_loss:                    4.0474
mean_rollout_reward:          -1.4005  entropy:                       0.9645  actor_logit_l2:               25.3582
actor_bc_loss:                 0.0209  actor_bc_coef:                 0.2310  actor_lr:                      0.0001
critic_lr:                     0.0001  replay_size:              600000.0000  replay_demo:                   0.3607
replay_collapse:               0.1992  rollout_sps:                 875.9385  rollout_collect_s:            10.9598
worker_collect_s:             10.7537  env_step_s:                    1.7816  inference_wait_s:              0.0000
infer_build_s:                 0.0000  local_forward_s:               7.2920  action_to_numpy_s:             0.0921
transition_encode_s:           0.3037  stack_transitions_s:           0.0213  shm_serialize_s:               0.0111
shm_deserialize_s:             0.0011  rollout_wait_s:                1.8029  overlap_s:                     9.1568
actor_sync_s:                  0.1113  actor_publish_s:               0.0028  actor_sync_server_s:           0.0000
actor_sync_worker_s:           0.1085  replay_extend_s:               0.0392  replay_sample_s:               0.0101
to_device_s:                   0.0020  critic_update_s:               0.4719  actor_update_s:                0.0000
target_update_s:               0.0000  learner_update_s:              9.1565  eval_s:                        0.0000
infer_batch_mean:              4.0000  infer_batch_max:               4.0000  uniform:                       0.0000
proportional:                  0.0000  constant_mix:                  0.0000  pool_power_mix:                0.0000
random_logits:                 0.0000  actor_logits:                  1.0000
[INFO 21:01:45] train t_env: 499200 / 30000000 | update: 84 / 3157
[INFO 21:01:45] train Estimated time left: 14 hours, 19 minutes, 26 seconds. Time passed: 14 minutes, 33 seconds
[INFO 21:01:45] train Recent Stats | update: 84 / 3157 | t_env: 499200 / 30000000 | stage: regular_only
train_f_c:                     0.0072  train_gini:                    0.2853  train_R_mean:                  0.7999
train_payoff_mean:             0.1264  train_pool_grown:              0.3264  train_pool:                    0.2231
loss:                         -6.3659  policy_loss:                 -10.2774  value_loss:                    3.9115
mean_rollout_reward:          -1.3309  entropy:                       0.9482  actor_logit_l2:               24.0619
actor_bc_loss:                 0.0214  actor_bc_coef:                 0.2306  actor_lr:                      0.0001
critic_lr:                     0.0001  replay_size:              600000.0000  replay_demo:                   0.3459
replay_collapse:               0.1992  rollout_sps:                 876.1492  rollout_collect_s:            10.9571
worker_collect_s:             10.7562  env_step_s:                    1.7797  inference_wait_s:              0.0000
infer_build_s:                 0.0000  local_forward_s:               7.2967  action_to_numpy_s:             0.0924
transition_encode_s:           0.3038  stack_transitions_s:           0.0214  shm_serialize_s:               0.0111
shm_deserialize_s:             0.0011  rollout_wait_s:                1.8610  overlap_s:                     9.0962
actor_sync_s:                  0.1121  actor_publish_s:               0.0026  actor_sync_server_s:           0.0000
actor_sync_worker_s:           0.1095  replay_extend_s:               0.0386  replay_sample_s:               0.0101
to_device_s:                   0.0020  critic_update_s:               0.4668  actor_update_s:                0.0000
target_update_s:               0.0000  learner_update_s:              9.0958  eval_s:                        0.0000
infer_batch_mean:              4.0000  infer_batch_max:               4.0000  uniform:                       0.0000
proportional:                  0.0000  constant_mix:                  0.0000  pool_power_mix:                0.0000
random_logits:                 0.0000  actor_logits:                  1.0000
[INFO 21:01:56] train t_env: 508800 / 30000000 | update: 85 / 3157
[INFO 21:01:56] train Estimated time left: 14 hours, 13 minutes, 38 seconds. Time passed: 14 minutes, 44 seconds
[INFO 21:01:56] train Recent Stats | update: 85 / 3157 | t_env: 508800 / 30000000 | stage: regular_only
train_f_c:                     0.0068  train_gini:                    0.2759  train_R_mean:                  0.7843
train_payoff_mean:             0.1196  train_pool_grown:              0.3113  train_pool:                    0.2148
loss:                         -6.3016  policy_loss:                 -10.1902  value_loss:                    3.8886
mean_rollout_reward:          -1.2882  entropy:                       0.9362  actor_logit_l2:               23.4398
actor_bc_loss:                 0.0216  actor_bc_coef:                 0.2302  actor_lr:                      0.0001
critic_lr:                     0.0001  replay_size:              600000.0000  replay_demo:                   0.3275
replay_collapse:               0.1992  rollout_sps:                 876.2704  rollout_collect_s:            10.9556
worker_collect_s:             10.7568  env_step_s:                    1.7784  inference_wait_s:              0.0000
infer_build_s:                 0.0000  local_forward_s:               7.2970  action_to_numpy_s:             0.0926
transition_encode_s:           0.3041  stack_transitions_s:           0.0216  shm_serialize_s:               0.0112
shm_deserialize_s:             0.0011  rollout_wait_s:                1.8490  overlap_s:                     9.1066
actor_sync_s:                  0.1141  actor_publish_s:               0.0026  actor_sync_server_s:           0.0000
actor_sync_worker_s:           0.1115  replay_extend_s:               0.0388  replay_sample_s:               0.0097
to_device_s:                   0.0020  critic_update_s:               0.4685  actor_update_s:                0.0000
target_update_s:               0.0000  learner_update_s:              9.1063  eval_s:                        0.0000
infer_batch_mean:              4.0000  infer_batch_max:               4.0000  uniform:                       0.0000
proportional:                  0.0000  constant_mix:                  0.0000  pool_power_mix:                0.0000
random_logits:                 0.0000  actor_logits:                  1.0000
[INFO 21:02:07] train t_env: 518400 / 30000000 | update: 86 / 3157
[INFO 21:02:07] train Estimated time left: 14 hours, 8 minutes, 7 seconds. Time passed: 14 minutes, 55 seconds
[INFO 21:02:07] train Recent Stats | update: 86 / 3157 | t_env: 518400 / 30000000 | stage: regular_only
train_f_c:                     0.0063  train_gini:                    0.2670  train_R_mean:                  0.7730
train_payoff_mean:             0.1137  train_pool_grown:              0.2977  train_pool:                    0.2071
loss:                         -6.0084  policy_loss:                 -10.0693  value_loss:                    4.0609
mean_rollout_reward:          -1.2468  entropy:                       0.9252  actor_logit_l2:               23.0821
actor_bc_loss:                 0.0218  actor_bc_coef:                 0.2298  actor_lr:                      0.0001
critic_lr:                     0.0001  replay_size:              600000.0000  replay_demo:                   0.3104
replay_collapse:               0.1992  rollout_sps:                 875.8104  rollout_collect_s:            10.9614
worker_collect_s:             10.7584  env_step_s:                    1.7781  inference_wait_s:              0.0000
infer_build_s:                 0.0000  local_forward_s:               7.2981  action_to_numpy_s:             0.0921
transition_encode_s:           0.3045  stack_transitions_s:           0.0218  shm_serialize_s:               0.0112
shm_deserialize_s:             0.0011  rollout_wait_s:                1.8381  overlap_s:                     9.1233
actor_sync_s:                  0.1150  actor_publish_s:               0.0026  actor_sync_server_s:           0.0000
actor_sync_worker_s:           0.1124  replay_extend_s:               0.0386  replay_sample_s:               0.0094
to_device_s:                   0.0020  critic_update_s:               0.4804  actor_update_s:                0.0000
target_update_s:               0.0000  learner_update_s:              9.1229  eval_s:                        0.0000
infer_batch_mean:              4.0000  infer_batch_max:               4.0000  uniform:                       0.0000
proportional:                  0.0000  constant_mix:                  0.0000  pool_power_mix:                0.0000
random_logits:                 0.0000  actor_logits:                  1.0000
[INFO 21:02:18] train t_env: 528000 / 30000000 | update: 87 / 3157
[INFO 21:02:18] train Estimated time left: 14 hours, 2 minutes, 47 seconds. Time passed: 15 minutes, 6 seconds
[INFO 21:02:18] train Recent Stats | update: 87 / 3157 | t_env: 528000 / 30000000 | stage: regular_only
train_f_c:                     0.0062  train_gini:                    0.2634  train_R_mean:                  0.7715
train_payoff_mean:             0.1098  train_pool_grown:              0.2924  train_pool:                    0.2057
loss:                         -5.9371  policy_loss:                  -9.9332  value_loss:                    3.9961
mean_rollout_reward:          -1.2309  entropy:                       0.9127  actor_logit_l2:               22.8425
actor_bc_loss:                 0.0220  actor_bc_coef:                 0.2294  actor_lr:                      0.0001
critic_lr:                     0.0001  replay_size:              600000.0000  replay_demo:                   0.2918
replay_collapse:               0.1992  rollout_sps:                 875.7508  rollout_collect_s:            10.9622
worker_collect_s:             10.7539  env_step_s:                    1.7730  inference_wait_s:              0.0000
infer_build_s:                 0.0000  local_forward_s:               7.3016  action_to_numpy_s:             0.0924
transition_encode_s:           0.3030  stack_transitions_s:           0.0219  shm_serialize_s:               0.0112
shm_deserialize_s:             0.0011  rollout_wait_s:                1.8529  overlap_s:                     9.1093
actor_sync_s:                  0.1175  actor_publish_s:               0.0026  actor_sync_server_s:           0.0000
actor_sync_worker_s:           0.1149  replay_extend_s:               0.0379  replay_sample_s:               0.0090
to_device_s:                   0.0020  critic_update_s:               0.4820  actor_update_s:                0.0000
target_update_s:               0.0000  learner_update_s:              9.1089  eval_s:                        0.0000
infer_batch_mean:              4.0000  infer_batch_max:               4.0000  uniform:                       0.0000
proportional:                  0.0000  constant_mix:                  0.0000  pool_power_mix:                0.0000
random_logits:                 0.0000  actor_logits:                  1.0000
[INFO 21:02:30] train t_env: 537600 / 30000000 | update: 88 / 3157
[INFO 21:02:30] train Estimated time left: 13 hours, 57 minutes, 41 seconds. Time passed: 15 minutes, 17 seconds
[INFO 21:02:30] train Recent Stats | update: 88 / 3157 | t_env: 537600 / 30000000 | stage: regular_only
train_f_c:                     0.0060  train_gini:                    0.2617  train_R_mean:                  0.7715
train_payoff_mean:             0.1074  train_pool_grown:              0.2896  train_pool:                    0.2054
loss:                         -5.6309  policy_loss:                  -9.7294  value_loss:                    4.0985
mean_rollout_reward:          -1.2238  entropy:                       0.9008  actor_logit_l2:               22.6604
actor_bc_loss:                 0.0224  actor_bc_coef:                 0.2289  actor_lr:                      0.0001
critic_lr:                     0.0001  replay_size:              600000.0000  replay_demo:                   0.2756
replay_collapse:               0.1992  rollout_sps:                 875.1664  rollout_collect_s:            10.9695
worker_collect_s:             10.7587  env_step_s:                    1.7713  inference_wait_s:              0.0000
infer_build_s:                 0.0000  local_forward_s:               7.3100  action_to_numpy_s:             0.0920
transition_encode_s:           0.3029  stack_transitions_s:           0.0219  shm_serialize_s:               0.0113
shm_deserialize_s:             0.0011  rollout_wait_s:                1.8193  overlap_s:                     9.1502
actor_sync_s:                  0.1189  actor_publish_s:               0.0026  actor_sync_server_s:           0.0000
actor_sync_worker_s:           0.1163  replay_extend_s:               0.0379  replay_sample_s:               0.0088
to_device_s:                   0.0021  critic_update_s:               0.4794  actor_update_s:                0.0000
target_update_s:               0.0000  learner_update_s:              9.1498  eval_s:                        0.0000
infer_batch_mean:              4.0000  infer_batch_max:               4.0000  uniform:                       0.0000
proportional:                  0.0000  constant_mix:                  0.0000  pool_power_mix:                0.0000
random_logits:                 0.0000  actor_logits:                  1.0000
[INFO 21:02:41] train t_env: 547200 / 30000000 | update: 89 / 3157
[INFO 21:02:41] train Estimated time left: 13 hours, 52 minutes, 44 seconds. Time passed: 15 minutes, 28 seconds
[INFO 21:02:41] train Recent Stats | update: 89 / 3157 | t_env: 547200 / 30000000 | stage: regular_only
train_f_c:                     0.0058  train_gini:                    0.2599  train_R_mean:                  0.7505
train_payoff_mean:             0.1046  train_pool_grown:              0.2766  train_pool:                    0.1950
loss:                         -5.6052  policy_loss:                  -9.5518  value_loss:                    3.9466
mean_rollout_reward:          -1.2168  entropy:                       0.8921  actor_logit_l2:               22.5242
actor_bc_loss:                 0.0226  actor_bc_coef:                 0.2285  actor_lr:                      0.0001
critic_lr:                     0.0001  replay_size:              600000.0000  replay_demo:                   0.2574
replay_collapse:               0.1992  rollout_sps:                 874.0388  rollout_collect_s:            10.9836
worker_collect_s:             10.7623  env_step_s:                    1.7734  inference_wait_s:              0.0000
infer_build_s:                 0.0000  local_forward_s:               7.3111  action_to_numpy_s:             0.0917
transition_encode_s:           0.3042  stack_transitions_s:           0.0219  shm_serialize_s:               0.0113
shm_deserialize_s:             0.0011  rollout_wait_s:                1.8141  overlap_s:                     9.1696
actor_sync_s:                  0.1197  actor_publish_s:               0.0024  actor_sync_server_s:           0.0000
actor_sync_worker_s:           0.1172  replay_extend_s:               0.0386  replay_sample_s:               0.0091
to_device_s:                   0.0021  critic_update_s:               0.4906  actor_update_s:                0.0000
target_update_s:               0.0000  learner_update_s:              9.1692  eval_s:                        0.0000
infer_batch_mean:              4.0000  infer_batch_max:               4.0000  uniform:                       0.0000
proportional:                  0.0000  constant_mix:                  0.0000  pool_power_mix:                0.0000
random_logits:                 0.0000  actor_logits:                  1.0000
[INFO 21:02:52] train t_env: 556800 / 30000000 | update: 90 / 3157
[INFO 21:02:52] train Estimated time left: 13 hours, 47 minutes, 55 seconds. Time passed: 15 minutes, 39 seconds
[INFO 21:02:52] train Recent Stats | update: 90 / 3157 | t_env: 556800 / 30000000 | stage: regular_only
train_f_c:                     0.0047  train_gini:                    0.2216  train_R_mean:                  0.6770
train_payoff_mean:             0.0891  train_pool_grown:              0.2228  train_pool:                    0.1568
loss:                         -5.3502  policy_loss:                  -9.2598  value_loss:                    3.9096
mean_rollout_reward:          -1.0360  entropy:                       0.8832  actor_logit_l2:               22.2652
actor_bc_loss:                 0.0227  actor_bc_coef:                 0.2281  actor_lr:                      0.0001
critic_lr:                     0.0001  replay_size:              600000.0000  replay_demo:                   0.2451
replay_collapse:               0.1992  rollout_sps:                 873.6639  rollout_collect_s:            10.9884
worker_collect_s:             10.7620  env_step_s:                    1.7732  inference_wait_s:              0.0000
infer_build_s:                 0.0000  local_forward_s:               7.3112  action_to_numpy_s:             0.0914
transition_encode_s:           0.3042  stack_transitions_s:           0.0218  shm_serialize_s:               0.0112
shm_deserialize_s:             0.0011  rollout_wait_s:                1.7665  overlap_s:                     9.2219
actor_sync_s:                  0.1207  actor_publish_s:               0.0026  actor_sync_server_s:           0.0000
actor_sync_worker_s:           0.1181  replay_extend_s:               0.0386  replay_sample_s:               0.0091
to_device_s:                   0.0021  critic_update_s:               0.4994  actor_update_s:                0.0000
target_update_s:               0.0000  learner_update_s:              9.2215  eval_s:                        0.0000
infer_batch_mean:              4.0000  infer_batch_max:               4.0000  uniform:                       0.0000
proportional:                  0.0000  constant_mix:                  0.0000  pool_power_mix:                0.0000
random_logits:                 0.0000  actor_logits:                  1.0000
[INFO 21:03:03] train t_env: 566400 / 30000000 | update: 91 / 3157
[INFO 21:03:03] train Estimated time left: 13 hours, 43 minutes, 19 seconds. Time passed: 15 minutes, 51 seconds
[INFO 21:03:03] train Recent Stats | update: 91 / 3157 | t_env: 566400 / 30000000 | stage: regular_only
train_f_c:                     0.0043  train_gini:                    0.2026  train_R_mean:                  0.6451
train_payoff_mean:             0.0820  train_pool_grown:              0.1990  train_pool:                    0.1401
loss:                         -4.9809  policy_loss:                  -9.0196  value_loss:                    4.0387
mean_rollout_reward:          -0.9459  entropy:                       0.8777  actor_logit_l2:               22.0385
actor_bc_loss:                 0.0231  actor_bc_coef:                 0.2277  actor_lr:                      0.0001
critic_lr:                     0.0001  replay_size:              600000.0000  replay_demo:                   0.2236
replay_collapse:               0.1992  rollout_sps:                 872.5293  rollout_collect_s:            11.0026
worker_collect_s:             10.7690  env_step_s:                    1.7716  inference_wait_s:              0.0000
infer_build_s:                 0.0000  local_forward_s:               7.3226  action_to_numpy_s:             0.0907
transition_encode_s:           0.3038  stack_transitions_s:           0.0219  shm_serialize_s:               0.0112
shm_deserialize_s:             0.0011  rollout_wait_s:                1.7398  overlap_s:                     9.2628
actor_sync_s:                  0.1209  actor_publish_s:               0.0025  actor_sync_server_s:           0.0000
actor_sync_worker_s:           0.1184  replay_extend_s:               0.0392  replay_sample_s:               0.0092
to_device_s:                   0.0021  critic_update_s:               0.5013  actor_update_s:                0.0000
target_update_s:               0.0000  learner_update_s:              9.2625  eval_s:                        0.0000
infer_batch_mean:              4.0000  infer_batch_max:               4.0000  uniform:                       0.0000
proportional:                  0.0000  constant_mix:                  0.0000  pool_power_mix:                0.0000
random_logits:                 0.0000  actor_logits:                  1.0000
[INFO 21:03:14] train t_env: 576000 / 30000000 | update: 92 / 3157
[INFO 21:03:14] train Estimated time left: 13 hours, 38 minutes, 48 seconds. Time passed: 16 minutes, 2 seconds
[INFO 21:03:14] train Recent Stats | update: 92 / 3157 | t_env: 576000 / 30000000 | stage: regular_only
train_f_c:                     0.0037  train_gini:                    0.1795  train_R_mean:                  0.6096
train_payoff_mean:             0.0726  train_pool_grown:              0.1713  train_pool:                    0.1218
loss:                         -4.5812  policy_loss:                  -8.6229  value_loss:                    4.0417
mean_rollout_reward:          -0.8364  entropy:                       0.8741  actor_logit_l2:               21.5313
actor_bc_loss:                 0.0230  actor_bc_coef:                 0.2273  actor_lr:                      0.0001
critic_lr:                     0.0001  replay_size:              600000.0000  replay_demo:                   0.2035
replay_collapse:               0.1992  rollout_sps:                 872.1640  rollout_collect_s:            11.0072
worker_collect_s:             10.7742  env_step_s:                    1.7730  inference_wait_s:              0.0000
infer_build_s:                 0.0000  local_forward_s:               7.3268  action_to_numpy_s:             0.0905
transition_encode_s:           0.3045  stack_transitions_s:           0.0218  shm_serialize_s:               0.0112
shm_deserialize_s:             0.0011  rollout_wait_s:                1.7845  overlap_s:                     9.2227
actor_sync_s:                  0.1219  actor_publish_s:               0.0025  actor_sync_server_s:           0.0000
actor_sync_worker_s:           0.1194  replay_extend_s:               0.0389  replay_sample_s:               0.0086
to_device_s:                   0.0021  critic_update_s:               0.4988  actor_update_s:                0.0000
target_update_s:               0.0000  learner_update_s:              9.2223  eval_s:                        0.0000
infer_batch_mean:              4.0000  infer_batch_max:               4.0000  uniform:                       0.0000
proportional:                  0.0000  constant_mix:                  0.0000  pool_power_mix:                0.0000
random_logits:                 0.0000  actor_logits:                  1.0000
[INFO 21:03:25] train t_env: 585600 / 30000000 | update: 93 / 3157
[INFO 21:03:25] train Estimated time left: 13 hours, 34 minutes, 23 seconds. Time passed: 16 minutes, 13 seconds
[INFO 21:03:25] train Recent Stats | update: 93 / 3157 | t_env: 585600 / 30000000 | stage: regular_only
train_f_c:                     0.0033  train_gini:                    0.1621  train_R_mean:                  0.5775
train_payoff_mean:             0.0664  train_pool_grown:              0.1487  train_pool:                    0.1055
loss:                         -4.2884  policy_loss:                  -8.1659  value_loss:                    3.8774
mean_rollout_reward:          -0.7538  entropy:                       0.8729  actor_logit_l2:               20.9953
actor_bc_loss:                 0.0228  actor_bc_coef:                 0.2269  actor_lr:                      0.0001
critic_lr:                     0.0001  replay_size:              600000.0000  replay_demo:                   0.1805
replay_collapse:               0.1992  rollout_sps:                 872.3587  rollout_collect_s:            11.0048
worker_collect_s:             10.7754  env_step_s:                    1.7724  inference_wait_s:              0.0000
infer_build_s:                 0.0000  local_forward_s:               7.3280  action_to_numpy_s:             0.0906
transition_encode_s:           0.3050  stack_transitions_s:           0.0219  shm_serialize_s:               0.0113
shm_deserialize_s:             0.0011  rollout_wait_s:                1.8568  overlap_s:                     9.1479
actor_sync_s:                  0.1225  actor_publish_s:               0.0025  actor_sync_server_s:           0.0000
actor_sync_worker_s:           0.1200  replay_extend_s:               0.0387  replay_sample_s:               0.0083
to_device_s:                   0.0022  critic_update_s:               0.4977  actor_update_s:                0.0000
target_update_s:               0.0000  learner_update_s:              9.1476  eval_s:                        0.0000
infer_batch_mean:              4.0000  infer_batch_max:               4.0000  uniform:                       0.0000
proportional:                  0.0000  constant_mix:                  0.0000  pool_power_mix:                0.0000
random_logits:                 0.0000  actor_logits:                  1.0000
[INFO 21:03:37] train t_env: 595200 / 30000000 | update: 94 / 3157
[INFO 21:03:37] train Estimated time left: 13 hours, 30 minutes, 11 seconds. Time passed: 16 minutes, 24 seconds
[INFO 21:03:37] train Recent Stats | update: 94 / 3157 | t_env: 595200 / 30000000 | stage: regular_only
train_f_c:                     0.0025  train_gini:                    0.1355  train_R_mean:                  0.5121
train_payoff_mean:             0.0572  train_pool_grown:              0.1057  train_pool:                    0.0718
loss:                         -3.9857  policy_loss:                  -7.7408  value_loss:                    3.7552
mean_rollout_reward:          -0.6284  entropy:                       0.8730  actor_logit_l2:               20.4603
actor_bc_loss:                 0.0226  actor_bc_coef:                 0.2264  actor_lr:                      0.0001
critic_lr:                     0.0001  replay_size:              600000.0000  replay_demo:                   0.1582
replay_collapse:               0.1992  rollout_sps:                 872.2934  rollout_collect_s:            11.0056
worker_collect_s:             10.7731  env_step_s:                    1.7712  inference_wait_s:              0.0000
infer_build_s:                 0.0000  local_forward_s:               7.3262  action_to_numpy_s:             0.0908
transition_encode_s:           0.3045  stack_transitions_s:           0.0219  shm_serialize_s:               0.0113
shm_deserialize_s:             0.0011  rollout_wait_s:                1.8426  overlap_s:                     9.1629
actor_sync_s:                  0.1235  actor_publish_s:               0.0024  actor_sync_server_s:           0.0000
actor_sync_worker_s:           0.1211  replay_extend_s:               0.0394  replay_sample_s:               0.0086
to_device_s:                   0.0023  critic_update_s:               0.4969  actor_update_s:                0.0000
target_update_s:               0.0000  learner_update_s:              9.1626  eval_s:                        0.0000
infer_batch_mean:              4.0000  infer_batch_max:               4.0000  uniform:                       0.0000
proportional:                  0.0000  constant_mix:                  0.0000  pool_power_mix:                0.0000
random_logits:                 0.0000  actor_logits:                  1.0000
[INFO 21:03:48] train t_env: 604800 / 30000000 | update: 95 / 3157
[INFO 21:03:48] train Estimated time left: 13 hours, 26 minutes, 0 seconds. Time passed: 16 minutes, 35 seconds
[INFO 21:03:48] train Recent Stats | update: 95 / 3157 | t_env: 604800 / 30000000 | stage: regular_only
train_f_c:                     0.0023  train_gini:                    0.1241  train_R_mean:                  0.4932
train_payoff_mean:             0.0525  train_pool_grown:              0.0908  train_pool:                    0.0615
loss:                         -3.7341  policy_loss:                  -7.3103  value_loss:                    3.5762
mean_rollout_reward:          -0.5743  entropy:                       0.8708  actor_logit_l2:               20.0239
actor_bc_loss:                 0.0226  actor_bc_coef:                 0.2260  actor_lr:                      0.0001
critic_lr:                     0.0001  replay_size:              600000.0000  replay_demo:                   0.1367
replay_collapse:               0.1992  rollout_sps:                 872.5689  rollout_collect_s:            11.0022
worker_collect_s:             10.7707  env_step_s:                    1.7731  inference_wait_s:              0.0000
infer_build_s:                 0.0000  local_forward_s:               7.3218  action_to_numpy_s:             0.0909
transition_encode_s:           0.3042  stack_transitions_s:           0.0218  shm_serialize_s:               0.0112
shm_deserialize_s:             0.0011  rollout_wait_s:                1.8753  overlap_s:                     9.1269
actor_sync_s:                  0.1246  actor_publish_s:               0.0025  actor_sync_server_s:           0.0000
actor_sync_worker_s:           0.1221  replay_extend_s:               0.0395  replay_sample_s:               0.0093
to_device_s:                   0.0023  critic_update_s:               0.4953  actor_update_s:                0.0000
target_update_s:               0.0000  learner_update_s:              9.1266  eval_s:                        0.0000
infer_batch_mean:              4.0000  infer_batch_max:               4.0000  uniform:                       0.0000
proportional:                  0.0000  constant_mix:                  0.0000  pool_power_mix:                0.0000
random_logits:                 0.0000  actor_logits:                  1.0000
[INFO 21:03:59] train t_env: 614400 / 30000000 | update: 96 / 3157
[INFO 21:03:59] train Estimated time left: 13 hours, 22 minutes, 4 seconds. Time passed: 16 minutes, 46 seconds
[INFO 21:03:59] train Recent Stats | update: 96 / 3157 | t_env: 614400 / 30000000 | stage: regular_only
train_f_c:                     0.0019  train_gini:                    0.1124  train_R_mean:                  0.4724
train_payoff_mean:             0.0472  train_pool_grown:              0.0757  train_pool:                    0.0516
loss:                         -3.5159  policy_loss:                  -6.7776  value_loss:                    3.2617
mean_rollout_reward:          -0.5193  entropy:                       0.8695  actor_logit_l2:               19.5177
actor_bc_loss:                 0.0204  actor_bc_coef:                 0.2256  actor_lr:                      0.0001
critic_lr:                     0.0001  replay_size:              600000.0000  replay_demo:                   0.1115
replay_collapse:               0.1992  rollout_sps:                 872.1646  rollout_collect_s:            11.0073
worker_collect_s:             10.7741  env_step_s:                    1.7710  inference_wait_s:              0.0000
infer_build_s:                 0.0000  local_forward_s:               7.3277  action_to_numpy_s:             0.0908
transition_encode_s:           0.3040  stack_transitions_s:           0.0218  shm_serialize_s:               0.0112
shm_deserialize_s:             0.0011  rollout_wait_s:                1.9403  overlap_s:                     9.0670
actor_sync_s:                  0.1237  actor_publish_s:               0.0025  actor_sync_server_s:           0.0000
actor_sync_worker_s:           0.1213  replay_extend_s:               0.0393  replay_sample_s:               0.0094
to_device_s:                   0.0023  critic_update_s:               0.4870  actor_update_s:                0.0000
target_update_s:               0.0000  learner_update_s:              9.0666  eval_s:                        0.0000
infer_batch_mean:              4.0000  infer_batch_max:               4.0000  uniform:                       0.0000
proportional:                  0.0000  constant_mix:                  0.0000  pool_power_mix:                0.0000
random_logits:                 0.0000  actor_logits:                  1.0000
[INFO 21:04:10] train t_env: 624000 / 30000000 | update: 97 / 3157
[INFO 21:04:10] train Estimated time left: 13 hours, 18 minutes, 11 seconds. Time passed: 16 minutes, 57 seconds
[INFO 21:04:10] train Recent Stats | update: 97 / 3157 | t_env: 624000 / 30000000 | stage: regular_only
train_f_c:                     0.0016  train_gini:                    0.0970  train_R_mean:                  0.4488
train_payoff_mean:             0.0431  train_pool_grown:              0.0587  train_pool:                    0.0389
loss:                         -3.0296  policy_loss:                  -6.1892  value_loss:                    3.1596
mean_rollout_reward:          -0.4452  entropy:                       0.8694  actor_logit_l2:               18.9316
actor_bc_loss:                 0.0182  actor_bc_coef:                 0.2252  actor_lr:                      0.0001
critic_lr:                     0.0001  replay_size:              600000.0000  replay_demo:                   0.0908
replay_collapse:               0.1992  rollout_sps:                 872.4063  rollout_collect_s:            11.0042
worker_collect_s:             10.7752  env_step_s:                    1.7730  inference_wait_s:              0.0000
infer_build_s:                 0.0000  local_forward_s:               7.3249  action_to_numpy_s:             0.0908
transition_encode_s:           0.3050  stack_transitions_s:           0.0217  shm_serialize_s:               0.0112
shm_deserialize_s:             0.0011  rollout_wait_s:                1.9035  overlap_s:                     9.1008
actor_sync_s:                  0.1226  actor_publish_s:               0.0024  actor_sync_server_s:           0.0000
actor_sync_worker_s:           0.1201  replay_extend_s:               0.0394  replay_sample_s:               0.0096
to_device_s:                   0.0023  critic_update_s:               0.4850  actor_update_s:                0.0000
target_update_s:               0.0000  learner_update_s:              9.1005  eval_s:                        0.0000
infer_batch_mean:              4.0000  infer_batch_max:               4.0000  uniform:                       0.0000
proportional:                  0.0000  constant_mix:                  0.0000  pool_power_mix:                0.0000
random_logits:                 0.0000  actor_logits:                  1.0000
[INFO 21:04:21] train t_env: 633600 / 30000000 | update: 98 / 3157
[INFO 21:04:21] train Estimated time left: 13 hours, 14 minutes, 23 seconds. Time passed: 17 minutes, 8 seconds
[INFO 21:04:21] train Recent Stats | update: 98 / 3157 | t_env: 633600 / 30000000 | stage: regular_only
train_f_c:                     0.0011  train_gini:                    0.0758  train_R_mean:                  0.4149
train_payoff_mean:             0.0364  train_pool_grown:              0.0346  train_pool:                    0.0215
loss:                         -2.7137  policy_loss:                  -5.5992  value_loss:                    2.8855
mean_rollout_reward:          -0.3441  entropy:                       0.8720  actor_logit_l2:               18.3119
actor_bc_loss:                 0.0157  actor_bc_coef:                 0.2248  actor_lr:                      0.0001
critic_lr:                     0.0001  replay_size:              600000.0000  replay_demo:                   0.0707
replay_collapse:               0.1992  rollout_sps:                 873.0572  rollout_collect_s:            10.9960
worker_collect_s:             10.7741  env_step_s:                    1.7756  inference_wait_s:              0.0000
infer_build_s:                 0.0000  local_forward_s:               7.3186  action_to_numpy_s:             0.0908
transition_encode_s:           0.3052  stack_transitions_s:           0.0216  shm_serialize_s:               0.0112
shm_deserialize_s:             0.0011  rollout_wait_s:                1.8692  overlap_s:                     9.1268
actor_sync_s:                  0.1198  actor_publish_s:               0.0025  actor_sync_server_s:           0.0000
actor_sync_worker_s:           0.1173  replay_extend_s:               0.0388  replay_sample_s:               0.0096
to_device_s:                   0.0023  critic_update_s:               0.4869  actor_update_s:                0.0000
target_update_s:               0.0000  learner_update_s:              9.1265  eval_s:                        0.0000
infer_batch_mean:              4.0000  infer_batch_max:               4.0000  uniform:                       0.0000
proportional:                  0.0000  constant_mix:                  0.0000  pool_power_mix:                0.0000
random_logits:                 0.0000  actor_logits:                  1.0000
[INFO 21:04:32] train t_env: 643200 / 30000000 | update: 99 / 3157
[INFO 21:04:32] train Estimated time left: 13 hours, 10 minutes, 41 seconds. Time passed: 17 minutes, 19 seconds
[INFO 21:04:32] train Recent Stats | update: 99 / 3157 | t_env: 643200 / 30000000 | stage: regular_only
train_f_c:                     0.0009  train_gini:                    0.0647  train_R_mean:                  0.4034
train_payoff_mean:             0.0327  train_pool_grown:              0.0233  train_pool:                    0.0141
loss:                         -2.3330  policy_loss:                  -4.9472  value_loss:                    2.6142
mean_rollout_reward:          -0.2906  entropy:                       0.8731  actor_logit_l2:               17.6946
actor_bc_loss:                 0.0133  actor_bc_coef:                 0.2243  actor_lr:                      0.0001
critic_lr:                     0.0001  replay_size:              600000.0000  replay_demo:                   0.0535
replay_collapse:               0.1992  rollout_sps:                 873.7180  rollout_collect_s:            10.9877
worker_collect_s:             10.7729  env_step_s:                    1.7736  inference_wait_s:              0.0000
infer_build_s:                 0.0000  local_forward_s:               7.3200  action_to_numpy_s:             0.0908
transition_encode_s:           0.3044  stack_transitions_s:           0.0217  shm_serialize_s:               0.0112
shm_deserialize_s:             0.0011  rollout_wait_s:                1.8396  overlap_s:                     9.1481
actor_sync_s:                  0.1197  actor_publish_s:               0.0025  actor_sync_server_s:           0.0000
actor_sync_worker_s:           0.1171  replay_extend_s:               0.0384  replay_sample_s:               0.0090
to_device_s:                   0.0023  critic_update_s:               0.4732  actor_update_s:                0.0000
target_update_s:               0.0000  learner_update_s:              9.1478  eval_s:                        0.0000
infer_batch_mean:              4.0000  infer_batch_max:               4.0000  uniform:                       0.0000
proportional:                  0.0000  constant_mix:                  0.0000  pool_power_mix:                0.0000
random_logits:                 0.0000  actor_logits:                  1.0000
[INFO 21:04:43] train t_env: 652800 / 30000000 | update: 100 / 3157
[INFO 21:04:43] train Estimated time left: 13 hours, 7 minutes, 9 seconds. Time passed: 17 minutes, 31 seconds
[INFO 21:04:43] train Recent Stats | update: 100 / 3157 | t_env: 652800 / 30000000 | stage: regular_only
train_f_c:                     0.0008  train_gini:                    0.0629  train_R_mean:                  0.4005
train_payoff_mean:             0.0322  train_pool_grown:              0.0214  train_pool:                    0.0127
loss:                         -1.8876  policy_loss:                  -4.3197  value_loss:                    2.4321
mean_rollout_reward:          -0.2820  entropy:                       0.8736  actor_logit_l2:               17.0534
actor_bc_loss:                 0.0110  actor_bc_coef:                 0.2239  actor_lr:                      0.0001
critic_lr:                     0.0001  replay_size:              600000.0000  replay_demo:                   0.0363
replay_collapse:               0.1992  rollout_sps:                 873.8285  rollout_collect_s:            10.9863
worker_collect_s:             10.7733  env_step_s:                    1.7700  inference_wait_s:              0.0000
infer_build_s:                 0.0000  local_forward_s:               7.3242  action_to_numpy_s:             0.0904
transition_encode_s:           0.3043  stack_transitions_s:           0.0217  shm_serialize_s:               0.0112
shm_deserialize_s:             0.0011  rollout_wait_s:                1.8883  overlap_s:                     9.0980
actor_sync_s:                  0.1195  actor_publish_s:               0.0025  actor_sync_server_s:           0.0000
actor_sync_worker_s:           0.1170  replay_extend_s:               0.0384  replay_sample_s:               0.0088
to_device_s:                   0.0023  critic_update_s:               0.4684  actor_update_s:                0.0000
target_update_s:               0.0000  learner_update_s:              9.0977  eval_s:                        0.0000
infer_batch_mean:              4.0000  infer_batch_max:               4.0000  uniform:                       0.0000
proportional:                  0.0000  constant_mix:                  0.0000  pool_power_mix:                0.0000
random_logits:                 0.0000  actor_logits:                  1.0000
[INFO 21:04:54] train t_env: 662400 / 30000000 | update: 101 / 3157
[INFO 21:04:54] train Estimated time left: 13 hours, 3 minutes, 43 seconds. Time passed: 17 minutes, 42 seconds
[INFO 21:04:54] train Recent Stats | update: 101 / 3157 | t_env: 662400 / 30000000 | stage: regular_only
train_f_c:                     0.0007  train_gini:                    0.0571  train_R_mean:                  0.3931
train_payoff_mean:             0.0301  train_pool_grown:              0.0156  train_pool:                    0.0089
loss:                         -1.4664  policy_loss:                  -3.6450  value_loss:                    2.1786
mean_rollout_reward:          -0.2543  entropy:                       0.8746  actor_logit_l2:               16.4943
actor_bc_loss:                 0.0085  actor_bc_coef:                 0.2235  actor_lr:                      0.0001
critic_lr:                     0.0001  replay_size:              600000.0000  replay_demo:                   0.0238
replay_collapse:               0.1992  rollout_sps:                 874.0524  rollout_collect_s:            10.9835
worker_collect_s:             10.7689  env_step_s:                    1.7702  inference_wait_s:              0.0000
infer_build_s:                 0.0000  local_forward_s:               7.3189  action_to_numpy_s:             0.0905
transition_encode_s:           0.3049  stack_transitions_s:           0.0215  shm_serialize_s:               0.0113
shm_deserialize_s:             0.0011  rollout_wait_s:                1.8987  overlap_s:                     9.0848
actor_sync_s:                  0.1187  actor_publish_s:               0.0025  actor_sync_server_s:           0.0000
actor_sync_worker_s:           0.1161  replay_extend_s:               0.0378  replay_sample_s:               0.0088
to_device_s:                   0.0022  critic_update_s:               0.4606  actor_update_s:                0.0000
target_update_s:               0.0000  learner_update_s:              9.0845  eval_s:                        0.0000
infer_batch_mean:              4.0000  infer_batch_max:               4.0000  uniform:                       0.0000
proportional:                  0.0000  constant_mix:                  0.0000  pool_power_mix:                0.0000
random_logits:                 0.0000  actor_logits:                  1.0000
[INFO 21:05:05] train t_env: 672000 / 30000000 | update: 102 / 3157
[INFO 21:05:05] train Estimated time left: 13 hours, 0 minutes, 21 seconds. Time passed: 17 minutes, 53 seconds
[INFO 21:05:05] train Recent Stats | update: 102 / 3157 | t_env: 672000 / 30000000 | stage: regular_only
train_f_c:                     0.0007  train_gini:                    0.0553  train_R_mean:                  0.3923
train_payoff_mean:             0.0299  train_pool_grown:              0.0149  train_pool:                    0.0085
loss:                         -1.0569  policy_loss:                  -3.0156  value_loss:                    1.9587
mean_rollout_reward:          -0.2455  entropy:                       0.8736  actor_logit_l2:               16.1606
actor_bc_loss:                 0.0065  actor_bc_coef:                 0.2231  actor_lr:                      0.0001
critic_lr:                     0.0001  replay_size:              600000.0000  replay_demo:                   0.0125
replay_collapse:               0.1992  rollout_sps:                 874.2662  rollout_collect_s:            10.9808
worker_collect_s:             10.7636  env_step_s:                    1.7669  inference_wait_s:              0.0000
infer_build_s:                 0.0000  local_forward_s:               7.3176  action_to_numpy_s:             0.0906
transition_encode_s:           0.3038  stack_transitions_s:           0.0216  shm_serialize_s:               0.0113
shm_deserialize_s:             0.0011  rollout_wait_s:                1.8707  overlap_s:                     9.1101
actor_sync_s:                  0.1188  actor_publish_s:               0.0025  actor_sync_server_s:           0.0000
actor_sync_worker_s:           0.1163  replay_extend_s:               0.0381  replay_sample_s:               0.0090
to_device_s:                   0.0022  critic_update_s:               0.4586  actor_update_s:                0.0000
target_update_s:               0.0000  learner_update_s:              9.1099  eval_s:                        0.0000
infer_batch_mean:              4.0000  infer_batch_max:               4.0000  uniform:                       0.0000
proportional:                  0.0000  constant_mix:                  0.0000  pool_power_mix:                0.0000
random_logits:                 0.0000  actor_logits:                  1.0000
[INFO 21:05:16] train t_env: 681600 / 30000000 | update: 103 / 3157
[INFO 21:05:16] train Estimated time left: 12 hours, 57 minutes, 4 seconds. Time passed: 18 minutes, 4 seconds
[INFO 21:05:16] train Recent Stats | update: 103 / 3157 | t_env: 681600 / 30000000 | stage: regular_only
train_f_c:                     0.0006  train_gini:                    0.0496  train_R_mean:                  0.3914
train_payoff_mean:             0.0290  train_pool_grown:              0.0127  train_pool:                    0.0073
loss:                         -0.6413  policy_loss:                  -2.4611  value_loss:                    1.8198
mean_rollout_reward:          -0.2177  entropy:                       0.8744  actor_logit_l2:               15.9749
actor_bc_loss:                 0.0044  actor_bc_coef:                 0.2227  actor_lr:                      0.0001
critic_lr:                     0.0001  replay_size:              600000.0000  replay_demo:                   0.0066
replay_collapse:               0.1992  rollout_sps:                 873.9847  rollout_collect_s:            10.9843
worker_collect_s:             10.7582  env_step_s:                    1.7664  inference_wait_s:              0.0000
infer_build_s:                 0.0000  local_forward_s:               7.3140  action_to_numpy_s:             0.0907
transition_encode_s:           0.3029  stack_transitions_s:           0.0216  shm_serialize_s:               0.0112
shm_deserialize_s:             0.0011  rollout_wait_s:                1.8045  overlap_s:                     9.1798
actor_sync_s:                  0.1192  actor_publish_s:               0.0025  actor_sync_server_s:           0.0000
actor_sync_worker_s:           0.1167  replay_extend_s:               0.0379  replay_sample_s:               0.0088
to_device_s:                   0.0021  critic_update_s:               0.4548  actor_update_s:                0.0000
target_update_s:               0.0000  learner_update_s:              9.1795  eval_s:                        0.0000
infer_batch_mean:              4.0000  infer_batch_max:               4.0000  uniform:                       0.0000
proportional:                  0.0000  constant_mix:                  0.0000  pool_power_mix:                0.0000
random_logits:                 0.0000  actor_logits:                  1.0000
[INFO 21:05:28] train t_env: 691200 / 30000000 | update: 104 / 3157
[INFO 21:05:28] train Estimated time left: 12 hours, 53 minutes, 51 seconds. Time passed: 18 minutes, 15 seconds
[INFO 21:05:28] train Recent Stats | update: 104 / 3157 | t_env: 691200 / 30000000 | stage: regular_only
train_f_c:                     0.0005  train_gini:                    0.0476  train_R_mean:                  0.3911
train_payoff_mean:             0.0286  train_pool_grown:              0.0117  train_pool:                    0.0067
loss:                         -0.1935  policy_loss:                  -1.9258  value_loss:                    1.7323
mean_rollout_reward:          -0.2080  entropy:                       0.8750  actor_logit_l2:               16.0397
actor_bc_loss:                 0.0022  actor_bc_coef:                 0.2223  actor_lr:                      0.0001
critic_lr:                     0.0001  replay_size:              600000.0000  replay_demo:                   0.0018
replay_collapse:               0.1992  rollout_sps:                 874.4969  rollout_collect_s:            10.9779
worker_collect_s:             10.7596  env_step_s:                    1.7643  inference_wait_s:              0.0000
infer_build_s:                 0.0000  local_forward_s:               7.3179  action_to_numpy_s:             0.0907
transition_encode_s:           0.3024  stack_transitions_s:           0.0215  shm_serialize_s:               0.0112
shm_deserialize_s:             0.0011  rollout_wait_s:                1.7220  overlap_s:                     9.2559
actor_sync_s:                  0.1175  actor_publish_s:               0.0025  actor_sync_server_s:           0.0000
actor_sync_worker_s:           0.1150  replay_extend_s:               0.0373  replay_sample_s:               0.0082
to_device_s:                   0.0021  critic_update_s:               0.4678  actor_update_s:                0.0000
target_update_s:               0.0000  learner_update_s:              9.2556  eval_s:                        0.0000
infer_batch_mean:              4.0000  infer_batch_max:               4.0000  uniform:                       0.0000
proportional:                  0.0000  constant_mix:                  0.0000  pool_power_mix:                0.0000
random_logits:                 0.0000  actor_logits:                  1.0000
[INFO 21:05:39] train t_env: 700800 / 30000000 | update: 105 / 3157
[INFO 21:05:39] train Estimated time left: 12 hours, 50 minutes, 42 seconds. Time passed: 18 minutes, 26 seconds
[INFO 21:05:39] train Recent Stats | update: 105 / 3157 | t_env: 700800 / 30000000 | stage: regular_only
train_f_c:                     0.0005  train_gini:                    0.0458  train_R_mean:                  0.3914
train_payoff_mean:             0.0285  train_pool_grown:              0.0111  train_pool:                    0.0064
loss:                          0.3403  policy_loss:                  -1.2774  value_loss:                    1.6176
mean_rollout_reward:          -0.1988  entropy:                       0.8780  actor_logit_l2:               16.1306
actor_bc_loss:                 0.0000  actor_bc_coef:                 0.2218  actor_lr:                      0.0001
critic_lr:                     0.0001  replay_size:              600000.0000  replay_demo:                   0.0000
replay_collapse:               0.1992  rollout_sps:                 874.2669  rollout_collect_s:            10.9808
worker_collect_s:             10.7638  env_step_s:                    1.7603  inference_wait_s:              0.0000
infer_build_s:                 0.0000  local_forward_s:               7.3261  action_to_numpy_s:             0.0901
transition_encode_s:           0.3028  stack_transitions_s:           0.0215  shm_serialize_s:               0.0112
shm_deserialize_s:             0.0011  rollout_wait_s:                1.6700  overlap_s:                     9.3107
actor_sync_s:                  0.1152  actor_publish_s:               0.0026  actor_sync_server_s:           0.0000
actor_sync_worker_s:           0.1126  replay_extend_s:               0.0362  replay_sample_s:               0.0073
to_device_s:                   0.0021  critic_update_s:               0.4714  actor_update_s:                0.0000
target_update_s:               0.0000  learner_update_s:              9.3104  eval_s:                        0.0000
infer_batch_mean:              4.0000  infer_batch_max:               4.0000  uniform:                       0.0000
proportional:                  0.0000  constant_mix:                  0.0000  pool_power_mix:                0.0000
random_logits:                 0.0000  actor_logits:                  1.0000
[INFO 21:05:50] train t_env: 710400 / 30000000 | update: 106 / 3157
[INFO 21:05:50] train Estimated time left: 12 hours, 47 minutes, 39 seconds. Time passed: 18 minutes, 37 seconds
[INFO 21:05:50] train Recent Stats | update: 106 / 3157 | t_env: 710400 / 30000000 | stage: regular_only
train_f_c:                     0.0005  train_gini:                    0.0459  train_R_mean:                  0.3931
train_payoff_mean:             0.0285  train_pool_grown:              0.0109  train_pool:                    0.0063
loss:                          0.7522  policy_loss:                  -0.7786  value_loss:                    1.5308
mean_rollout_reward:          -0.1995  entropy:                       0.8802  actor_logit_l2:               16.6875
actor_bc_loss:                 0.0000  actor_bc_coef:                 0.2214  actor_lr:                      0.0001
critic_lr:                     0.0001  replay_size:              600000.0000  replay_demo:                   0.0000
replay_collapse:               0.1992  rollout_sps:                 875.1168  rollout_collect_s:            10.9700
worker_collect_s:             10.7618  env_step_s:                    1.7624  inference_wait_s:              0.0000
infer_build_s:                 0.0000  local_forward_s:               7.3205  action_to_numpy_s:             0.0905
transition_encode_s:           0.3029  stack_transitions_s:           0.0215  shm_serialize_s:               0.0112
shm_deserialize_s:             0.0011  rollout_wait_s:                1.6634  overlap_s:                     9.3067
actor_sync_s:                  0.1161  actor_publish_s:               0.0026  actor_sync_server_s:           0.0000
actor_sync_worker_s:           0.1135  replay_extend_s:               0.0364  replay_sample_s:               0.0073
to_device_s:                   0.0021  critic_update_s:               0.4661  actor_update_s:                0.0000
target_update_s:               0.0000  learner_update_s:              9.3063  eval_s:                        0.0000
infer_batch_mean:              4.0000  infer_batch_max:               4.0000  uniform:                       0.0000
proportional:                  0.0000  constant_mix:                  0.0000  pool_power_mix:                0.0000
random_logits:                 0.0000  actor_logits:                  1.0000
[INFO 21:06:01] train t_env: 720000 / 30000000 | update: 107 / 3157
[INFO 21:06:01] train Estimated time left: 12 hours, 44 minutes, 41 seconds. Time passed: 18 minutes, 48 seconds
[INFO 21:06:01] train Recent Stats | update: 107 / 3157 | t_env: 720000 / 30000000 | stage: regular_only
train_f_c:                     0.0004  train_gini:                    0.0440  train_R_mean:                  0.3930
train_payoff_mean:             0.0283  train_pool_grown:              0.0104  train_pool:                    0.0059
loss:                          1.1491  policy_loss:                  -0.2918  value_loss:                    1.4409
mean_rollout_reward:          -0.1902  entropy:                       0.8840  actor_logit_l2:               17.4127
actor_bc_loss:                 0.0000  actor_bc_coef:                 0.2210  actor_lr:                      0.0001
critic_lr:                     0.0001  replay_size:              600000.0000  replay_demo:                   0.0000
replay_collapse:               0.1992  rollout_sps:                 875.1047  rollout_collect_s:            10.9702
worker_collect_s:             10.7606  env_step_s:                    1.7610  inference_wait_s:              0.0000
infer_build_s:                 0.0000  local_forward_s:               7.3210  action_to_numpy_s:             0.0908
transition_encode_s:           0.3021  stack_transitions_s:           0.0217  shm_serialize_s:               0.0112
shm_deserialize_s:             0.0011  rollout_wait_s:                1.6800  overlap_s:                     9.2902
actor_sync_s:                  0.1153  actor_publish_s:               0.0026  actor_sync_server_s:           0.0000
actor_sync_worker_s:           0.1127  replay_extend_s:               0.0364  replay_sample_s:               0.0072
to_device_s:                   0.0021  critic_update_s:               0.4698  actor_update_s:                0.0000
target_update_s:               0.0000  learner_update_s:              9.2899  eval_s:                        0.0000
infer_batch_mean:              4.0000  infer_batch_max:               4.0000  uniform:                       0.0000
proportional:                  0.0000  constant_mix:                  0.0000  pool_power_mix:                0.0000
random_logits:                 0.0000  actor_logits:                  1.0000
[INFO 21:06:12] train t_env: 729600 / 30000000 | update: 108 / 3157
[INFO 21:06:12] train Estimated time left: 12 hours, 41 minutes, 52 seconds. Time passed: 18 minutes, 59 seconds
[INFO 21:06:12] train Recent Stats | update: 108 / 3157 | t_env: 729600 / 30000000 | stage: regular_only
train_f_c:                     0.0005  train_gini:                    0.0439  train_R_mean:                  0.3930
train_payoff_mean:             0.0284  train_pool_grown:              0.0105  train_pool:                    0.0060
loss:                          1.4754  policy_loss:                   0.1116  value_loss:                    1.3638
mean_rollout_reward:          -0.1897  entropy:                       0.8864  actor_logit_l2:               18.3120
actor_bc_loss:                 0.0000  actor_bc_coef:                 0.2206  actor_lr:                      0.0001
critic_lr:                     0.0001  replay_size:              600000.0000  replay_demo:                   0.0000
replay_collapse:               0.1992  rollout_sps:                 874.2902  rollout_collect_s:            10.9805
worker_collect_s:             10.7598  env_step_s:                    1.7593  inference_wait_s:              0.0000
infer_build_s:                 0.0000  local_forward_s:               7.3250  action_to_numpy_s:             0.0906
transition_encode_s:           0.3020  stack_transitions_s:           0.0218  shm_serialize_s:               0.0112
shm_deserialize_s:             0.0011  rollout_wait_s:                1.7514  overlap_s:                     9.2291
actor_sync_s:                  0.1165  actor_publish_s:               0.0026  actor_sync_server_s:           0.0000
actor_sync_worker_s:           0.1139  replay_extend_s:               0.0368  replay_sample_s:               0.0070
to_device_s:                   0.0021  critic_update_s:               0.4694  actor_update_s:                0.0000
target_update_s:               0.0000  learner_update_s:              9.2288  eval_s:                        0.0000
infer_batch_mean:              4.0000  infer_batch_max:               4.0000  uniform:                       0.0000
proportional:                  0.0000  constant_mix:                  0.0000  pool_power_mix:                0.0000
random_logits:                 0.0000  actor_logits:                  1.0000
[INFO 21:06:23] train t_env: 739200 / 30000000 | update: 109 / 3157
[INFO 21:06:23] train Estimated time left: 12 hours, 39 minutes, 2 seconds. Time passed: 19 minutes, 11 seconds
[INFO 21:06:23] train Recent Stats | update: 109 / 3157 | t_env: 739200 / 30000000 | stage: regular_only
train_f_c:                     0.0005  train_gini:                    0.0436  train_R_mean:                  0.3911
train_payoff_mean:             0.0283  train_pool_grown:              0.0105  train_pool:                    0.0060
loss:                          1.7247  policy_loss:                   0.4440  value_loss:                    1.2807
mean_rollout_reward:          -0.1881  entropy:                       0.8901  actor_logit_l2:               19.6411
actor_bc_loss:                 0.0000  actor_bc_coef:                 0.2202  actor_lr:                      0.0001
critic_lr:                     0.0001  replay_size:              600000.0000  replay_demo:                   0.0000
replay_collapse:               0.1992  rollout_sps:                 874.2052  rollout_collect_s:            10.9815
worker_collect_s:             10.7619  env_step_s:                    1.7616  inference_wait_s:              0.0000
infer_build_s:                 0.0000  local_forward_s:               7.3237  action_to_numpy_s:             0.0903
transition_encode_s:           0.3030  stack_transitions_s:           0.0218  shm_serialize_s:               0.0112
shm_deserialize_s:             0.0011  rollout_wait_s:                1.8239  overlap_s:                     9.1576
actor_sync_s:                  0.1167  actor_publish_s:               0.0025  actor_sync_server_s:           0.0000
actor_sync_worker_s:           0.1142  replay_extend_s:               0.0368  replay_sample_s:               0.0074
to_device_s:                   0.0021  critic_update_s:               0.4714  actor_update_s:                0.0000
target_update_s:               0.0000  learner_update_s:              9.1573  eval_s:                        0.0000
infer_batch_mean:              4.0000  infer_batch_max:               4.0000  uniform:                       0.0000
proportional:                  0.0000  constant_mix:                  0.0000  pool_power_mix:                0.0000
random_logits:                 0.0000  actor_logits:                  1.0000
[INFO 21:06:34] train t_env: 748800 / 30000000 | update: 110 / 3157
[INFO 21:06:34] train Estimated time left: 12 hours, 36 minutes, 16 seconds. Time passed: 19 minutes, 22 seconds
[INFO 21:06:34] train Recent Stats | update: 110 / 3157 | t_env: 748800 / 30000000 | stage: regular_only
train_f_c:                     0.0005  train_gini:                    0.0435  train_R_mean:                  0.3911
train_payoff_mean:             0.0283  train_pool_grown:              0.0106  train_pool:                    0.0061
loss:                          1.9688  policy_loss:                   0.7608  value_loss:                    1.2080
mean_rollout_reward:          -0.1876  entropy:                       0.8937  actor_logit_l2:               21.3626
actor_bc_loss:                 0.0000  actor_bc_coef:                 0.2198  actor_lr:                      0.0001
critic_lr:                     0.0001  replay_size:              600000.0000  replay_demo:                   0.0000
replay_collapse:               0.1992  rollout_sps:                 874.5885  rollout_collect_s:            10.9767
worker_collect_s:             10.7585  env_step_s:                    1.7629  inference_wait_s:              0.0000
infer_build_s:                 0.0000  local_forward_s:               7.3191  action_to_numpy_s:             0.0913
transition_encode_s:           0.3024  stack_transitions_s:           0.0218  shm_serialize_s:               0.0112
shm_deserialize_s:             0.0011  rollout_wait_s:                1.8401  overlap_s:                     9.1366
actor_sync_s:                  0.1157  actor_publish_s:               0.0025  actor_sync_server_s:           0.0000
actor_sync_worker_s:           0.1133  replay_extend_s:               0.0371  replay_sample_s:               0.0075
to_device_s:                   0.0021  critic_update_s:               0.4688  actor_update_s:                0.0000
target_update_s:               0.0000  learner_update_s:              9.1362  eval_s:                        0.0000
infer_batch_mean:              4.0000  infer_batch_max:               4.0000  uniform:                       0.0000
proportional:                  0.0000  constant_mix:                  0.0000  pool_power_mix:                0.0000
random_logits:                 0.0000  actor_logits:                  1.0000
[INFO 21:06:45] train t_env: 758400 / 30000000 | update: 111 / 3157
[INFO 21:06:45] train Estimated time left: 12 hours, 33 minutes, 36 seconds. Time passed: 19 minutes, 33 seconds
[INFO 21:06:45] train Recent Stats | update: 111 / 3157 | t_env: 758400 / 30000000 | stage: regular_only
train_f_c:                     0.0005  train_gini:                    0.0433  train_R_mean:                  0.3910
train_payoff_mean:             0.0283  train_pool_grown:              0.0106  train_pool:                    0.0061
loss:                          2.1177  policy_loss:                   1.0010  value_loss:                    1.1167
mean_rollout_reward:          -0.1868  entropy:                       0.8943  actor_logit_l2:               23.5675
actor_bc_loss:                 0.0000  actor_bc_coef:                 0.2193  actor_lr:                      0.0001
critic_lr:                     0.0001  replay_size:              600000.0000  replay_demo:                   0.0000
replay_collapse:               0.1992  rollout_sps:                 874.7084  rollout_collect_s:            10.9752
worker_collect_s:             10.7596  env_step_s:                    1.7629  inference_wait_s:              0.0000
infer_build_s:                 0.0000  local_forward_s:               7.3201  action_to_numpy_s:             0.0915
transition_encode_s:           0.3019  stack_transitions_s:           0.0219  shm_serialize_s:               0.0112
shm_deserialize_s:             0.0011  rollout_wait_s:                1.8467  overlap_s:                     9.1285
actor_sync_s:                  0.1162  actor_publish_s:               0.0025  actor_sync_server_s:           0.0000
actor_sync_worker_s:           0.1138  replay_extend_s:               0.0374  replay_sample_s:               0.0070
to_device_s:                   0.0021  critic_update_s:               0.4703  actor_update_s:                0.0000
target_update_s:               0.0000  learner_update_s:              9.1281  eval_s:                        0.0000
infer_batch_mean:              4.0000  infer_batch_max:               4.0000  uniform:                       0.0000
proportional:                  0.0000  constant_mix:                  0.0000  pool_power_mix:                0.0000
random_logits:                 0.0000  actor_logits:                  1.0000
[INFO 21:06:56] train t_env: 768000 / 30000000 | update: 112 / 3157
[INFO 21:06:56] train Estimated time left: 12 hours, 30 minutes, 58 seconds. Time passed: 19 minutes, 44 seconds
[INFO 21:06:56] train Recent Stats | update: 112 / 3157 | t_env: 768000 / 30000000 | stage: regular_only
train_f_c:                     0.0005  train_gini:                    0.0433  train_R_mean:                  0.3912
train_payoff_mean:             0.0283  train_pool_grown:              0.0106  train_pool:                    0.0061
loss:                          2.2454  policy_loss:                   1.1873  value_loss:                    1.0580
mean_rollout_reward:          -0.1866  entropy:                       0.8933  actor_logit_l2:               26.2128
actor_bc_loss:                 0.0000  actor_bc_coef:                 0.2189  actor_lr:                      0.0001
critic_lr:                     0.0001  replay_size:              600000.0000  replay_demo:                   0.0000
replay_collapse:               0.1992  rollout_sps:                 874.9651  rollout_collect_s:            10.9720
worker_collect_s:             10.7591  env_step_s:                    1.7614  inference_wait_s:              0.0000
infer_build_s:                 0.0000  local_forward_s:               7.3214  action_to_numpy_s:             0.0917
transition_encode_s:           0.3013  stack_transitions_s:           0.0219  shm_serialize_s:               0.0112
shm_deserialize_s:             0.0011  rollout_wait_s:                1.8447  overlap_s:                     9.1273
actor_sync_s:                  0.1152  actor_publish_s:               0.0025  actor_sync_server_s:           0.0000
actor_sync_worker_s:           0.1127  replay_extend_s:               0.0374  replay_sample_s:               0.0066
to_device_s:                   0.0021  critic_update_s:               0.4737  actor_update_s:                0.0000
target_update_s:               0.0000  learner_update_s:              9.1269  eval_s:                        0.0000
infer_batch_mean:              4.0000  infer_batch_max:               4.0000  uniform:                       0.0000
proportional:                  0.0000  constant_mix:                  0.0000  pool_power_mix:                0.0000
random_logits:                 0.0000  actor_logits:                  1.0000
[INFO 21:07:07] train t_env: 777600 / 30000000 | update: 113 / 3157
[INFO 21:07:07] train Estimated time left: 12 hours, 28 minutes, 23 seconds. Time passed: 19 minutes, 55 seconds
[INFO 21:07:07] train Recent Stats | update: 113 / 3157 | t_env: 777600 / 30000000 | stage: regular_only
train_f_c:                     0.0005  train_gini:                    0.0432  train_R_mean:                  0.3901
train_payoff_mean:             0.0283  train_pool_grown:              0.0107  train_pool:                    0.0061
loss:                          2.3643  policy_loss:                   1.2836  value_loss:                    1.0807
mean_rollout_reward:          -0.1860  entropy:                       0.8877  actor_logit_l2:               29.2094
actor_bc_loss:                 0.0000  actor_bc_coef:                 0.2185  actor_lr:                      0.0001
critic_lr:                     0.0001  replay_size:              600000.0000  replay_demo:                   0.0000
replay_collapse:               0.1992  rollout_sps:                 875.2510  rollout_collect_s:            10.9684
worker_collect_s:             10.7617  env_step_s:                    1.7596  inference_wait_s:              0.0000
infer_build_s:                 0.0000  local_forward_s:               7.3251  action_to_numpy_s:             0.0914
transition_encode_s:           0.3017  stack_transitions_s:           0.0218  shm_serialize_s:               0.0112
shm_deserialize_s:             0.0011  rollout_wait_s:                1.8824  overlap_s:                     9.0860
actor_sync_s:                  0.1153  actor_publish_s:               0.0025  actor_sync_server_s:           0.0000
actor_sync_worker_s:           0.1128  replay_extend_s:               0.0380  replay_sample_s:               0.0065
to_device_s:                   0.0021  critic_update_s:               0.4702  actor_update_s:                0.0000
target_update_s:               0.0000  learner_update_s:              9.0856  eval_s:                        0.0000
infer_batch_mean:              4.0000  infer_batch_max:               4.0000  uniform:                       0.0000
proportional:                  0.0000  constant_mix:                  0.0000  pool_power_mix:                0.0000
random_logits:                 0.0000  actor_logits:                  1.0000
[INFO 21:07:19] train t_env: 787200 / 30000000 | update: 114 / 3157
[INFO 21:07:19] train Estimated time left: 12 hours, 25 minutes, 54 seconds. Time passed: 20 minutes, 6 seconds
[INFO 21:07:19] train Recent Stats | update: 114 / 3157 | t_env: 787200 / 30000000 | stage: regular_only
train_f_c:                     0.0005  train_gini:                    0.0430  train_R_mean:                  0.3890
train_payoff_mean:             0.0282  train_pool_grown:              0.0107  train_pool:                    0.0062
loss:                          2.4127  policy_loss:                   1.3791  value_loss:                    1.0336
mean_rollout_reward:          -0.1851  entropy:                       0.8829  actor_logit_l2:               31.5934
actor_bc_loss:                 0.0000  actor_bc_coef:                 0.2181  actor_lr:                      0.0001
critic_lr:                     0.0001  replay_size:              600000.0000  replay_demo:                   0.0000
replay_collapse:               0.1992  rollout_sps:                 874.8604  rollout_collect_s:            10.9733
worker_collect_s:             10.7623  env_step_s:                    1.7608  inference_wait_s:              0.0000
infer_build_s:                 0.0000  local_forward_s:               7.3245  action_to_numpy_s:             0.0906
transition_encode_s:           0.3023  stack_transitions_s:           0.0219  shm_serialize_s:               0.0112
shm_deserialize_s:             0.0011  rollout_wait_s:                2.0027  overlap_s:                     8.9706
actor_sync_s:                  0.1158  actor_publish_s:               0.0025  actor_sync_server_s:           0.0000
actor_sync_worker_s:           0.1133  replay_extend_s:               0.0390  replay_sample_s:               0.0065
to_device_s:                   0.0021  critic_update_s:               0.4589  actor_update_s:                0.0000
target_update_s:               0.0000  learner_update_s:              8.9702  eval_s:                        0.0000
infer_batch_mean:              4.0000  infer_batch_max:               4.0000  uniform:                       0.0000
proportional:                  0.0000  constant_mix:                  0.0000  pool_power_mix:                0.0000
random_logits:                 0.0000  actor_logits:                  1.0000
[INFO 21:07:30] train t_env: 796800 / 30000000 | update: 115 / 3157
[INFO 21:07:30] train Estimated time left: 12 hours, 23 minutes, 29 seconds. Time passed: 20 minutes, 17 seconds
[INFO 21:07:30] train Recent Stats | update: 115 / 3157 | t_env: 796800 / 30000000 | stage: regular_only
train_f_c:                     0.0005  train_gini:                    0.0430  train_R_mean:                  0.3893
train_payoff_mean:             0.0283  train_pool_grown:              0.0109  train_pool:                    0.0063
loss:                          2.4249  policy_loss:                   1.4422  value_loss:                    0.9827
mean_rollout_reward:          -0.1849  entropy:                       0.8769  actor_logit_l2:               33.8507
actor_bc_loss:                 0.0000  actor_bc_coef:                 0.2177  actor_lr:                      0.0001
critic_lr:                     0.0001  replay_size:              600000.0000  replay_demo:                   0.0000
replay_collapse:               0.1992  rollout_sps:                 874.0107  rollout_collect_s:            10.9840
worker_collect_s:             10.7626  env_step_s:                    1.7661  inference_wait_s:              0.0000
infer_build_s:                 0.0000  local_forward_s:               7.3208  action_to_numpy_s:             0.0910
transition_encode_s:           0.3026  stack_transitions_s:           0.0220  shm_serialize_s:               0.0112
shm_deserialize_s:             0.0011  rollout_wait_s:                2.0410  overlap_s:                     8.9430
actor_sync_s:                  0.1152  actor_publish_s:               0.0024  actor_sync_server_s:           0.0000
actor_sync_worker_s:           0.1128  replay_extend_s:               0.0403  replay_sample_s:               0.0069
to_device_s:                   0.0021  critic_update_s:               0.4616  actor_update_s:                0.0000
target_update_s:               0.0000  learner_update_s:              8.9426  eval_s:                        0.0000
infer_batch_mean:              4.0000  infer_batch_max:               4.0000  uniform:                       0.0000
proportional:                  0.0000  constant_mix:                  0.0000  pool_power_mix:                0.0000
random_logits:                 0.0000  actor_logits:                  1.0000
[INFO 21:07:41] train t_env: 806400 / 30000000 | update: 116 / 3157
[INFO 21:07:41] train Estimated time left: 12 hours, 21 minutes, 7 seconds. Time passed: 20 minutes, 28 seconds
[INFO 21:07:41] train Recent Stats | update: 116 / 3157 | t_env: 806400 / 30000000 | stage: regular_only
train_f_c:                     0.0005  train_gini:                    0.0427  train_R_mean:                  0.3878
train_payoff_mean:             0.0283  train_pool_grown:              0.0112  train_pool:                    0.0064
loss:                          2.5085  policy_loss:                   1.5362  value_loss:                    0.9723
mean_rollout_reward:          -0.1839  entropy:                       0.8745  actor_logit_l2:               35.2894
actor_bc_loss:                 0.0000  actor_bc_coef:                 0.2173  actor_lr:                      0.0001
critic_lr:                     0.0001  replay_size:              600000.0000  replay_demo:                   0.0000
replay_collapse:               0.1992  rollout_sps:                 873.7019  rollout_collect_s:            10.9879
worker_collect_s:             10.7634  env_step_s:                    1.7687  inference_wait_s:              0.0000
infer_build_s:                 0.0000  local_forward_s:               7.3194  action_to_numpy_s:             0.0908
transition_encode_s:           0.3030  stack_transitions_s:           0.0219  shm_serialize_s:               0.0112
shm_deserialize_s:             0.0011  rollout_wait_s:                2.0583  overlap_s:                     8.9295
actor_sync_s:                  0.1159  actor_publish_s:               0.0025  actor_sync_server_s:           0.0000
actor_sync_worker_s:           0.1134  replay_extend_s:               0.0409  replay_sample_s:               0.0067
to_device_s:                   0.0021  critic_update_s:               0.4633  actor_update_s:                0.0000
target_update_s:               0.0000  learner_update_s:              8.9292  eval_s:                        0.0000
infer_batch_mean:              4.0000  infer_batch_max:               4.0000  uniform:                       0.0000
proportional:                  0.0000  constant_mix:                  0.0000  pool_power_mix:                0.0000
random_logits:                 0.0000  actor_logits:                  1.0000
[INFO 21:07:52] train t_env: 816000 / 30000000 | update: 117 / 3157
[INFO 21:07:52] train Estimated time left: 12 hours, 18 minutes, 43 seconds. Time passed: 20 minutes, 39 seconds
[INFO 21:07:52] train Recent Stats | update: 117 / 3157 | t_env: 816000 / 30000000 | stage: regular_only
train_f_c:                     0.0005  train_gini:                    0.0427  train_R_mean:                  0.3864
train_payoff_mean:             0.0283  train_pool_grown:              0.0114  train_pool:                    0.0065
loss:                          2.6191  policy_loss:                   1.6656  value_loss:                    0.9535
mean_rollout_reward:          -0.1835  entropy:                       0.8744  actor_logit_l2:               35.9160
actor_bc_loss:                 0.0000  actor_bc_coef:                 0.2168  actor_lr:                      0.0001
critic_lr:                     0.0001  replay_size:              600000.0000  replay_demo:                   0.0000
replay_collapse:               0.1992  rollout_sps:                 874.1919  rollout_collect_s:            10.9818
worker_collect_s:             10.7620  env_step_s:                    1.7691  inference_wait_s:              0.0000
infer_build_s:                 0.0000  local_forward_s:               7.3176  action_to_numpy_s:             0.0910
transition_encode_s:           0.3028  stack_transitions_s:           0.0217  shm_serialize_s:               0.0112
shm_deserialize_s:             0.0011  rollout_wait_s:                2.0852  overlap_s:                     8.8966
actor_sync_s:                  0.1155  actor_publish_s:               0.0025  actor_sync_server_s:           0.0000
actor_sync_worker_s:           0.1130  replay_extend_s:               0.0416  replay_sample_s:               0.0067
to_device_s:                   0.0021  critic_update_s:               0.4584  actor_update_s:                0.0000
target_update_s:               0.0000  learner_update_s:              8.8962  eval_s:                        0.0000
infer_batch_mean:              4.0000  infer_batch_max:               4.0000  uniform:                       0.0000
proportional:                  0.0000  constant_mix:                  0.0000  pool_power_mix:                0.0000
random_logits:                 0.0000  actor_logits:                  1.0000
[INFO 21:08:03] train t_env: 825600 / 30000000 | update: 118 / 3157
[INFO 21:08:03] train Estimated time left: 12 hours, 16 minutes, 29 seconds. Time passed: 20 minutes, 51 seconds
[INFO 21:08:03] train Recent Stats | update: 118 / 3157 | t_env: 825600 / 30000000 | stage: regular_only
train_f_c:                     0.0005  train_gini:                    0.0426  train_R_mean:                  0.3862
train_payoff_mean:             0.0283  train_pool_grown:              0.0114  train_pool:                    0.0065
loss:                          2.6551  policy_loss:                   1.7329  value_loss:                    0.9222
mean_rollout_reward:          -0.1834  entropy:                       0.8717  actor_logit_l2:               36.5714
actor_bc_loss:                 0.0000  actor_bc_coef:                 0.2164  actor_lr:                      0.0001
critic_lr:                     0.0001  replay_size:              600000.0000  replay_demo:                   0.0000
replay_collapse:               0.1992  rollout_sps:                 874.1872  rollout_collect_s:            10.9818
worker_collect_s:             10.7599  env_step_s:                    1.7698  inference_wait_s:              0.0000
infer_build_s:                 0.0000  local_forward_s:               7.3140  action_to_numpy_s:             0.0915
transition_encode_s:           0.3027  stack_transitions_s:           0.0217  shm_serialize_s:               0.0112
shm_deserialize_s:             0.0011  rollout_wait_s:                2.0419  overlap_s:                     8.9399
actor_sync_s:                  0.1166  actor_publish_s:               0.0025  actor_sync_server_s:           0.0000
actor_sync_worker_s:           0.1140  replay_extend_s:               0.0426  replay_sample_s:               0.0064
to_device_s:                   0.0021  critic_update_s:               0.4581  actor_update_s:                0.0000
target_update_s:               0.0000  learner_update_s:              8.9396  eval_s:                        0.0000
infer_batch_mean:              4.0000  infer_batch_max:               4.0000  uniform:                       0.0000
proportional:                  0.0000  constant_mix:                  0.0000  pool_power_mix:                0.0000
random_logits:                 0.0000  actor_logits:                  1.0000
[INFO 21:08:14] train t_env: 835200 / 30000000 | update: 119 / 3157
[INFO 21:08:14] train Estimated time left: 12 hours, 14 minutes, 16 seconds. Time passed: 21 minutes, 2 seconds
[INFO 21:08:14] train Recent Stats | update: 119 / 3157 | t_env: 835200 / 30000000 | stage: regular_only
train_f_c:                     0.0005  train_gini:                    0.0427  train_R_mean:                  0.3870
train_payoff_mean:             0.0284  train_pool_grown:              0.0115  train_pool:                    0.0066
loss:                          2.7631  policy_loss:                   1.8524  value_loss:                    0.9108
mean_rollout_reward:          -0.1836  entropy:                       0.8711  actor_logit_l2:               36.5834
actor_bc_loss:                 0.0000  actor_bc_coef:                 0.2160  actor_lr:                      0.0001
critic_lr:                     0.0001  replay_size:              600000.0000  replay_demo:                   0.0000
replay_collapse:               0.1992  rollout_sps:                 873.6944  rollout_collect_s:            10.9880
worker_collect_s:             10.7576  env_step_s:                    1.7700  inference_wait_s:              0.0000
infer_build_s:                 0.0000  local_forward_s:               7.3135  action_to_numpy_s:             0.0917
transition_encode_s:           0.3020  stack_transitions_s:           0.0217  shm_serialize_s:               0.0111
shm_deserialize_s:             0.0011  rollout_wait_s:                1.9730  overlap_s:                     9.0150
actor_sync_s:                  0.1151  actor_publish_s:               0.0026  actor_sync_server_s:           0.0000
actor_sync_worker_s:           0.1125  replay_extend_s:               0.0432  replay_sample_s:               0.0058
to_device_s:                   0.0021  critic_update_s:               0.4641  actor_update_s:                0.0000
target_update_s:               0.0000  learner_update_s:              9.0147  eval_s:                        0.0000
infer_batch_mean:              4.0000  infer_batch_max:               4.0000  uniform:                       0.0000
proportional:                  0.0000  constant_mix:                  0.0000  pool_power_mix:                0.0000
random_logits:                 0.0000  actor_logits:                  1.0000
[INFO 21:08:25] train t_env: 844800 / 30000000 | update: 120 / 3157
[INFO 21:08:25] train Estimated time left: 12 hours, 12 minutes, 5 seconds. Time passed: 21 minutes, 13 seconds
[INFO 21:08:25] train Recent Stats | update: 120 / 3157 | t_env: 844800 / 30000000 | stage: regular_only
train_f_c:                     0.0005  train_gini:                    0.0427  train_R_mean:                  0.3868
train_payoff_mean:             0.0285  train_pool_grown:              0.0117  train_pool:                    0.0067
loss:                          2.8454  policy_loss:                   1.9441  value_loss:                    0.9013
mean_rollout_reward:          -0.1835  entropy:                       0.8689  actor_logit_l2:               36.3057
actor_bc_loss:                 0.0000  actor_bc_coef:                 0.2156  actor_lr:                      0.0001
critic_lr:                     0.0001  replay_size:              600000.0000  replay_demo:                   0.0000
replay_collapse:               0.1992  rollout_sps:                 873.1875  rollout_collect_s:            10.9944
worker_collect_s:             10.7623  env_step_s:                    1.7703  inference_wait_s:              0.0000
infer_build_s:                 0.0000  local_forward_s:               7.3181  action_to_numpy_s:             0.0911
transition_encode_s:           0.3028  stack_transitions_s:           0.0217  shm_serialize_s:               0.0111
shm_deserialize_s:             0.0011  rollout_wait_s:                1.9587  overlap_s:                     9.0357
actor_sync_s:                  0.1156  actor_publish_s:               0.0026  actor_sync_server_s:           0.0000
actor_sync_worker_s:           0.1130  replay_extend_s:               0.0435  replay_sample_s:               0.0059
to_device_s:                   0.0021  critic_update_s:               0.4688  actor_update_s:                0.0000
target_update_s:               0.0000  learner_update_s:              9.0354  eval_s:                        0.0000
infer_batch_mean:              4.0000  infer_batch_max:               4.0000  uniform:                       0.0000
proportional:                  0.0000  constant_mix:                  0.0000  pool_power_mix:                0.0000
random_logits:                 0.0000  actor_logits:                  1.0000
[INFO 21:08:36] train t_env: 854400 / 30000000 | update: 121 / 3157
[INFO 21:08:36] train Estimated time left: 12 hours, 9 minutes, 57 seconds. Time passed: 21 minutes, 24 seconds
[INFO 21:08:36] train Recent Stats | update: 121 / 3157 | t_env: 854400 / 30000000 | stage: regular_only
train_f_c:                     0.0005  train_gini:                    0.0426  train_R_mean:                  0.3862
train_payoff_mean:             0.0286  train_pool_grown:              0.0119  train_pool:                    0.0068
loss:                          2.9329  policy_loss:                   2.0249  value_loss:                    0.9079
mean_rollout_reward:          -0.1830  entropy:                       0.8689  actor_logit_l2:               35.7002
actor_bc_loss:                 0.0000  actor_bc_coef:                 0.2152  actor_lr:                      0.0001
critic_lr:                     0.0001  replay_size:              600000.0000  replay_demo:                   0.0000
replay_collapse:               0.1992  rollout_sps:                 873.2434  rollout_collect_s:            10.9937
worker_collect_s:             10.7606  env_step_s:                    1.7742  inference_wait_s:              0.0000
infer_build_s:                 0.0000  local_forward_s:               7.3130  action_to_numpy_s:             0.0913
transition_encode_s:           0.3040  stack_transitions_s:           0.0216  shm_serialize_s:               0.0111
shm_deserialize_s:             0.0011  rollout_wait_s:                1.9205  overlap_s:                     9.0732
actor_sync_s:                  0.1165  actor_publish_s:               0.0026  actor_sync_server_s:           0.0000
actor_sync_worker_s:           0.1139  replay_extend_s:               0.0435  replay_sample_s:               0.0061
to_device_s:                   0.0021  critic_update_s:               0.4676  actor_update_s:                0.0000
target_update_s:               0.0000  learner_update_s:              9.0729  eval_s:                        0.0000
infer_batch_mean:              4.0000  infer_batch_max:               4.0000  uniform:                       0.0000
proportional:                  0.0000  constant_mix:                  0.0000  pool_power_mix:                0.0000
random_logits:                 0.0000  actor_logits:                  1.0000
[INFO 21:08:48] train t_env: 864000 / 30000000 | update: 122 / 3157
[INFO 21:08:48] train Estimated time left: 12 hours, 7 minutes, 53 seconds. Time passed: 21 minutes, 35 seconds
[INFO 21:08:48] train Recent Stats | update: 122 / 3157 | t_env: 864000 / 30000000 | stage: regular_only
train_f_c:                     0.0005  train_gini:                    0.0425  train_R_mean:                  0.3868
train_payoff_mean:             0.0286  train_pool_grown:              0.0120  train_pool:                    0.0069
loss:                          3.0134  policy_loss:                   2.1369  value_loss:                    0.8765
mean_rollout_reward:          -0.1824  entropy:                       0.8716  actor_logit_l2:               34.4172
actor_bc_loss:                 0.0000  actor_bc_coef:                 0.2148  actor_lr:                      0.0001
critic_lr:                     0.0001  replay_size:              600000.0000  replay_demo:                   0.0000
replay_collapse:               0.1992  rollout_sps:                 872.4482  rollout_collect_s:            11.0037
worker_collect_s:             10.7625  env_step_s:                    1.7779  inference_wait_s:              0.0000
infer_build_s:                 0.0000  local_forward_s:               7.3106  action_to_numpy_s:             0.0911
transition_encode_s:           0.3049  stack_transitions_s:           0.0217  shm_serialize_s:               0.0111
shm_deserialize_s:             0.0011  rollout_wait_s:                1.8937  overlap_s:                     9.1099
actor_sync_s:                  0.1169  actor_publish_s:               0.0026  actor_sync_server_s:           0.0000
actor_sync_worker_s:           0.1144  replay_extend_s:               0.0439  replay_sample_s:               0.0065
to_device_s:                   0.0021  critic_update_s:               0.4690  actor_update_s:                0.0000
target_update_s:               0.0000  learner_update_s:              9.1096  eval_s:                        0.0000
infer_batch_mean:              4.0000  infer_batch_max:               4.0000  uniform:                       0.0000
proportional:                  0.0000  constant_mix:                  0.0000  pool_power_mix:                0.0000
random_logits:                 0.0000  actor_logits:                  1.0000
[INFO 21:08:59] train t_env: 873600 / 30000000 | update: 123 / 3157
[INFO 21:08:59] train Estimated time left: 12 hours, 5 minutes, 51 seconds. Time passed: 21 minutes, 46 seconds
[INFO 21:08:59] train Recent Stats | update: 123 / 3157 | t_env: 873600 / 30000000 | stage: regular_only
train_f_c:                     0.0005  train_gini:                    0.0424  train_R_mean:                  0.3857
train_payoff_mean:             0.0285  train_pool_grown:              0.0119  train_pool:                    0.0068
loss:                          3.0431  policy_loss:                   2.2367  value_loss:                    0.8064
mean_rollout_reward:          -0.1823  entropy:                       0.8775  actor_logit_l2:               32.7991
actor_bc_loss:                 0.0000  actor_bc_coef:                 0.2143  actor_lr:                      0.0001
critic_lr:                     0.0001  replay_size:              600000.0000  replay_demo:                   0.0000
replay_collapse:               0.1992  rollout_sps:                 871.7271  rollout_collect_s:            11.0128
worker_collect_s:             10.7641  env_step_s:                    1.7806  inference_wait_s:              0.0000
infer_build_s:                 0.0000  local_forward_s:               7.3103  action_to_numpy_s:             0.0912
transition_encode_s:           0.3046  stack_transitions_s:           0.0219  shm_serialize_s:               0.0111
shm_deserialize_s:             0.0011  rollout_wait_s:                1.8874  overlap_s:                     9.1254
actor_sync_s:                  0.1173  actor_publish_s:               0.0025  actor_sync_server_s:           0.0000
actor_sync_worker_s:           0.1148  replay_extend_s:               0.0443  replay_sample_s:               0.0068
to_device_s:                   0.0021  critic_update_s:               0.4770  actor_update_s:                0.0000
target_update_s:               0.0000  learner_update_s:              9.1251  eval_s:                        0.0000
infer_batch_mean:              4.0000  infer_batch_max:               4.0000  uniform:                       0.0000
proportional:                  0.0000  constant_mix:                  0.0000  pool_power_mix:                0.0000
random_logits:                 0.0000  actor_logits:                  1.0000
[INFO 21:09:10] train t_env: 883200 / 30000000 | update: 124 / 3157
[INFO 21:09:10] train Estimated time left: 12 hours, 3 minutes, 52 seconds. Time passed: 21 minutes, 57 seconds
[INFO 21:09:10] train Recent Stats | update: 124 / 3157 | t_env: 883200 / 30000000 | stage: regular_only
train_f_c:                     0.0005  train_gini:                    0.0424  train_R_mean:                  0.3855
train_payoff_mean:             0.0286  train_pool_grown:              0.0121  train_pool:                    0.0070
loss:                          3.1362  policy_loss:                   2.3413  value_loss:                    0.7950
mean_rollout_reward:          -0.1821  entropy:                       0.8843  actor_logit_l2:               31.2313
actor_bc_loss:                 0.0000  actor_bc_coef:                 0.2139  actor_lr:                      0.0001
critic_lr:                     0.0001  replay_size:              600000.0000  replay_demo:                   0.0000
replay_collapse:               0.1992  rollout_sps:                 871.3189  rollout_collect_s:            11.0179
worker_collect_s:             10.7630  env_step_s:                    1.7843  inference_wait_s:              0.0000
infer_build_s:                 0.0000  local_forward_s:               7.3062  action_to_numpy_s:             0.0915
transition_encode_s:           0.3054  stack_transitions_s:           0.0219  shm_serialize_s:               0.0111
shm_deserialize_s:             0.0011  rollout_wait_s:                1.8639  overlap_s:                     9.1540
actor_sync_s:                  0.1164  actor_publish_s:               0.0025  actor_sync_server_s:           0.0000
actor_sync_worker_s:           0.1139  replay_extend_s:               0.0440  replay_sample_s:               0.0068
to_device_s:                   0.0021  critic_update_s:               0.4790  actor_update_s:                0.0000
target_update_s:               0.0000  learner_update_s:              9.1537  eval_s:                        0.0000
infer_batch_mean:              4.0000  infer_batch_max:               4.0000  uniform:                       0.0000
proportional:                  0.0000  constant_mix:                  0.0000  pool_power_mix:                0.0000
random_logits:                 0.0000  actor_logits:                  1.0000
[INFO 21:09:21] train t_env: 892800 / 30000000 | update: 125 / 3157
[INFO 21:09:21] train Estimated time left: 12 hours, 1 minutes, 52 seconds. Time passed: 22 minutes, 9 seconds
[INFO 21:09:21] train Recent Stats | update: 125 / 3157 | t_env: 892800 / 30000000 | stage: regular_only
train_f_c:                     0.0005  train_gini:                    0.0421  train_R_mean:                  0.3841
train_payoff_mean:             0.0284  train_pool_grown:              0.0121  train_pool:                    0.0069
loss:                          3.2224  policy_loss:                   2.4605  value_loss:                    0.7619
mean_rollout_reward:          -0.1807  entropy:                       0.8923  actor_logit_l2:               29.5686
actor_bc_loss:                 0.0000  actor_bc_coef:                 0.2135  actor_lr:                      0.0001
critic_lr:                     0.0001  replay_size:              600000.0000  replay_demo:                   0.0000
replay_collapse:               0.1992  rollout_sps:                 871.8667  rollout_collect_s:            11.0110
worker_collect_s:             10.7627  env_step_s:                    1.7876  inference_wait_s:              0.0000
infer_build_s:                 0.0000  local_forward_s:               7.3007  action_to_numpy_s:             0.0915
transition_encode_s:           0.3064  stack_transitions_s:           0.0217  shm_serialize_s:               0.0111
shm_deserialize_s:             0.0011  rollout_wait_s:                1.7801  overlap_s:                     9.2309
actor_sync_s:                  0.1172  actor_publish_s:               0.0025  actor_sync_server_s:           0.0000
actor_sync_worker_s:           0.1146  replay_extend_s:               0.0430  replay_sample_s:               0.0064
to_device_s:                   0.0021  critic_update_s:               0.4742  actor_update_s:                0.0000
target_update_s:               0.0000  learner_update_s:              9.2306  eval_s:                        0.0000
infer_batch_mean:              4.0000  infer_batch_max:               4.0000  uniform:                       0.0000
proportional:                  0.0000  constant_mix:                  0.0000  pool_power_mix:                0.0000
random_logits:                 0.0000  actor_logits:                  1.0000
[INFO 21:09:32] train t_env: 902400 / 30000000 | update: 126 / 3157
[INFO 21:09:32] train Estimated time left: 11 hours, 59 minutes, 56 seconds. Time passed: 22 minutes, 20 seconds
[INFO 21:09:32] train Recent Stats | update: 126 / 3157 | t_env: 902400 / 30000000 | stage: regular_only
train_f_c:                     0.0005  train_gini:                    0.0421  train_R_mean:                  0.3844
train_payoff_mean:             0.0284  train_pool_grown:              0.0120  train_pool:                    0.0069
loss:                          3.2503  policy_loss:                   2.5477  value_loss:                    0.7026
mean_rollout_reward:          -0.1807  entropy:                       0.8973  actor_logit_l2:               28.6600
actor_bc_loss:                 0.0000  actor_bc_coef:                 0.2131  actor_lr:                      0.0001
critic_lr:                     0.0001  replay_size:              600000.0000  replay_demo:                   0.0000
replay_collapse:               0.1992  rollout_sps:                 871.7732  rollout_collect_s:            11.0122
worker_collect_s:             10.7611  env_step_s:                    1.7855  inference_wait_s:              0.0000
infer_build_s:                 0.0000  local_forward_s:               7.3019  action_to_numpy_s:             0.0917
transition_encode_s:           0.3061  stack_transitions_s:           0.0217  shm_serialize_s:               0.0111
shm_deserialize_s:             0.0011  rollout_wait_s:                1.7338  overlap_s:                     9.2784
actor_sync_s:                  0.1154  actor_publish_s:               0.0025  actor_sync_server_s:           0.0000
actor_sync_worker_s:           0.1130  replay_extend_s:               0.0419  replay_sample_s:               0.0064
to_device_s:                   0.0021  critic_update_s:               0.4750  actor_update_s:                0.0000
target_update_s:               0.0000  learner_update_s:              9.2781  eval_s:                        0.0000
infer_batch_mean:              4.0000  infer_batch_max:               4.0000  uniform:                       0.0000
proportional:                  0.0000  constant_mix:                  0.0000  pool_power_mix:                0.0000
random_logits:                 0.0000  actor_logits:                  1.0000
[INFO 21:09:43] train t_env: 912000 / 30000000 | update: 127 / 3157
[INFO 21:09:43] train Estimated time left: 11 hours, 58 minutes, 0 seconds. Time passed: 22 minutes, 31 seconds
[INFO 21:09:43] train Recent Stats | update: 127 / 3157 | t_env: 912000 / 30000000 | stage: regular_only
train_f_c:                     0.0005  train_gini:                    0.0420  train_R_mean:                  0.3843
train_payoff_mean:             0.0284  train_pool_grown:              0.0119  train_pool:                    0.0068
loss:                          3.3055  policy_loss:                   2.6081  value_loss:                    0.6974
mean_rollout_reward:          -0.1805  entropy:                       0.9004  actor_logit_l2:               28.3064
actor_bc_loss:                 0.0000  actor_bc_coef:                 0.2127  actor_lr:                      0.0001
critic_lr:                     0.0001  replay_size:              600000.0000  replay_demo:                   0.0000
replay_collapse:               0.1992  rollout_sps:                 871.6025  rollout_collect_s:            11.0143
worker_collect_s:             10.7630  env_step_s:                    1.7887  inference_wait_s:              0.0000
infer_build_s:                 0.0000  local_forward_s:               7.3013  action_to_numpy_s:             0.0914
transition_encode_s:           0.3064  stack_transitions_s:           0.0218  shm_serialize_s:               0.0111
shm_deserialize_s:             0.0011  rollout_wait_s:                1.7586  overlap_s:                     9.2557
actor_sync_s:                  0.1168  actor_publish_s:               0.0024  actor_sync_server_s:           0.0000
actor_sync_worker_s:           0.1144  replay_extend_s:               0.0412  replay_sample_s:               0.0066
to_device_s:                   0.0021  critic_update_s:               0.4742  actor_update_s:                0.0000
target_update_s:               0.0000  learner_update_s:              9.2553  eval_s:                        0.0000
infer_batch_mean:              4.0000  infer_batch_max:               4.0000  uniform:                       0.0000
proportional:                  0.0000  constant_mix:                  0.0000  pool_power_mix:                0.0000
random_logits:                 0.0000  actor_logits:                  1.0000
[INFO 21:09:54] train t_env: 921600 / 30000000 | update: 128 / 3157
[INFO 21:09:54] train Estimated time left: 11 hours, 56 minutes, 8 seconds. Time passed: 22 minutes, 42 seconds
[INFO 21:09:54] train Recent Stats | update: 128 / 3157 | t_env: 921600 / 30000000 | stage: regular_only
train_f_c:                     0.0005  train_gini:                    0.0420  train_R_mean:                  0.3847
train_payoff_mean:             0.0284  train_pool_grown:              0.0120  train_pool:                    0.0069
loss:                          3.4037  policy_loss:                   2.7019  value_loss:                    0.7018
mean_rollout_reward:          -0.1800  entropy:                       0.9077  actor_logit_l2:               27.5861
actor_bc_loss:                 0.0000  actor_bc_coef:                 0.2123  actor_lr:                      0.0001
critic_lr:                     0.0001  replay_size:              600000.0000  replay_demo:                   0.0000
replay_collapse:               0.1992  rollout_sps:                 872.3486  rollout_collect_s:            11.0049
worker_collect_s:             10.7659  env_step_s:                    1.7863  inference_wait_s:              0.0000
infer_build_s:                 0.0000  local_forward_s:               7.3048  action_to_numpy_s:             0.0913
transition_encode_s:           0.3065  stack_transitions_s:           0.0218  shm_serialize_s:               0.0111
shm_deserialize_s:             0.0011  rollout_wait_s:                1.7350  overlap_s:                     9.2698
actor_sync_s:                  0.1174  actor_publish_s:               0.0024  actor_sync_server_s:           0.0000
actor_sync_worker_s:           0.1150  replay_extend_s:               0.0404  replay_sample_s:               0.0068
to_device_s:                   0.0021  critic_update_s:               0.4787  actor_update_s:                0.0000
target_update_s:               0.0000  learner_update_s:              9.2695  eval_s:                        0.0000
infer_batch_mean:              4.0000  infer_batch_max:               4.0000  uniform:                       0.0000
proportional:                  0.0000  constant_mix:                  0.0000  pool_power_mix:                0.0000
random_logits:                 0.0000  actor_logits:                  1.0000
[INFO 21:10:05] train t_env: 931200 / 30000000 | update: 129 / 3157
[INFO 21:10:05] train Estimated time left: 11 hours, 54 minutes, 16 seconds. Time passed: 22 minutes, 53 seconds
[INFO 21:10:05] train Recent Stats | update: 129 / 3157 | t_env: 931200 / 30000000 | stage: regular_only
train_f_c:                     0.0005  train_gini:                    0.0420  train_R_mean:                  0.3850
train_payoff_mean:             0.0284  train_pool_grown:              0.0119  train_pool:                    0.0068
loss:                          3.4698  policy_loss:                   2.7908  value_loss:                    0.6790
mean_rollout_reward:          -0.1804  entropy:                       0.9116  actor_logit_l2:               27.2500
actor_bc_loss:                 0.0000  actor_bc_coef:                 0.2118  actor_lr:                      0.0001
critic_lr:                     0.0001  replay_size:              600000.0000  replay_demo:                   0.0000
replay_collapse:               0.1992  rollout_sps:                 873.1188  rollout_collect_s:            10.9952
worker_collect_s:             10.7673  env_step_s:                    1.7838  inference_wait_s:              0.0000
infer_build_s:                 0.0000  local_forward_s:               7.3055  action_to_numpy_s:             0.0913
transition_encode_s:           0.3069  stack_transitions_s:           0.0219  shm_serialize_s:               0.0111
shm_deserialize_s:             0.0011  rollout_wait_s:                1.7817  overlap_s:                     9.2135
actor_sync_s:                  0.1206  actor_publish_s:               0.0024  actor_sync_server_s:           0.0000
actor_sync_worker_s:           0.1182  replay_extend_s:               0.0400  replay_sample_s:               0.0071
to_device_s:                   0.0021  critic_update_s:               0.4702  actor_update_s:                0.0000
target_update_s:               0.0000  learner_update_s:              9.2132  eval_s:                        0.0000
infer_batch_mean:              4.0000  infer_batch_max:               4.0000  uniform:                       0.0000
proportional:                  0.0000  constant_mix:                  0.0000  pool_power_mix:                0.0000
random_logits:                 0.0000  actor_logits:                  1.0000
[INFO 21:10:17] train t_env: 940800 / 30000000 | update: 130 / 3157
[INFO 21:10:17] train Estimated time left: 11 hours, 52 minutes, 27 seconds. Time passed: 23 minutes, 4 seconds
[INFO 21:10:17] train Recent Stats | update: 130 / 3157 | t_env: 940800 / 30000000 | stage: regular_only
train_f_c:                     0.0005  train_gini:                    0.0420  train_R_mean:                  0.3848
train_payoff_mean:             0.0283  train_pool_grown:              0.0118  train_pool:                    0.0068
loss:                          3.5141  policy_loss:                   2.8840  value_loss:                    0.6301
mean_rollout_reward:          -0.1801  entropy:                       0.9196  actor_logit_l2:               26.4437
actor_bc_loss:                 0.0000  actor_bc_coef:                 0.2114  actor_lr:                      0.0001
critic_lr:                     0.0001  replay_size:              600000.0000  replay_demo:                   0.0000
replay_collapse:               0.1992  rollout_sps:                 873.5616  rollout_collect_s:            10.9897
worker_collect_s:             10.7657  env_step_s:                    1.7845  inference_wait_s:              0.0000
infer_build_s:                 0.0000  local_forward_s:               7.3031  action_to_numpy_s:             0.0915
transition_encode_s:           0.3069  stack_transitions_s:           0.0219  shm_serialize_s:               0.0111
shm_deserialize_s:             0.0011  rollout_wait_s:                1.8233  overlap_s:                     9.1664
actor_sync_s:                  0.1195  actor_publish_s:               0.0023  actor_sync_server_s:           0.0000
actor_sync_worker_s:           0.1171  replay_extend_s:               0.0399  replay_sample_s:               0.0070
to_device_s:                   0.0021  critic_update_s:               0.4618  actor_update_s:                0.0000
target_update_s:               0.0000  learner_update_s:              9.1660  eval_s:                        0.0000
infer_batch_mean:              4.0000  infer_batch_max:               4.0000  uniform:                       0.0000
proportional:                  0.0000  constant_mix:                  0.0000  pool_power_mix:                0.0000
random_logits:                 0.0000  actor_logits:                  1.0000
[INFO 21:10:28] train t_env: 950400 / 30000000 | update: 131 / 3157
[INFO 21:10:28] train Estimated time left: 11 hours, 50 minutes, 41 seconds. Time passed: 23 minutes, 15 seconds
[INFO 21:10:28] train Recent Stats | update: 131 / 3157 | t_env: 950400 / 30000000 | stage: regular_only
train_f_c:                     0.0005  train_gini:                    0.0420  train_R_mean:                  0.3856
train_payoff_mean:             0.0283  train_pool_grown:              0.0116  train_pool:                    0.0067
loss:                          3.4349  policy_loss:                   2.8456  value_loss:                    0.5893
mean_rollout_reward:          -0.1803  entropy:                       0.9406  actor_logit_l2:               25.5633
actor_bc_loss:                 0.0000  actor_bc_coef:                 0.2110  actor_lr:                      0.0001
critic_lr:                     0.0001  replay_size:              600000.0000  replay_demo:                   0.0000
replay_collapse:               0.2293  rollout_sps:                 873.5350  rollout_collect_s:            10.9900
worker_collect_s:             10.7648  env_step_s:                    1.7839  inference_wait_s:              0.0000
infer_build_s:                 0.0000  local_forward_s:               7.3022  action_to_numpy_s:             0.0915
transition_encode_s:           0.3061  stack_transitions_s:           0.0221  shm_serialize_s:               0.0112
shm_deserialize_s:             0.0011  rollout_wait_s:                1.8446  overlap_s:                     9.1454
actor_sync_s:                  0.1180  actor_publish_s:               0.0023  actor_sync_server_s:           0.0000
actor_sync_worker_s:           0.1157  replay_extend_s:               0.0399  replay_sample_s:               0.0069
to_device_s:                   0.0021  critic_update_s:               0.4688  actor_update_s:                0.0000
target_update_s:               0.0000  learner_update_s:              9.1450  eval_s:                        0.0000
infer_batch_mean:              4.0000  infer_batch_max:               4.0000  uniform:                       0.0000
proportional:                  0.0000  constant_mix:                  0.0000  pool_power_mix:                0.0000
random_logits:                 0.0000  actor_logits:                  1.0000
[INFO 21:10:39] train t_env: 960000 / 30000000 | update: 132 / 3157
[INFO 21:10:39] train Estimated time left: 11 hours, 48 minutes, 57 seconds. Time passed: 23 minutes, 26 seconds
[INFO 21:10:39] train Recent Stats | update: 132 / 3157 | t_env: 960000 / 30000000 | stage: regular_only
train_f_c:                     0.0005  train_gini:                    0.0422  train_R_mean:                  0.3858
train_payoff_mean:             0.0283  train_pool_grown:              0.0116  train_pool:                    0.0066
loss:                          3.2422  policy_loss:                   2.6819  value_loss:                    0.5602
mean_rollout_reward:          -0.1810  entropy:                       0.9804  actor_logit_l2:               24.1806
actor_bc_loss:                 0.0000  actor_bc_coef:                 0.2106  actor_lr:                      0.0001
critic_lr:                     0.0001  replay_size:              600000.0000  replay_demo:                   0.0000
replay_collapse:               0.2895  rollout_sps:                 874.1010  rollout_collect_s:            10.9829
worker_collect_s:             10.7655  env_step_s:                    1.7767  inference_wait_s:              0.0000
infer_build_s:                 0.0000  local_forward_s:               7.3104  action_to_numpy_s:             0.0916
transition_encode_s:           0.3054  stack_transitions_s:           0.0221  shm_serialize_s:               0.0112
shm_deserialize_s:             0.0011  rollout_wait_s:                1.8751  overlap_s:                     9.1077
actor_sync_s:                  0.1175  actor_publish_s:               0.0023  actor_sync_server_s:           0.0000
actor_sync_worker_s:           0.1152  replay_extend_s:               0.0398  replay_sample_s:               0.0068
to_device_s:                   0.0021  critic_update_s:               0.4656  actor_update_s:                0.0000
target_update_s:               0.0000  learner_update_s:              9.1073  eval_s:                        0.0000
infer_batch_mean:              4.0000  infer_batch_max:               4.0000  uniform:                       0.0000
proportional:                  0.0000  constant_mix:                  0.0000  pool_power_mix:                0.0000
random_logits:                 0.0000  actor_logits:                  1.0000
[INFO 21:10:50] train t_env: 969600 / 30000000 | update: 133 / 3157
[INFO 21:10:50] train Estimated time left: 11 hours, 47 minutes, 13 seconds. Time passed: 23 minutes, 37 seconds
[INFO 21:10:50] train Recent Stats | update: 133 / 3157 | t_env: 969600 / 30000000 | stage: regular_only
train_f_c:                     0.0005  train_gini:                    0.0421  train_R_mean:                  0.3861
train_payoff_mean:             0.0284  train_pool_grown:              0.0116  train_pool:                    0.0066
loss:                          3.0266  policy_loss:                   2.5020  value_loss:                    0.5246
mean_rollout_reward:          -0.1809  entropy:                       1.0213  actor_logit_l2:               22.7216
actor_bc_loss:                 0.0000  actor_bc_coef:                 0.2102  actor_lr:                      0.0001
critic_lr:                     0.0001  replay_size:              600000.0000  replay_demo:                   0.0000
replay_collapse:               0.3533  rollout_sps:                 874.9357  rollout_collect_s:            10.9724
worker_collect_s:             10.7643  env_step_s:                    1.7746  inference_wait_s:              0.0000
infer_build_s:                 0.0000  local_forward_s:               7.3088  action_to_numpy_s:             0.0916
transition_encode_s:           0.3056  stack_transitions_s:           0.0220  shm_serialize_s:               0.0112
shm_deserialize_s:             0.0011  rollout_wait_s:                1.8995  overlap_s:                     9.0729
actor_sync_s:                  0.1183  actor_publish_s:               0.0023  actor_sync_server_s:           0.0000
actor_sync_worker_s:           0.1160  replay_extend_s:               0.0394  replay_sample_s:               0.0067
to_device_s:                   0.0021  critic_update_s:               0.4594  actor_update_s:                0.0000
target_update_s:               0.0000  learner_update_s:              9.0725  eval_s:                        0.0000
infer_batch_mean:              4.0000  infer_batch_max:               4.0000  uniform:                       0.0000
proportional:                  0.0000  constant_mix:                  0.0000  pool_power_mix:                0.0000
random_logits:                 0.0000  actor_logits:                  1.0000
[INFO 21:11:01] train t_env: 979200 / 30000000 | update: 134 / 3157
[INFO 21:11:01] train Estimated time left: 11 hours, 45 minutes, 34 seconds. Time passed: 23 minutes, 48 seconds
[INFO 21:11:01] train Recent Stats | update: 134 / 3157 | t_env: 979200 / 30000000 | stage: regular_only
train_f_c:                     0.0005  train_gini:                    0.0420  train_R_mean:                  0.3861
train_payoff_mean:             0.0283  train_pool_grown:              0.0115  train_pool:                    0.0066
loss:                          2.8041  policy_loss:                   2.2863  value_loss:                    0.5178
mean_rollout_reward:          -0.1804  entropy:                       1.0639  actor_logit_l2:               21.4732
actor_bc_loss:                 0.0000  actor_bc_coef:                 0.2098  actor_lr:                      0.0001
critic_lr:                     0.0001  replay_size:              600000.0000  replay_demo:                   0.0000
replay_collapse:               0.4189  rollout_sps:                 875.1470  rollout_collect_s:            10.9697
worker_collect_s:             10.7638  env_step_s:                    1.7726  inference_wait_s:              0.0000
infer_build_s:                 0.0000  local_forward_s:               7.3088  action_to_numpy_s:             0.0918
transition_encode_s:           0.3052  stack_transitions_s:           0.0220  shm_serialize_s:               0.0113
shm_deserialize_s:             0.0011  rollout_wait_s:                1.8994  overlap_s:                     9.0703
actor_sync_s:                  0.1192  actor_publish_s:               0.0024  actor_sync_server_s:           0.0000
actor_sync_worker_s:           0.1168  replay_extend_s:               0.0395  replay_sample_s:               0.0070
to_device_s:                   0.0022  critic_update_s:               0.4591  actor_update_s:                0.0000
target_update_s:               0.0000  learner_update_s:              9.0699  eval_s:                        0.0000
infer_batch_mean:              4.0000  infer_batch_max:               4.0000  uniform:                       0.0000
proportional:                  0.0000  constant_mix:                  0.0000  pool_power_mix:                0.0000
random_logits:                 0.0000  actor_logits:                  1.0000
[INFO 21:11:12] train t_env: 988800 / 30000000 | update: 135 / 3157
[INFO 21:11:12] train Estimated time left: 11 hours, 43 minutes, 54 seconds. Time passed: 23 minutes, 59 seconds
[INFO 21:11:12] train Recent Stats | update: 135 / 3157 | t_env: 988800 / 30000000 | stage: regular_only
train_f_c:                     0.0005  train_gini:                    0.0424  train_R_mean:                  0.3877
train_payoff_mean:             0.0285  train_pool_grown:              0.0115  train_pool:                    0.0066
loss:                          2.5820  policy_loss:                   2.0740  value_loss:                    0.5080
mean_rollout_reward:          -0.1819  entropy:                       1.1048  actor_logit_l2:               20.2968
actor_bc_loss:                 0.0000  actor_bc_coef:                 0.2093  actor_lr:                      0.0001
critic_lr:                     0.0001  replay_size:              600000.0000  replay_demo:                   0.0000
replay_collapse:               0.4852  rollout_sps:                 875.3869  rollout_collect_s:            10.9667
worker_collect_s:             10.7635  env_step_s:                    1.7689  inference_wait_s:              0.0000
infer_build_s:                 0.0000  local_forward_s:               7.3121  action_to_numpy_s:             0.0917
transition_encode_s:           0.3043  stack_transitions_s:           0.0221  shm_serialize_s:               0.0113
shm_deserialize_s:             0.0011  rollout_wait_s:                2.0097  overlap_s:                     8.9569
actor_sync_s:                  0.1201  actor_publish_s:               0.0024  actor_sync_server_s:           0.0000
actor_sync_worker_s:           0.1177  replay_extend_s:               0.0404  replay_sample_s:               0.0074
to_device_s:                   0.0022  critic_update_s:               0.4593  actor_update_s:                0.0000
target_update_s:               0.0000  learner_update_s:              8.9566  eval_s:                        0.0000
infer_batch_mean:              4.0000  infer_batch_max:               4.0000  uniform:                       0.0000
proportional:                  0.0000  constant_mix:                  0.0000  pool_power_mix:                0.0000
random_logits:                 0.0000  actor_logits:                  1.0000
[INFO 21:11:23] train t_env: 998400 / 30000000 | update: 136 / 3157
[INFO 21:11:23] train Estimated time left: 11 hours, 42 minutes, 18 seconds. Time passed: 24 minutes, 11 seconds
[INFO 21:11:23] train Recent Stats | update: 136 / 3157 | t_env: 998400 / 30000000 | stage: regular_only
train_f_c:                     0.0005  train_gini:                    0.0425  train_R_mean:                  0.3885
train_payoff_mean:             0.0285  train_pool_grown:              0.0116  train_pool:                    0.0066
loss:                          2.3670  policy_loss:                   1.8532  value_loss:                    0.5138
mean_rollout_reward:          -0.1823  entropy:                       1.1476  actor_logit_l2:               18.8808
actor_bc_loss:                 0.0000  actor_bc_coef:                 0.2089  actor_lr:                      0.0001
critic_lr:                     0.0001  replay_size:              600000.0000  replay_demo:                   0.0000
replay_collapse:               0.5516  rollout_sps:                 875.1151  rollout_collect_s:            10.9701
worker_collect_s:             10.7683  env_step_s:                    1.7685  inference_wait_s:              0.0000
infer_build_s:                 0.0000  local_forward_s:               7.3167  action_to_numpy_s:             0.0914
transition_encode_s:           0.3045  stack_transitions_s:           0.0221  shm_serialize_s:               0.0113
shm_deserialize_s:             0.0011  rollout_wait_s:                1.9999  overlap_s:                     8.9702
actor_sync_s:                  0.1209  actor_publish_s:               0.0024  actor_sync_server_s:           0.0000
actor_sync_worker_s:           0.1185  replay_extend_s:               0.0415  replay_sample_s:               0.0076
to_device_s:                   0.0021  critic_update_s:               0.4588  actor_update_s:                0.0000
target_update_s:               0.0000  learner_update_s:              8.9699  eval_s:                        0.0000
infer_batch_mean:              4.0000  infer_batch_max:               4.0000  uniform:                       0.0000
proportional:                  0.0000  constant_mix:                  0.0000  pool_power_mix:                0.0000
random_logits:                 0.0000  actor_logits:                  1.0000
[INFO 21:11:34] train t_env: 1008000 / 30000000 | update: 137 / 3157
[INFO 21:11:34] train Estimated time left: 11 hours, 40 minutes, 41 seconds. Time passed: 24 minutes, 22 seconds
[INFO 21:11:34] train Recent Stats | update: 137 / 3157 | t_env: 1008000 / 30000000 | stage: regular_only
train_f_c:                     0.0005  train_gini:                    0.0423  train_R_mean:                  0.3876
train_payoff_mean:             0.0285  train_pool_grown:              0.0116  train_pool:                    0.0066
loss:                          2.0816  policy_loss:                   1.6243  value_loss:                    0.4573
mean_rollout_reward:          -0.1817  entropy:                       1.1896  actor_logit_l2:               17.5252
actor_bc_loss:                 0.0000  actor_bc_coef:                 0.2085  actor_lr:                      0.0001
critic_lr:                     0.0001  replay_size:              600000.0000  replay_demo:                   0.0000
replay_collapse:               0.6189  rollout_sps:                 875.0146  rollout_collect_s:            10.9714
worker_collect_s:             10.7674  env_step_s:                    1.7683  inference_wait_s:              0.0000
infer_build_s:                 0.0000  local_forward_s:               7.3153  action_to_numpy_s:             0.0916
transition_encode_s:           0.3048  stack_transitions_s:           0.0219  shm_serialize_s:               0.0113
shm_deserialize_s:             0.0011  rollout_wait_s:                1.9699  overlap_s:                     9.0015
actor_sync_s:                  0.1208  actor_publish_s:               0.0024  actor_sync_server_s:           0.0000
actor_sync_worker_s:           0.1184  replay_extend_s:               0.0423  replay_sample_s:               0.0080
to_device_s:                   0.0021  critic_update_s:               0.4633  actor_update_s:                0.0000
target_update_s:               0.0000  learner_update_s:              9.0012  eval_s:                        0.0000
infer_batch_mean:              4.0000  infer_batch_max:               4.0000  uniform:                       0.0000
proportional:                  0.0000  constant_mix:                  0.0000  pool_power_mix:                0.0000
random_logits:                 0.0000  actor_logits:                  1.0000
[INFO 21:11:45] train t_env: 1017600 / 30000000 | update: 138 / 3157
[INFO 21:11:45] train Estimated time left: 11 hours, 39 minutes, 8 seconds. Time passed: 24 minutes, 33 seconds
[INFO 21:11:45] train Recent Stats | update: 138 / 3157 | t_env: 1017600 / 30000000 | stage: regular_only
train_f_c:                     0.0005  train_gini:                    0.0423  train_R_mean:                  0.3870
train_payoff_mean:             0.0284  train_pool_grown:              0.0115  train_pool:                    0.0066
loss:                          1.7656  policy_loss:                   1.3653  value_loss:                    0.4004
mean_rollout_reward:          -0.1818  entropy:                       1.2289  actor_logit_l2:               16.4613
actor_bc_loss:                 0.0000  actor_bc_coef:                 0.2081  actor_lr:                      0.0001
critic_lr:                     0.0001  replay_size:              600000.0000  replay_demo:                   0.0000
replay_collapse:               0.6859  rollout_sps:                 874.6584  rollout_collect_s:            10.9759
worker_collect_s:             10.7658  env_step_s:                    1.7718  inference_wait_s:              0.0000
infer_build_s:                 0.0000  local_forward_s:               7.3111  action_to_numpy_s:             0.0917
transition_encode_s:           0.3048  stack_transitions_s:           0.0219  shm_serialize_s:               0.0113
shm_deserialize_s:             0.0011  rollout_wait_s:                1.9976  overlap_s:                     8.9782
actor_sync_s:                  0.1183  actor_publish_s:               0.0024  actor_sync_server_s:           0.0000
actor_sync_worker_s:           0.1159  replay_extend_s:               0.0423  replay_sample_s:               0.0081
to_device_s:                   0.0021  critic_update_s:               0.4584  actor_update_s:                0.0000
target_update_s:               0.0000  learner_update_s:              8.9779  eval_s:                        0.0000
infer_batch_mean:              4.0000  infer_batch_max:               4.0000  uniform:                       0.0000
proportional:                  0.0000  constant_mix:                  0.0000  pool_power_mix:                0.0000
random_logits:                 0.0000  actor_logits:                  1.0000
[INFO 21:11:56] train t_env: 1027200 / 30000000 | update: 139 / 3157
[INFO 21:11:56] train Estimated time left: 11 hours, 37 minutes, 34 seconds. Time passed: 24 minutes, 44 seconds
[INFO 21:11:56] train Recent Stats | update: 139 / 3157 | t_env: 1027200 / 30000000 | stage: regular_only
train_f_c:                     0.0005  train_gini:                    0.0421  train_R_mean:                  0.3857
train_payoff_mean:             0.0283  train_pool_grown:              0.0116  train_pool:                    0.0066
loss:                          1.4510  policy_loss:                   1.0820  value_loss:                    0.3690
mean_rollout_reward:          -0.1810  entropy:                       1.2696  actor_logit_l2:               15.1903
actor_bc_loss:                 0.0000  actor_bc_coef:                 0.2077  actor_lr:                      0.0001
critic_lr:                     0.0001  replay_size:              600000.0000  replay_demo:                   0.0000
replay_collapse:               0.7525  rollout_sps:                 874.6236  rollout_collect_s:            10.9763
worker_collect_s:             10.7657  env_step_s:                    1.7729  inference_wait_s:              0.0000
infer_build_s:                 0.0000  local_forward_s:               7.3113  action_to_numpy_s:             0.0918
transition_encode_s:           0.3043  stack_transitions_s:           0.0219  shm_serialize_s:               0.0112
shm_deserialize_s:             0.0011  rollout_wait_s:                2.0628  overlap_s:                     8.9135
actor_sync_s:                  0.1170  actor_publish_s:               0.0024  actor_sync_server_s:           0.0000
actor_sync_worker_s:           0.1146  replay_extend_s:               0.0423  replay_sample_s:               0.0085
to_device_s:                   0.0021  critic_update_s:               0.4543  actor_update_s:                0.0000
target_update_s:               0.0000  learner_update_s:              8.9132  eval_s:                        0.0000
infer_batch_mean:              4.0000  infer_batch_max:               4.0000  uniform:                       0.0000
proportional:                  0.0000  constant_mix:                  0.0000  pool_power_mix:                0.0000
random_logits:                 0.0000  actor_logits:                  1.0000
[INFO 21:12:08] train t_env: 1036800 / 30000000 | update: 140 / 3157
[INFO 21:12:08] train Estimated time left: 11 hours, 36 minutes, 3 seconds. Time passed: 24 minutes, 55 seconds
[INFO 21:12:08] train Recent Stats | update: 140 / 3157 | t_env: 1036800 / 30000000 | stage: regular_only
train_f_c:                     0.0005  train_gini:                    0.0422  train_R_mean:                  0.3860
train_payoff_mean:             0.0284  train_pool_grown:              0.0116  train_pool:                    0.0066
loss:                          1.1757  policy_loss:                   0.7988  value_loss:                    0.3769
mean_rollout_reward:          -0.1811  entropy:                       1.3077  actor_logit_l2:               14.3164
actor_bc_loss:                 0.0000  actor_bc_coef:                 0.2072  actor_lr:                      0.0001
critic_lr:                     0.0001  replay_size:              600000.0000  replay_demo:                   0.0000
replay_collapse:               0.8187  rollout_sps:                 874.4903  rollout_collect_s:            10.9780
worker_collect_s:             10.7662  env_step_s:                    1.7699  inference_wait_s:              0.0000
infer_build_s:                 0.0000  local_forward_s:               7.3149  action_to_numpy_s:             0.0918
transition_encode_s:           0.3042  stack_transitions_s:           0.0217  shm_serialize_s:               0.0112
shm_deserialize_s:             0.0011  rollout_wait_s:                2.0882  overlap_s:                     8.8897
actor_sync_s:                  0.1180  actor_publish_s:               0.0025  actor_sync_server_s:           0.0000
actor_sync_worker_s:           0.1155  replay_extend_s:               0.0425  replay_sample_s:               0.0087
to_device_s:                   0.0022  critic_update_s:               0.4529  actor_update_s:                0.0000
target_update_s:               0.0000  learner_update_s:              8.8894  eval_s:                        0.0000
infer_batch_mean:              4.0000  infer_batch_max:               4.0000  uniform:                       0.0000
proportional:                  0.0000  constant_mix:                  0.0000  pool_power_mix:                0.0000
random_logits:                 0.0000  actor_logits:                  1.0000
[INFO 21:12:19] train t_env: 1046400 / 30000000 | update: 141 / 3157
[INFO 21:12:19] train Estimated time left: 11 hours, 34 minutes, 35 seconds. Time passed: 25 minutes, 6 seconds
[INFO 21:12:19] train Recent Stats | update: 141 / 3157 | t_env: 1046400 / 30000000 | stage: regular_only
train_f_c:                     0.0005  train_gini:                    0.0422  train_R_mean:                  0.3859
train_payoff_mean:             0.0285  train_pool_grown:              0.0117  train_pool:                    0.0067
loss:                          1.0657  policy_loss:                   0.6386  value_loss:                    0.4271
mean_rollout_reward:          -0.1810  entropy:                       1.3312  actor_logit_l2:               13.5200
actor_bc_loss:                 0.0000  actor_bc_coef:                 0.2068  actor_lr:                      0.0001
critic_lr:                     0.0001  replay_size:              600000.0000  replay_demo:                   0.0000
replay_collapse:               0.8545  rollout_sps:                 874.3850  rollout_collect_s:            10.9793
worker_collect_s:             10.7679  env_step_s:                    1.7649  inference_wait_s:              0.0000
infer_build_s:                 0.0000  local_forward_s:               7.3213  action_to_numpy_s:             0.0914
transition_encode_s:           0.3040  stack_transitions_s:           0.0216  shm_serialize_s:               0.0112
shm_deserialize_s:             0.0010  rollout_wait_s:                2.1086  overlap_s:                     8.8707
actor_sync_s:                  0.1196  actor_publish_s:               0.0025  actor_sync_server_s:           0.0000
actor_sync_worker_s:           0.1172  replay_extend_s:               0.0426  replay_sample_s:               0.0093
to_device_s:                   0.0022  critic_update_s:               0.4485  actor_update_s:                0.0000
target_update_s:               0.0000  learner_update_s:              8.8704  eval_s:                        0.0000
infer_batch_mean:              4.0000  infer_batch_max:               4.0000  uniform:                       0.0000
proportional:                  0.0000  constant_mix:                  0.0000  pool_power_mix:                0.0000
random_logits:                 0.0000  actor_logits:                  1.0000
[INFO 21:12:30] train t_env: 1056000 / 30000000 | update: 142 / 3157
[INFO 21:12:30] train Estimated time left: 11 hours, 33 minutes, 5 seconds. Time passed: 25 minutes, 17 seconds
[INFO 21:12:30] train Recent Stats | update: 142 / 3157 | t_env: 1056000 / 30000000 | stage: regular_only
train_f_c:                     0.0005  train_gini:                    0.0421  train_R_mean:                  0.3847
train_payoff_mean:             0.0284  train_pool_grown:              0.0118  train_pool:                    0.0067
loss:                          1.0204  policy_loss:                   0.5942  value_loss:                    0.4262
mean_rollout_reward:          -0.1808  entropy:                       1.3380  actor_logit_l2:               13.2160
actor_bc_loss:                 0.0000  actor_bc_coef:                 0.2064  actor_lr:                      0.0001
critic_lr:                     0.0001  replay_size:              600000.0000  replay_demo:                   0.0000
replay_collapse:               0.8600  rollout_sps:                 874.5686  rollout_collect_s:            10.9770
worker_collect_s:             10.7652  env_step_s:                    1.7700  inference_wait_s:              0.0000
infer_build_s:                 0.0000  local_forward_s:               7.3141  action_to_numpy_s:             0.0914
transition_encode_s:           0.3039  stack_transitions_s:           0.0217  shm_serialize_s:               0.0112
shm_deserialize_s:             0.0011  rollout_wait_s:                2.0863  overlap_s:                     8.8907
actor_sync_s:                  0.1182  actor_publish_s:               0.0025  actor_sync_server_s:           0.0000
actor_sync_worker_s:           0.1156  replay_extend_s:               0.0422  replay_sample_s:               0.0097
to_device_s:                   0.0022  critic_update_s:               0.4495  actor_update_s:                0.0000
target_update_s:               0.0000  learner_update_s:              8.8904  eval_s:                        0.0000
infer_batch_mean:              4.0000  infer_batch_max:               4.0000  uniform:                       0.0000
proportional:                  0.0000  constant_mix:                  0.0000  pool_power_mix:                0.0000
random_logits:                 0.0000  actor_logits:                  1.0000
[INFO 21:12:41] train t_env: 1065600 / 30000000 | update: 143 / 3157
[INFO 21:12:41] train Estimated time left: 11 hours, 31 minutes, 39 seconds. Time passed: 25 minutes, 28 seconds
[INFO 21:12:41] train Recent Stats | update: 143 / 3157 | t_env: 1065600 / 30000000 | stage: regular_only
train_f_c:                     0.0005  train_gini:                    0.0420  train_R_mean:                  0.3846
train_payoff_mean:             0.0284  train_pool_grown:              0.0118  train_pool:                    0.0068
loss:                          1.0425  policy_loss:                   0.5961  value_loss:                    0.4464
mean_rollout_reward:          -0.1805  entropy:                       1.3412  actor_logit_l2:               13.1494
actor_bc_loss:                 0.0000  actor_bc_coef:                 0.2060  actor_lr:                      0.0001
critic_lr:                     0.0001  replay_size:              600000.0000  replay_demo:                   0.0000
replay_collapse:               0.8613  rollout_sps:                 874.3794  rollout_collect_s:            10.9794
worker_collect_s:             10.7615  env_step_s:                    1.7732  inference_wait_s:              0.0000
infer_build_s:                 0.0000  local_forward_s:               7.3091  action_to_numpy_s:             0.0922
transition_encode_s:           0.3037  stack_transitions_s:           0.0216  shm_serialize_s:               0.0112
shm_deserialize_s:             0.0011  rollout_wait_s:                2.1108  overlap_s:                     8.8685
actor_sync_s:                  0.1201  actor_publish_s:               0.0025  actor_sync_server_s:           0.0000
actor_sync_worker_s:           0.1176  replay_extend_s:               0.0421  replay_sample_s:               0.0100
to_device_s:                   0.0022  critic_update_s:               0.4489  actor_update_s:                0.0000
target_update_s:               0.0000  learner_update_s:              8.8682  eval_s:                        0.0000
infer_batch_mean:              4.0000  infer_batch_max:               4.0000  uniform:                       0.0000
proportional:                  0.0000  constant_mix:                  0.0000  pool_power_mix:                0.0000
random_logits:                 0.0000  actor_logits:                  1.0000
[INFO 21:12:52] train t_env: 1075200 / 30000000 | update: 144 / 3157
[INFO 21:12:52] train Estimated time left: 11 hours, 30 minutes, 16 seconds. Time passed: 25 minutes, 40 seconds
[INFO 21:12:52] train Recent Stats | update: 144 / 3157 | t_env: 1075200 / 30000000 | stage: regular_only
train_f_c:                     0.0005  train_gini:                    0.0422  train_R_mean:                  0.3847
train_payoff_mean:             0.0285  train_pool_grown:              0.0120  train_pool:                    0.0069
loss:                          1.0225  policy_loss:                   0.5852  value_loss:                    0.4372
mean_rollout_reward:          -0.1813  entropy:                       1.3407  actor_logit_l2:               13.2887
actor_bc_loss:                 0.0000  actor_bc_coef:                 0.2056  actor_lr:                      0.0001
critic_lr:                     0.0001  replay_size:              600000.0000  replay_demo:                   0.0000
replay_collapse:               0.8604  rollout_sps:                 874.0327  rollout_collect_s:            10.9838
worker_collect_s:             10.7636  env_step_s:                    1.7720  inference_wait_s:              0.0000
infer_build_s:                 0.0000  local_forward_s:               7.3138  action_to_numpy_s:             0.0916
transition_encode_s:           0.3031  stack_transitions_s:           0.0215  shm_serialize_s:               0.0111
shm_deserialize_s:             0.0019  rollout_wait_s:                2.1003  overlap_s:                     8.8834
actor_sync_s:                  0.1190  actor_publish_s:               0.0025  actor_sync_server_s:           0.0000
actor_sync_worker_s:           0.1165  replay_extend_s:               0.0419  replay_sample_s:               0.0097
to_device_s:                   0.0021  critic_update_s:               0.4478  actor_update_s:                0.0000
target_update_s:               0.0000  learner_update_s:              8.8831  eval_s:                        0.0000
infer_batch_mean:              4.0000  infer_batch_max:               4.0000  uniform:                       0.0000
proportional:                  0.0000  constant_mix:                  0.0000  pool_power_mix:                0.0000
random_logits:                 0.0000  actor_logits:                  1.0000
[INFO 21:13:03] train t_env: 1084800 / 30000000 | update: 145 / 3157
[INFO 21:13:03] train Estimated time left: 11 hours, 28 minutes, 51 seconds. Time passed: 25 minutes, 51 seconds
[INFO 21:13:03] train Recent Stats | update: 145 / 3157 | t_env: 1084800 / 30000000 | stage: regular_only
train_f_c:                     0.0005  train_gini:                    0.0420  train_R_mean:                  0.3841
train_payoff_mean:             0.0286  train_pool_grown:              0.0122  train_pool:                    0.0070
loss:                          0.9909  policy_loss:                   0.5454  value_loss:                    0.4456
mean_rollout_reward:          -0.1804  entropy:                       1.3396  actor_logit_l2:               13.5409
actor_bc_loss:                 0.0000  actor_bc_coef:                 0.2052  actor_lr:                      0.0001
critic_lr:                     0.0001  replay_size:              600000.0000  replay_demo:                   0.0000
replay_collapse:               0.8580  rollout_sps:                 873.8168  rollout_collect_s:            10.9865
worker_collect_s:             10.7639  env_step_s:                    1.7693  inference_wait_s:              0.0000
infer_build_s:                 0.0000  local_forward_s:               7.3170  action_to_numpy_s:             0.0917
transition_encode_s:           0.3030  stack_transitions_s:           0.0214  shm_serialize_s:               0.0111
shm_deserialize_s:             0.0019  rollout_wait_s:                2.0460  overlap_s:                     8.9404
actor_sync_s:                  0.1194  actor_publish_s:               0.0025  actor_sync_server_s:           0.0000
actor_sync_worker_s:           0.1169  replay_extend_s:               0.0418  replay_sample_s:               0.0095
to_device_s:                   0.0021  critic_update_s:               0.4490  actor_update_s:                0.0000
target_update_s:               0.0000  learner_update_s:              8.9401  eval_s:                        0.0000
infer_batch_mean:              4.0000  infer_batch_max:               4.0000  uniform:                       0.0000
proportional:                  0.0000  constant_mix:                  0.0000  pool_power_mix:                0.0000
random_logits:                 0.0000  actor_logits:                  1.0000
[INFO 21:13:14] train t_env: 1094400 / 30000000 | update: 146 / 3157
[INFO 21:13:14] train Estimated time left: 11 hours, 27 minutes, 30 seconds. Time passed: 26 minutes, 2 seconds
[INFO 21:13:14] train Recent Stats | update: 146 / 3157 | t_env: 1094400 / 30000000 | stage: regular_only
train_f_c:                     0.0005  train_gini:                    0.0420  train_R_mean:                  0.3829
train_payoff_mean:             0.0285  train_pool_grown:              0.0122  train_pool:                    0.0070
loss:                          0.9383  policy_loss:                   0.5246  value_loss:                    0.4136
mean_rollout_reward:          -0.1801  entropy:                       1.3377  actor_logit_l2:               13.8593
actor_bc_loss:                 0.0000  actor_bc_coef:                 0.2047  actor_lr:                      0.0001
critic_lr:                     0.0001  replay_size:              600000.0000  replay_demo:                   0.0000
replay_collapse:               0.8553  rollout_sps:                 873.9630  rollout_collect_s:            10.9846
worker_collect_s:             10.7597  env_step_s:                    1.7700  inference_wait_s:              0.0000
infer_build_s:                 0.0000  local_forward_s:               7.3123  action_to_numpy_s:             0.0914
transition_encode_s:           0.3029  stack_transitions_s:           0.0214  shm_serialize_s:               0.0111
shm_deserialize_s:             0.0019  rollout_wait_s:                2.0816  overlap_s:                     8.9030
actor_sync_s:                  0.1204  actor_publish_s:               0.0025  actor_sync_server_s:           0.0000
actor_sync_worker_s:           0.1179  replay_extend_s:               0.0408  replay_sample_s:               0.0096
to_device_s:                   0.0022  critic_update_s:               0.4493  actor_update_s:                0.0000
target_update_s:               0.0000  learner_update_s:              8.9026  eval_s:                        0.0000
infer_batch_mean:              4.0000  infer_batch_max:               4.0000  uniform:                       0.0000
proportional:                  0.0000  constant_mix:                  0.0000  pool_power_mix:                0.0000
random_logits:                 0.0000  actor_logits:                  1.0000
[INFO 21:13:25] train t_env: 1104000 / 30000000 | update: 147 / 3157
[INFO 21:13:25] train Estimated time left: 11 hours, 26 minutes, 8 seconds. Time passed: 26 minutes, 13 seconds
[INFO 21:13:25] train Recent Stats | update: 147 / 3157 | t_env: 1104000 / 30000000 | stage: regular_only
train_f_c:                     0.0005  train_gini:                    0.0420  train_R_mean:                  0.3843
train_payoff_mean:             0.0286  train_pool_grown:              0.0123  train_pool:                    0.0070
loss:                          0.9721  policy_loss:                   0.5065  value_loss:                    0.4657
mean_rollout_reward:          -0.1804  entropy:                       1.3337  actor_logit_l2:               14.2044
actor_bc_loss:                 0.0000  actor_bc_coef:                 0.2043  actor_lr:                      0.0001
critic_lr:                     0.0001  replay_size:              600000.0000  replay_demo:                   0.0000
replay_collapse:               0.8510  rollout_sps:                 874.0311  rollout_collect_s:            10.9838
worker_collect_s:             10.7615  env_step_s:                    1.7664  inference_wait_s:              0.0000
infer_build_s:                 0.0000  local_forward_s:               7.3170  action_to_numpy_s:             0.0910
transition_encode_s:           0.3026  stack_transitions_s:           0.0217  shm_serialize_s:               0.0111
shm_deserialize_s:             0.0019  rollout_wait_s:                2.0598  overlap_s:                     8.9239
actor_sync_s:                  0.1214  actor_publish_s:               0.0025  actor_sync_server_s:           0.0000
actor_sync_worker_s:           0.1189  replay_extend_s:               0.0401  replay_sample_s:               0.0089
to_device_s:                   0.0021  critic_update_s:               0.4560  actor_update_s:                0.0000
target_update_s:               0.0000  learner_update_s:              8.9236  eval_s:                        0.0000
infer_batch_mean:              4.0000  infer_batch_max:               4.0000  uniform:                       0.0000
proportional:                  0.0000  constant_mix:                  0.0000  pool_power_mix:                0.0000
random_logits:                 0.0000  actor_logits:                  1.0000
[INFO 21:13:36] train t_env: 1113600 / 30000000 | update: 148 / 3157
[INFO 21:13:36] train Estimated time left: 11 hours, 24 minutes, 46 seconds. Time passed: 26 minutes, 24 seconds
[INFO 21:13:36] train Recent Stats | update: 148 / 3157 | t_env: 1113600 / 30000000 | stage: regular_only
train_f_c:                     0.0005  train_gini:                    0.0421  train_R_mean:                  0.3846
train_payoff_mean:             0.0286  train_pool_grown:              0.0123  train_pool:                    0.0071
loss:                          0.9825  policy_loss:                   0.4905  value_loss:                    0.4920
mean_rollout_reward:          -0.1805  entropy:                       1.3296  actor_logit_l2:               14.5627
actor_bc_loss:                 0.0000  actor_bc_coef:                 0.2039  actor_lr:                      0.0001
critic_lr:                     0.0001  replay_size:              600000.0000  replay_demo:                   0.0000
replay_collapse:               0.8467  rollout_sps:                 874.5397  rollout_collect_s:            10.9774
worker_collect_s:             10.7600  env_step_s:                    1.7611  inference_wait_s:              0.0000
infer_build_s:                 0.0000  local_forward_s:               7.3202  action_to_numpy_s:             0.0913
transition_encode_s:           0.3022  stack_transitions_s:           0.0218  shm_serialize_s:               0.0111
shm_deserialize_s:             0.0019  rollout_wait_s:                2.0944  overlap_s:                     8.8830
actor_sync_s:                  0.1223  actor_publish_s:               0.0025  actor_sync_server_s:           0.0000
actor_sync_worker_s:           0.1198  replay_extend_s:               0.0401  replay_sample_s:               0.0094
to_device_s:                   0.0022  critic_update_s:               0.4557  actor_update_s:                0.0000
target_update_s:               0.0000  learner_update_s:              8.8827  eval_s:                        0.0000
infer_batch_mean:              4.0000  infer_batch_max:               4.0000  uniform:                       0.0000
proportional:                  0.0000  constant_mix:                  0.0000  pool_power_mix:                0.0000
random_logits:                 0.0000  actor_logits:                  1.0000
[INFO 21:13:48] train t_env: 1123200 / 30000000 | update: 149 / 3157
[INFO 21:13:48] train Estimated time left: 11 hours, 23 minutes, 28 seconds. Time passed: 26 minutes, 35 seconds
[INFO 21:13:48] train Recent Stats | update: 149 / 3157 | t_env: 1123200 / 30000000 | stage: regular_only
train_f_c:                     0.0005  train_gini:                    0.0423  train_R_mean:                  0.3855
train_payoff_mean:             0.0287  train_pool_grown:              0.0124  train_pool:                    0.0071
loss:                          1.0040  policy_loss:                   0.4766  value_loss:                    0.5274
mean_rollout_reward:          -0.1814  entropy:                       1.3249  actor_logit_l2:               14.9168
actor_bc_loss:                 0.0000  actor_bc_coef:                 0.2035  actor_lr:                      0.0001
critic_lr:                     0.0001  replay_size:              600000.0000  replay_demo:                   0.0000
replay_collapse:               0.8424  rollout_sps:                 873.8808  rollout_collect_s:            10.9856
worker_collect_s:             10.7609  env_step_s:                    1.7627  inference_wait_s:              0.0000
infer_build_s:                 0.0000  local_forward_s:               7.3204  action_to_numpy_s:             0.0908
transition_encode_s:           0.3031  stack_transitions_s:           0.0217  shm_serialize_s:               0.0111
shm_deserialize_s:             0.0019  rollout_wait_s:                2.0736  overlap_s:                     8.9121
actor_sync_s:                  0.1211  actor_publish_s:               0.0026  actor_sync_server_s:           0.0000
actor_sync_worker_s:           0.1185  replay_extend_s:               0.0399  replay_sample_s:               0.0092
to_device_s:                   0.0021  critic_update_s:               0.4610  actor_update_s:                0.0000
target_update_s:               0.0000  learner_update_s:              8.9118  eval_s:                        0.0000
infer_batch_mean:              4.0000  infer_batch_max:               4.0000  uniform:                       0.0000
proportional:                  0.0000  constant_mix:                  0.0000  pool_power_mix:                0.0000
random_logits:                 0.0000  actor_logits:                  1.0000
[INFO 21:13:59] train t_env: 1132800 / 30000000 | update: 150 / 3157
[INFO 21:13:59] train Estimated time left: 11 hours, 22 minutes, 9 seconds. Time passed: 26 minutes, 46 seconds
[INFO 21:13:59] train Recent Stats | update: 150 / 3157 | t_env: 1132800 / 30000000 | stage: regular_only
train_f_c:                     0.0005  train_gini:                    0.0423  train_R_mean:                  0.3858
train_payoff_mean:             0.0288  train_pool_grown:              0.0125  train_pool:                    0.0072
loss:                          0.9950  policy_loss:                   0.4431  value_loss:                    0.5520
mean_rollout_reward:          -0.1816  entropy:                       1.3215  actor_logit_l2:               15.1968
actor_bc_loss:                 0.0000  actor_bc_coef:                 0.2031  actor_lr:                      0.0000
critic_lr:                     0.0000  replay_size:              600000.0000  replay_demo:                   0.0000
replay_collapse:               0.8383  rollout_sps:                 874.3185  rollout_collect_s:            10.9802
worker_collect_s:             10.7564  env_step_s:                    1.7647  inference_wait_s:              0.0000
infer_build_s:                 0.0000  local_forward_s:               7.3133  action_to_numpy_s:             0.0913
transition_encode_s:           0.3025  stack_transitions_s:           0.0218  shm_serialize_s:               0.0111
shm_deserialize_s:             0.0019  rollout_wait_s:                1.9763  overlap_s:                     9.0039
actor_sync_s:                  0.1217  actor_publish_s:               0.0026  actor_sync_server_s:           0.0000
actor_sync_worker_s:           0.1192  replay_extend_s:               0.0394  replay_sample_s:               0.0092
to_device_s:                   0.0021  critic_update_s:               0.4696  actor_update_s:                0.0000
target_update_s:               0.0000  learner_update_s:              9.0035  eval_s:                        0.0000
infer_batch_mean:              4.0000  infer_batch_max:               4.0000  uniform:                       0.0000
proportional:                  0.0000  constant_mix:                  0.0000  pool_power_mix:                0.0000
random_logits:                 0.0000  actor_logits:                  1.0000
[INFO 21:14:10] train t_env: 1142400 / 30000000 | update: 151 / 3157
[INFO 21:14:10] train Estimated time left: 11 hours, 20 minutes, 51 seconds. Time passed: 26 minutes, 57 seconds
[INFO 21:14:10] train Recent Stats | update: 151 / 3157 | t_env: 1142400 / 30000000 | stage: regular_only
train_f_c:                     0.0005  train_gini:                    0.0422  train_R_mean:                  0.3851
train_payoff_mean:             0.0288  train_pool_grown:              0.0127  train_pool:                    0.0073
loss:                          0.9071  policy_loss:                   0.4250  value_loss:                    0.4822
mean_rollout_reward:          -0.1811  entropy:                       1.3177  actor_logit_l2:               15.4707
actor_bc_loss:                 0.0000  actor_bc_coef:                 0.2027  actor_lr:                      0.0000
critic_lr:                     0.0000  replay_size:              600000.0000  replay_demo:                   0.0000
replay_collapse:               0.8332  rollout_sps:                 874.8328  rollout_collect_s:            10.9737
worker_collect_s:             10.7558  env_step_s:                    1.7644  inference_wait_s:              0.0000
infer_build_s:                 0.0000  local_forward_s:               7.3144  action_to_numpy_s:             0.0916
transition_encode_s:           0.3020  stack_transitions_s:           0.0219  shm_serialize_s:               0.0111
shm_deserialize_s:             0.0019  rollout_wait_s:                2.0137  overlap_s:                     8.9600
actor_sync_s:                  0.1198  actor_publish_s:               0.0026  actor_sync_server_s:           0.0000
actor_sync_worker_s:           0.1172  replay_extend_s:               0.0389  replay_sample_s:               0.0090
to_device_s:                   0.0021  critic_update_s:               0.4741  actor_update_s:                0.0000
target_update_s:               0.0000  learner_update_s:              8.9597  eval_s:                        0.0000
infer_batch_mean:              4.0000  infer_batch_max:               4.0000  uniform:                       0.0000
proportional:                  0.0000  constant_mix:                  0.0000  pool_power_mix:                0.0000
random_logits:                 0.0000  actor_logits:                  1.0000
[INFO 21:14:21] train t_env: 1152000 / 30000000 | update: 152 / 3157
[INFO 21:14:21] train Estimated time left: 11 hours, 19 minutes, 36 seconds. Time passed: 27 minutes, 8 seconds
[INFO 21:14:21] train Recent Stats | update: 152 / 3157 | t_env: 1152000 / 30000000 | stage: regular_only
train_f_c:                     0.0005  train_gini:                    0.0421  train_R_mean:                  0.3854
train_payoff_mean:             0.0288  train_pool_grown:              0.0125  train_pool:                    0.0072
loss:                          0.8682  policy_loss:                   0.4021  value_loss:                    0.4661
mean_rollout_reward:          -0.1806  entropy:                       1.3102  actor_logit_l2:               15.9831
actor_bc_loss:                 0.0000  actor_bc_coef:                 0.2022  actor_lr:                      0.0000
critic_lr:                     0.0000  replay_size:              600000.0000  replay_demo:                   0.0000
replay_collapse:               0.8271  rollout_sps:                 874.5331  rollout_collect_s:            10.9775
worker_collect_s:             10.7596  env_step_s:                    1.7630  inference_wait_s:              0.0000
infer_build_s:                 0.0000  local_forward_s:               7.3196  action_to_numpy_s:             0.0910
transition_encode_s:           0.3027  stack_transitions_s:           0.0218  shm_serialize_s:               0.0111
shm_deserialize_s:             0.0019  rollout_wait_s:                2.0310  overlap_s:                     8.9464
actor_sync_s:                  0.1245  actor_publish_s:               0.0025  actor_sync_server_s:           0.0000
actor_sync_worker_s:           0.1219  replay_extend_s:               0.0389  replay_sample_s:               0.0085
to_device_s:                   0.0021  critic_update_s:               0.4820  actor_update_s:                0.0000
target_update_s:               0.0000  learner_update_s:              8.9461  eval_s:                        0.0000
infer_batch_mean:              4.0000  infer_batch_max:               4.0000  uniform:                       0.0000
proportional:                  0.0000  constant_mix:                  0.0000  pool_power_mix:                0.0000
random_logits:                 0.0000  actor_logits:                  1.0000
[INFO 21:14:32] train t_env: 1161600 / 30000000 | update: 153 / 3157
[INFO 21:14:32] train Estimated time left: 11 hours, 18 minutes, 20 seconds. Time passed: 27 minutes, 19 seconds
[INFO 21:14:32] train Recent Stats | update: 153 / 3157 | t_env: 1161600 / 30000000 | stage: regular_only
train_f_c:                     0.0005  train_gini:                    0.0424  train_R_mean:                  0.3864
train_payoff_mean:             0.0288  train_pool_grown:              0.0124  train_pool:                    0.0071
loss:                          0.8206  policy_loss:                   0.3706  value_loss:                    0.4500
mean_rollout_reward:          -0.1820  entropy:                       1.3038  actor_logit_l2:               16.4393
actor_bc_loss:                 0.0000  actor_bc_coef:                 0.2018  actor_lr:                      0.0000
critic_lr:                     0.0000  replay_size:              600000.0000  replay_demo:                   0.0000
replay_collapse:               0.8207  rollout_sps:                 874.7190  rollout_collect_s:            10.9751
worker_collect_s:             10.7611  env_step_s:                    1.7570  inference_wait_s:              0.0000
infer_build_s:                 0.0000  local_forward_s:               7.3278  action_to_numpy_s:             0.0905
transition_encode_s:           0.3024  stack_transitions_s:           0.0217  shm_serialize_s:               0.0111
shm_deserialize_s:             0.0019  rollout_wait_s:                1.9506  overlap_s:                     9.0245
actor_sync_s:                  0.1219  actor_publish_s:               0.0026  actor_sync_server_s:           0.0000
actor_sync_worker_s:           0.1193  replay_extend_s:               0.0386  replay_sample_s:               0.0081
to_device_s:                   0.0021  critic_update_s:               0.4891  actor_update_s:                0.0000
target_update_s:               0.0000  learner_update_s:              9.0241  eval_s:                        0.0000
infer_batch_mean:              4.0000  infer_batch_max:               4.0000  uniform:                       0.0000
proportional:                  0.0000  constant_mix:                  0.0000  pool_power_mix:                0.0000
random_logits:                 0.0000  actor_logits:                  1.0000
[INFO 21:14:43] train t_env: 1171200 / 30000000 | update: 154 / 3157
[INFO 21:14:43] train Estimated time left: 11 hours, 17 minutes, 7 seconds. Time passed: 27 minutes, 30 seconds
[INFO 21:14:43] train Recent Stats | update: 154 / 3157 | t_env: 1171200 / 30000000 | stage: regular_only
train_f_c:                     0.0005  train_gini:                    0.0424  train_R_mean:                  0.3873
train_payoff_mean:             0.0289  train_pool_grown:              0.0125  train_pool:                    0.0072
loss:                          0.8434  policy_loss:                   0.3414  value_loss:                    0.5020
mean_rollout_reward:          -0.1820  entropy:                       1.2977  actor_logit_l2:               16.8416
actor_bc_loss:                 0.0000  actor_bc_coef:                 0.2014  actor_lr:                      0.0000
critic_lr:                     0.0000  replay_size:              600000.0000  replay_demo:                   0.0000
replay_collapse:               0.8148  rollout_sps:                 875.3549  rollout_collect_s:            10.9671
worker_collect_s:             10.7606  env_step_s:                    1.7552  inference_wait_s:              0.0000
infer_build_s:                 0.0000  local_forward_s:               7.3285  action_to_numpy_s:             0.0907
transition_encode_s:           0.3024  stack_transitions_s:           0.0218  shm_serialize_s:               0.0112
shm_deserialize_s:             0.0011  rollout_wait_s:                1.9433  overlap_s:                     9.0238
actor_sync_s:                  0.1227  actor_publish_s:               0.0025  actor_sync_server_s:           0.0000
actor_sync_worker_s:           0.1202  replay_extend_s:               0.0381  replay_sample_s:               0.0079
to_device_s:                   0.0021  critic_update_s:               0.4915  actor_update_s:                0.0000
target_update_s:               0.0000  learner_update_s:              9.0234  eval_s:                        0.0000
infer_batch_mean:              4.0000  infer_batch_max:               4.0000  uniform:                       0.0000
proportional:                  0.0000  constant_mix:                  0.0000  pool_power_mix:                0.0000
random_logits:                 0.0000  actor_logits:                  1.0000
[INFO 21:14:54] train t_env: 1180800 / 30000000 | update: 155 / 3157
[INFO 21:14:54] train Estimated time left: 11 hours, 15 minutes, 53 seconds. Time passed: 27 minutes, 42 seconds
[INFO 21:14:54] train Recent Stats | update: 155 / 3157 | t_env: 1180800 / 30000000 | stage: regular_only
train_f_c:                     0.0005  train_gini:                    0.0425  train_R_mean:                  0.3869
train_payoff_mean:             0.0288  train_pool_grown:              0.0123  train_pool:                    0.0071
loss:                          0.8818  policy_loss:                   0.3195  value_loss:                    0.5623
mean_rollout_reward:          -0.1824  entropy:                       1.2916  actor_logit_l2:               17.2042
actor_bc_loss:                 0.0000  actor_bc_coef:                 0.2010  actor_lr:                      0.0000
critic_lr:                     0.0000  replay_size:              600000.0000  replay_demo:                   0.0000
replay_collapse:               0.8090  rollout_sps:                 875.6126  rollout_collect_s:            10.9639
worker_collect_s:             10.7596  env_step_s:                    1.7543  inference_wait_s:              0.0000
infer_build_s:                 0.0000  local_forward_s:               7.3282  action_to_numpy_s:             0.0907
transition_encode_s:           0.3018  stack_transitions_s:           0.0219  shm_serialize_s:               0.0112
shm_deserialize_s:             0.0011  rollout_wait_s:                1.9503  overlap_s:                     9.0136
actor_sync_s:                  0.1230  actor_publish_s:               0.0025  actor_sync_server_s:           0.0000
actor_sync_worker_s:           0.1205  replay_extend_s:               0.0376  replay_sample_s:               0.0078
to_device_s:                   0.0021  critic_update_s:               0.4889  actor_update_s:                0.0000
target_update_s:               0.0000  learner_update_s:              9.0132  eval_s:                        0.0000
infer_batch_mean:              4.0000  infer_batch_max:               4.0000  uniform:                       0.0000
proportional:                  0.0000  constant_mix:                  0.0000  pool_power_mix:                0.0000
random_logits:                 0.0000  actor_logits:                  1.0000
[INFO 21:15:05] train t_env: 1190400 / 30000000 | update: 156 / 3157
[INFO 21:15:05] train Estimated time left: 11 hours, 14 minutes, 43 seconds. Time passed: 27 minutes, 53 seconds
[INFO 21:15:05] train Recent Stats | update: 156 / 3157 | t_env: 1190400 / 30000000 | stage: regular_only
train_f_c:                     0.0005  train_gini:                    0.0423  train_R_mean:                  0.3861
train_payoff_mean:             0.0287  train_pool_grown:              0.0122  train_pool:                    0.0070
loss:                          0.8506  policy_loss:                   0.3065  value_loss:                    0.5440
mean_rollout_reward:          -0.1813  entropy:                       1.2844  actor_logit_l2:               17.5709
actor_bc_loss:                 0.0000  actor_bc_coef:                 0.2006  actor_lr:                      0.0000
critic_lr:                     0.0000  replay_size:              600000.0000  replay_demo:                   0.0000
replay_collapse:               0.8027  rollout_sps:                 875.3535  rollout_collect_s:            10.9671
worker_collect_s:             10.7618  env_step_s:                    1.7546  inference_wait_s:              0.0000
infer_build_s:                 0.0000  local_forward_s:               7.3299  action_to_numpy_s:             0.0910
transition_encode_s:           0.3021  stack_transitions_s:           0.0219  shm_serialize_s:               0.0112
shm_deserialize_s:             0.0011  rollout_wait_s:                1.8860  overlap_s:                     9.0812
actor_sync_s:                  0.1226  actor_publish_s:               0.0025  actor_sync_server_s:           0.0000
actor_sync_worker_s:           0.1200  replay_extend_s:               0.0382  replay_sample_s:               0.0077
to_device_s:                   0.0021  critic_update_s:               0.4894  actor_update_s:                0.0000
target_update_s:               0.0000  learner_update_s:              9.0808  eval_s:                        0.0000
infer_batch_mean:              4.0000  infer_batch_max:               4.0000  uniform:                       0.0000
proportional:                  0.0000  constant_mix:                  0.0000  pool_power_mix:                0.0000
random_logits:                 0.0000  actor_logits:                  1.0000
[INFO 21:15:16] train t_env: 1200000 / 30000000 | update: 157 / 3157
[INFO 21:15:16] train Estimated time left: 11 hours, 13 minutes, 32 seconds. Time passed: 28 minutes, 4 seconds
[INFO 21:15:16] train Recent Stats | update: 157 / 3157 | t_env: 1200000 / 30000000 | stage: regular_only
train_f_c:                     0.0005  train_gini:                    0.0422  train_R_mean:                  0.3856
train_payoff_mean:             0.0287  train_pool_grown:              0.0123  train_pool:                    0.0070
loss:                          0.9155  policy_loss:                   0.2896  value_loss:                    0.6259
mean_rollout_reward:          -0.1813  entropy:                       1.2788  actor_logit_l2:               17.8732
actor_bc_loss:                 0.0000  actor_bc_coef:                 0.2002  actor_lr:                      0.0000
critic_lr:                     0.0000  replay_size:              600000.0000  replay_demo:                   0.0000
replay_collapse:               0.7967  rollout_sps:                 875.4222  rollout_collect_s:            10.9663
worker_collect_s:             10.7599  env_step_s:                    1.7553  inference_wait_s:              0.0000
infer_build_s:                 0.0000  local_forward_s:               7.3269  action_to_numpy_s:             0.0914
transition_encode_s:           0.3023  stack_transitions_s:           0.0218  shm_serialize_s:               0.0112
shm_deserialize_s:             0.0011  rollout_wait_s:                1.9055  overlap_s:                     9.0607
actor_sync_s:                  0.1217  actor_publish_s:               0.0025  actor_sync_server_s:           0.0000
actor_sync_worker_s:           0.1192  replay_extend_s:               0.0386  replay_sample_s:               0.0085
to_device_s:                   0.0021  critic_update_s:               0.4834  actor_update_s:                0.0000
target_update_s:               0.0000  learner_update_s:              9.0604  eval_s:                        0.0000
infer_batch_mean:              4.0000  infer_batch_max:               4.0000  uniform:                       0.0000
proportional:                  0.0000  constant_mix:                  0.0000  pool_power_mix:                0.0000
random_logits:                 0.0000  actor_logits:                  1.0000
[INFO 21:15:28] train t_env: 1209600 / 30000000 | update: 158 / 3157
[INFO 21:15:28] train Estimated time left: 11 hours, 12 minutes, 22 seconds. Time passed: 28 minutes, 15 seconds
[INFO 21:15:28] train Recent Stats | update: 158 / 3157 | t_env: 1209600 / 30000000 | stage: regular_only
train_f_c:                     0.0005  train_gini:                    0.0422  train_R_mean:                  0.3851
train_payoff_mean:             0.0287  train_pool_grown:              0.0123  train_pool:                    0.0070
loss:                          0.8925  policy_loss:                   0.2795  value_loss:                    0.6130
mean_rollout_reward:          -0.1811  entropy:                       1.2729  actor_logit_l2:               18.1588
actor_bc_loss:                 0.0000  actor_bc_coef:                 0.1997  actor_lr:                      0.0000
critic_lr:                     0.0000  replay_size:              600000.0000  replay_demo:                   0.0000
replay_collapse:               0.7908  rollout_sps:                 875.0262  rollout_collect_s:            10.9713
worker_collect_s:             10.7615  env_step_s:                    1.7567  inference_wait_s:              0.0000
infer_build_s:                 0.0000  local_forward_s:               7.3275  action_to_numpy_s:             0.0908
transition_encode_s:           0.3021  stack_transitions_s:           0.0217  shm_serialize_s:               0.0112
shm_deserialize_s:             0.0011  rollout_wait_s:                1.8858  overlap_s:                     9.0854
actor_sync_s:                  0.1222  actor_publish_s:               0.0025  actor_sync_server_s:           0.0000
actor_sync_worker_s:           0.1197  replay_extend_s:               0.0387  replay_sample_s:               0.0081
to_device_s:                   0.0020  critic_update_s:               0.4861  actor_update_s:                0.0000
target_update_s:               0.0000  learner_update_s:              9.0850  eval_s:                        0.0000
infer_batch_mean:              4.0000  infer_batch_max:               4.0000  uniform:                       0.0000
proportional:                  0.0000  constant_mix:                  0.0000  pool_power_mix:                0.0000
random_logits:                 0.0000  actor_logits:                  1.0000
[INFO 21:15:39] train t_env: 1219200 / 30000000 | update: 159 / 3157
[INFO 21:15:39] train Estimated time left: 11 hours, 11 minutes, 13 seconds. Time passed: 28 minutes, 26 seconds
[INFO 21:15:39] train Recent Stats | update: 159 / 3157 | t_env: 1219200 / 30000000 | stage: regular_only
train_f_c:                     0.0005  train_gini:                    0.0421  train_R_mean:                  0.3851
train_payoff_mean:             0.0287  train_pool_grown:              0.0123  train_pool:                    0.0071
loss:                          0.8570  policy_loss:                   0.2640  value_loss:                    0.5930
mean_rollout_reward:          -0.1805  entropy:                       1.2668  actor_logit_l2:               18.4200
actor_bc_loss:                 0.0000  actor_bc_coef:                 0.1993  actor_lr:                      0.0000
critic_lr:                     0.0000  replay_size:              600000.0000  replay_demo:                   0.0000
replay_collapse:               0.7855  rollout_sps:                 875.4215  rollout_collect_s:            10.9663
worker_collect_s:             10.7590  env_step_s:                    1.7557  inference_wait_s:              0.0000
infer_build_s:                 0.0000  local_forward_s:               7.3255  action_to_numpy_s:             0.0907
transition_encode_s:           0.3013  stack_transitions_s:           0.0217  shm_serialize_s:               0.0112
shm_deserialize_s:             0.0011  rollout_wait_s:                1.8061  overlap_s:                     9.1602
actor_sync_s:                  0.1224  actor_publish_s:               0.0025  actor_sync_server_s:           0.0000
actor_sync_worker_s:           0.1199  replay_extend_s:               0.0388  replay_sample_s:               0.0079
to_device_s:                   0.0020  critic_update_s:               0.4862  actor_update_s:                0.0000
target_update_s:               0.0000  learner_update_s:              9.1597  eval_s:                        0.0000
infer_batch_mean:              4.0000  infer_batch_max:               4.0000  uniform:                       0.0000
proportional:                  0.0000  constant_mix:                  0.0000  pool_power_mix:                0.0000
random_logits:                 0.0000  actor_logits:                  1.0000
[INFO 21:15:50] train t_env: 1228800 / 30000000 | update: 160 / 3157
[INFO 21:15:50] train Estimated time left: 11 hours, 10 minutes, 5 seconds. Time passed: 28 minutes, 37 seconds
[INFO 21:15:50] train Recent Stats | update: 160 / 3157 | t_env: 1228800 / 30000000 | stage: regular_only
train_f_c:                     0.0005  train_gini:                    0.0421  train_R_mean:                  0.3849
train_payoff_mean:             0.0286  train_pool_grown:              0.0122  train_pool:                    0.0070
loss:                          0.8607  policy_loss:                   0.2770  value_loss:                    0.5837
mean_rollout_reward:          -0.1809  entropy:                       1.2603  actor_logit_l2:               18.6578
actor_bc_loss:                 0.0000  actor_bc_coef:                 0.1989  actor_lr:                      0.0000
critic_lr:                     0.0000  replay_size:              600000.0000  replay_demo:                   0.0000
replay_collapse:               0.7803  rollout_sps:                 874.9286  rollout_collect_s:            10.9724
worker_collect_s:             10.7641  env_step_s:                    1.7566  inference_wait_s:              0.0000
infer_build_s:                 0.0000  local_forward_s:               7.3295  action_to_numpy_s:             0.0900
transition_encode_s:           0.3023  stack_transitions_s:           0.0216  shm_serialize_s:               0.0112
shm_deserialize_s:             0.0011  rollout_wait_s:                1.8593  overlap_s:                     9.1131
actor_sync_s:                  0.1224  actor_publish_s:               0.0025  actor_sync_server_s:           0.0000
actor_sync_worker_s:           0.1198  replay_extend_s:               0.0387  replay_sample_s:               0.0078
to_device_s:                   0.0020  critic_update_s:               0.4866  actor_update_s:                0.0000
target_update_s:               0.0000  learner_update_s:              9.1128  eval_s:                        0.0000
infer_batch_mean:              4.0000  infer_batch_max:               4.0000  uniform:                       0.0000
proportional:                  0.0000  constant_mix:                  0.0000  pool_power_mix:                0.0000
random_logits:                 0.0000  actor_logits:                  1.0000
[INFO 21:16:01] train t_env: 1238400 / 30000000 | update: 161 / 3157
[INFO 21:16:01] train Estimated time left: 11 hours, 8 minutes, 58 seconds. Time passed: 28 minutes, 48 seconds
[INFO 21:16:01] train Recent Stats | update: 161 / 3157 | t_env: 1238400 / 30000000 | stage: regular_only
train_f_c:                     0.0005  train_gini:                    0.0422  train_R_mean:                  0.3847
train_payoff_mean:             0.0285  train_pool_grown:              0.0119  train_pool:                    0.0068
loss:                          0.8809  policy_loss:                   0.2795  value_loss:                    0.6014
mean_rollout_reward:          -0.1813  entropy:                       1.2548  actor_logit_l2:               18.8184
actor_bc_loss:                 0.0000  actor_bc_coef:                 0.1985  actor_lr:                      0.0000
critic_lr:                     0.0000  replay_size:              600000.0000  replay_demo:                   0.0000
replay_collapse:               0.7758  rollout_sps:                 874.8627  rollout_collect_s:            10.9733
worker_collect_s:             10.7672  env_step_s:                    1.7594  inference_wait_s:              0.0000
infer_build_s:                 0.0000  local_forward_s:               7.3274  action_to_numpy_s:             0.0896
transition_encode_s:           0.3033  stack_transitions_s:           0.0215  shm_serialize_s:               0.0112
shm_deserialize_s:             0.0011  rollout_wait_s:                1.7802  overlap_s:                     9.1930
actor_sync_s:                  0.1241  actor_publish_s:               0.0025  actor_sync_server_s:           0.0000
actor_sync_worker_s:           0.1216  replay_extend_s:               0.0384  replay_sample_s:               0.0075
to_device_s:                   0.0020  critic_update_s:               0.4899  actor_update_s:                0.0000
target_update_s:               0.0000  learner_update_s:              9.1927  eval_s:                        0.0000
infer_batch_mean:              4.0000  infer_batch_max:               4.0000  uniform:                       0.0000
proportional:                  0.0000  constant_mix:                  0.0000  pool_power_mix:                0.0000
random_logits:                 0.0000  actor_logits:                  1.0000
[INFO 21:16:12] train t_env: 1248000 / 30000000 | update: 162 / 3157
[INFO 21:16:12] train Estimated time left: 11 hours, 7 minutes, 50 seconds. Time passed: 28 minutes, 59 seconds
[INFO 21:16:12] train Recent Stats | update: 162 / 3157 | t_env: 1248000 / 30000000 | stage: regular_only
train_f_c:                     0.0005  train_gini:                    0.0422  train_R_mean:                  0.3853
train_payoff_mean:             0.0285  train_pool_grown:              0.0119  train_pool:                    0.0068
loss:                          0.9608  policy_loss:                   0.2812  value_loss:                    0.6796
mean_rollout_reward:          -0.1814  entropy:                       1.2508  actor_logit_l2:               18.8292
actor_bc_loss:                 0.0000  actor_bc_coef:                 0.1981  actor_lr:                      0.0000
critic_lr:                     0.0000  replay_size:              600000.0000  replay_demo:                   0.0000
replay_collapse:               0.7723  rollout_sps:                 875.2640  rollout_collect_s:            10.9682
worker_collect_s:             10.7650  env_step_s:                    1.7577  inference_wait_s:              0.0000
infer_build_s:                 0.0000  local_forward_s:               7.3246  action_to_numpy_s:             0.0903
transition_encode_s:           0.3026  stack_transitions_s:           0.0217  shm_serialize_s:               0.0113
shm_deserialize_s:             0.0011  rollout_wait_s:                1.7473  overlap_s:                     9.2210
actor_sync_s:                  0.1194  actor_publish_s:               0.0026  actor_sync_server_s:           0.0000
actor_sync_worker_s:           0.1169  replay_extend_s:               0.0384  replay_sample_s:               0.0074
to_device_s:                   0.0020  critic_update_s:               0.4878  actor_update_s:                0.0000
target_update_s:               0.0000  learner_update_s:              9.2206  eval_s:                        0.0000
infer_batch_mean:              4.0000  infer_batch_max:               4.0000  uniform:                       0.0000
proportional:                  0.0000  constant_mix:                  0.0000  pool_power_mix:                0.0000
random_logits:                 0.0000  actor_logits:                  1.0000
[INFO 21:16:23] train t_env: 1257600 / 30000000 | update: 163 / 3157
[INFO 21:16:23] train Estimated time left: 11 hours, 6 minutes, 45 seconds. Time passed: 29 minutes, 10 seconds
[INFO 21:16:23] train Recent Stats | update: 163 / 3157 | t_env: 1257600 / 30000000 | stage: regular_only
train_f_c:                     0.0005  train_gini:                    0.0422  train_R_mean:                  0.3851
train_payoff_mean:             0.0284  train_pool_grown:              0.0119  train_pool:                    0.0068
loss:                          0.9438  policy_loss:                   0.2867  value_loss:                    0.6570
mean_rollout_reward:          -0.1812  entropy:                       1.2476  actor_logit_l2:               18.7881
actor_bc_loss:                 0.0000  actor_bc_coef:                 0.1977  actor_lr:                      0.0000
critic_lr:                     0.0000  replay_size:              600000.0000  replay_demo:                   0.0000
replay_collapse:               0.7691  rollout_sps:                 874.7854  rollout_collect_s:            10.9742
worker_collect_s:             10.7647  env_step_s:                    1.7605  inference_wait_s:              0.0000
infer_build_s:                 0.0000  local_forward_s:               7.3216  action_to_numpy_s:             0.0901
transition_encode_s:           0.3026  stack_transitions_s:           0.0220  shm_serialize_s:               0.0113
shm_deserialize_s:             0.0011  rollout_wait_s:                1.7919  overlap_s:                     9.1823
actor_sync_s:                  0.1187  actor_publish_s:               0.0025  actor_sync_server_s:           0.0000
actor_sync_worker_s:           0.1161  replay_extend_s:               0.0393  replay_sample_s:               0.0075
to_device_s:                   0.0020  critic_update_s:               0.4811  actor_update_s:                0.0000
target_update_s:               0.0000  learner_update_s:              9.1820  eval_s:                        0.0000
infer_batch_mean:              4.0000  infer_batch_max:               4.0000  uniform:                       0.0000
proportional:                  0.0000  constant_mix:                  0.0000  pool_power_mix:                0.0000
random_logits:                 0.0000  actor_logits:                  1.0000
[INFO 21:16:34] train t_env: 1267200 / 30000000 | update: 164 / 3157
[INFO 21:16:34] train Estimated time left: 11 hours, 5 minutes, 41 seconds. Time passed: 29 minutes, 22 seconds
[INFO 21:16:34] train Recent Stats | update: 164 / 3157 | t_env: 1267200 / 30000000 | stage: regular_only
train_f_c:                     0.0005  train_gini:                    0.0421  train_R_mean:                  0.3835
train_payoff_mean:             0.0282  train_pool_grown:              0.0116  train_pool:                    0.0067
loss:                          0.9533  policy_loss:                   0.2790  value_loss:                    0.6743
mean_rollout_reward:          -0.1808  entropy:                       1.2436  actor_logit_l2:               18.8043
actor_bc_loss:                 0.0000  actor_bc_coef:                 0.1972  actor_lr:                      0.0000
critic_lr:                     0.0000  replay_size:              600000.0000  replay_demo:                   0.0000
replay_collapse:               0.7654  rollout_sps:                 874.8152  rollout_collect_s:            10.9739
worker_collect_s:             10.7693  env_step_s:                    1.7596  inference_wait_s:              0.0000
infer_build_s:                 0.0000  local_forward_s:               7.3254  action_to_numpy_s:             0.0904
transition_encode_s:           0.3028  stack_transitions_s:           0.0220  shm_serialize_s:               0.0113
shm_deserialize_s:             0.0011  rollout_wait_s:                1.7499  overlap_s:                     9.2239
actor_sync_s:                  0.1193  actor_publish_s:               0.0025  actor_sync_server_s:           0.0000
actor_sync_worker_s:           0.1168  replay_extend_s:               0.0399  replay_sample_s:               0.0077
to_device_s:                   0.0020  critic_update_s:               0.4842  actor_update_s:                0.0000
target_update_s:               0.0000  learner_update_s:              9.2236  eval_s:                        0.0000
infer_batch_mean:              4.0000  infer_batch_max:               4.0000  uniform:                       0.0000
proportional:                  0.0000  constant_mix:                  0.0000  pool_power_mix:                0.0000
random_logits:                 0.0000  actor_logits:                  1.0000
[INFO 21:16:45] train t_env: 1276800 / 30000000 | update: 165 / 3157
[INFO 21:16:45] train Estimated time left: 11 hours, 4 minutes, 36 seconds. Time passed: 29 minutes, 33 seconds
[INFO 21:16:45] train Recent Stats | update: 165 / 3157 | t_env: 1276800 / 30000000 | stage: regular_only
train_f_c:                     0.0005  train_gini:                    0.0422  train_R_mean:                  0.3839
train_payoff_mean:             0.0282  train_pool_grown:              0.0117  train_pool:                    0.0067
loss:                          0.9129  policy_loss:                   0.2911  value_loss:                    0.6218
mean_rollout_reward:          -0.1813  entropy:                       1.2397  actor_logit_l2:               18.7604
actor_bc_loss:                 0.0000  actor_bc_coef:                 0.1968  actor_lr:                      0.0000
critic_lr:                     0.0000  replay_size:              600000.0000  replay_demo:                   0.0000
replay_collapse:               0.7623  rollout_sps:                 874.8225  rollout_collect_s:            10.9738
worker_collect_s:             10.7706  env_step_s:                    1.7611  inference_wait_s:              0.0000
infer_build_s:                 0.0000  local_forward_s:               7.3248  action_to_numpy_s:             0.0905
transition_encode_s:           0.3035  stack_transitions_s:           0.0220  shm_serialize_s:               0.0113
shm_deserialize_s:             0.0011  rollout_wait_s:                1.7207  overlap_s:                     9.2531
actor_sync_s:                  0.1183  actor_publish_s:               0.0025  actor_sync_server_s:           0.0000
actor_sync_worker_s:           0.1159  replay_extend_s:               0.0400  replay_sample_s:               0.0079
to_device_s:                   0.0020  critic_update_s:               0.4873  actor_update_s:                0.0000
target_update_s:               0.0000  learner_update_s:              9.2528  eval_s:                        0.0000
infer_batch_mean:              4.0000  infer_batch_max:               4.0000  uniform:                       0.0000
proportional:                  0.0000  constant_mix:                  0.0000  pool_power_mix:                0.0000
random_logits:                 0.0000  actor_logits:                  1.0000
[INFO 21:16:56] train t_env: 1286400 / 30000000 | update: 166 / 3157
[INFO 21:16:56] train Estimated time left: 11 hours, 3 minutes, 33 seconds. Time passed: 29 minutes, 44 seconds
[INFO 21:16:56] train Recent Stats | update: 166 / 3157 | t_env: 1286400 / 30000000 | stage: regular_only
train_f_c:                     0.0005  train_gini:                    0.0423  train_R_mean:                  0.3844
train_payoff_mean:             0.0284  train_pool_grown:              0.0120  train_pool:                    0.0069
loss:                          0.9641  policy_loss:                   0.2911  value_loss:                    0.6731
mean_rollout_reward:          -0.1818  entropy:                       1.2369  actor_logit_l2:               18.6618
actor_bc_loss:                 0.0000  actor_bc_coef:                 0.1964  actor_lr:                      0.0000
critic_lr:                     0.0000  replay_size:              600000.0000  replay_demo:                   0.0000
replay_collapse:               0.7594  rollout_sps:                 875.7787  rollout_collect_s:            10.9617
worker_collect_s:             10.7674  env_step_s:                    1.7617  inference_wait_s:              0.0000
infer_build_s:                 0.0000  local_forward_s:               7.3199  action_to_numpy_s:             0.0911
transition_encode_s:           0.3030  stack_transitions_s:           0.0221  shm_serialize_s:               0.0114
shm_deserialize_s:             0.0011  rollout_wait_s:                1.7858  overlap_s:                     9.1760
actor_sync_s:                  0.1186  actor_publish_s:               0.0025  actor_sync_server_s:           0.0000
actor_sync_worker_s:           0.1161  replay_extend_s:               0.0397  replay_sample_s:               0.0080
to_device_s:                   0.0021  critic_update_s:               0.4846  actor_update_s:                0.0000
target_update_s:               0.0000  learner_update_s:              9.1756  eval_s:                        0.0000
infer_batch_mean:              4.0000  infer_batch_max:               4.0000  uniform:                       0.0000
proportional:                  0.0000  constant_mix:                  0.0000  pool_power_mix:                0.0000
random_logits:                 0.0000  actor_logits:                  1.0000
[INFO 21:17:07] train t_env: 1296000 / 30000000 | update: 167 / 3157
[INFO 21:17:07] train Estimated time left: 11 hours, 2 minutes, 28 seconds. Time passed: 29 minutes, 55 seconds
[INFO 21:17:07] train Recent Stats | update: 167 / 3157 | t_env: 1296000 / 30000000 | stage: regular_only
train_f_c:                     0.0005  train_gini:                    0.0423  train_R_mean:                  0.3845
train_payoff_mean:             0.0284  train_pool_grown:              0.0119  train_pool:                    0.0068
loss:                          0.8859  policy_loss:                   0.2987  value_loss:                    0.5871
mean_rollout_reward:          -0.1816  entropy:                       1.2338  actor_logit_l2:               18.5357
actor_bc_loss:                 0.0000  actor_bc_coef:                 0.1960  actor_lr:                      0.0000
critic_lr:                     0.0000  replay_size:              600000.0000  replay_demo:                   0.0000
replay_collapse:               0.7564  rollout_sps:                 876.2760  rollout_collect_s:            10.9556
worker_collect_s:             10.7656  env_step_s:                    1.7606  inference_wait_s:              0.0000
infer_build_s:                 0.0000  local_forward_s:               7.3204  action_to_numpy_s:             0.0915
transition_encode_s:           0.3021  stack_transitions_s:           0.0222  shm_serialize_s:               0.0114
shm_deserialize_s:             0.0010  rollout_wait_s:                1.7413  overlap_s:                     9.2143
actor_sync_s:                  0.1182  actor_publish_s:               0.0025  actor_sync_server_s:           0.0000
actor_sync_worker_s:           0.1157  replay_extend_s:               0.0391  replay_sample_s:               0.0078
to_device_s:                   0.0022  critic_update_s:               0.4909  actor_update_s:                0.0000
target_update_s:               0.0000  learner_update_s:              9.2139  eval_s:                        0.0000
infer_batch_mean:              4.0000  infer_batch_max:               4.0000  uniform:                       0.0000
proportional:                  0.0000  constant_mix:                  0.0000  pool_power_mix:                0.0000
random_logits:                 0.0000  actor_logits:                  1.0000
[INFO 21:17:18] train t_env: 1305600 / 30000000 | update: 168 / 3157
[INFO 21:17:18] train Estimated time left: 11 hours, 1 minutes, 27 seconds. Time passed: 30 minutes, 6 seconds
[INFO 21:17:18] train Recent Stats | update: 168 / 3157 | t_env: 1305600 / 30000000 | stage: regular_only
train_f_c:                     0.0005  train_gini:                    0.0425  train_R_mean:                  0.3850
train_payoff_mean:             0.0284  train_pool_grown:              0.0120  train_pool:                    0.0069
loss:                          0.9434  policy_loss:                   0.2995  value_loss:                    0.6439
mean_rollout_reward:          -0.1825  entropy:                       1.2299  actor_logit_l2:               18.4150
actor_bc_loss:                 0.0000  actor_bc_coef:                 0.1956  actor_lr:                      0.0000
critic_lr:                     0.0000  replay_size:              600000.0000  replay_demo:                   0.0000
replay_collapse:               0.7533  rollout_sps:                 876.3176  rollout_collect_s:            10.9551
worker_collect_s:             10.7653  env_step_s:                    1.7656  inference_wait_s:              0.0000
infer_build_s:                 0.0000  local_forward_s:               7.3154  action_to_numpy_s:             0.0920
transition_encode_s:           0.3030  stack_transitions_s:           0.0221  shm_serialize_s:               0.0114
shm_deserialize_s:             0.0010  rollout_wait_s:                1.7184  overlap_s:                     9.2366
actor_sync_s:                  0.1173  actor_publish_s:               0.0025  actor_sync_server_s:           0.0000
actor_sync_worker_s:           0.1148  replay_extend_s:               0.0389  replay_sample_s:               0.0077
to_device_s:                   0.0021  critic_update_s:               0.4876  actor_update_s:                0.0000
target_update_s:               0.0000  learner_update_s:              9.2363  eval_s:                        0.0000
infer_batch_mean:              4.0000  infer_batch_max:               4.0000  uniform:                       0.0000
proportional:                  0.0000  constant_mix:                  0.0000  pool_power_mix:                0.0000
random_logits:                 0.0000  actor_logits:                  1.0000
[INFO 21:17:29] train t_env: 1315200 / 30000000 | update: 169 / 3157
[INFO 21:17:29] train Estimated time left: 11 hours, 0 minutes, 25 seconds. Time passed: 30 minutes, 17 seconds
[INFO 21:17:29] train Recent Stats | update: 169 / 3157 | t_env: 1315200 / 30000000 | stage: regular_only
train_f_c:                     0.0005  train_gini:                    0.0424  train_R_mean:                  0.3850
train_payoff_mean:             0.0284  train_pool_grown:              0.0118  train_pool:                    0.0068
loss:                          0.9308  policy_loss:                   0.3136  value_loss:                    0.6172
mean_rollout_reward:          -0.1825  entropy:                       1.2267  actor_logit_l2:               18.2371
actor_bc_loss:                 0.0000  actor_bc_coef:                 0.1952  actor_lr:                      0.0000
critic_lr:                     0.0000  replay_size:              600000.0000  replay_demo:                   0.0000
replay_collapse:               0.7500  rollout_sps:                 876.6526  rollout_collect_s:            10.9509
worker_collect_s:             10.7656  env_step_s:                    1.7621  inference_wait_s:              0.0000
infer_build_s:                 0.0000  local_forward_s:               7.3181  action_to_numpy_s:             0.0925
transition_encode_s:           0.3031  stack_transitions_s:           0.0221  shm_serialize_s:               0.0114
shm_deserialize_s:             0.0010  rollout_wait_s:                1.6876  overlap_s:                     9.2632
actor_sync_s:                  0.1187  actor_publish_s:               0.0024  actor_sync_server_s:           0.0000
actor_sync_worker_s:           0.1162  replay_extend_s:               0.0385  replay_sample_s:               0.0075
to_device_s:                   0.0022  critic_update_s:               0.4904  actor_update_s:                0.0000
target_update_s:               0.0000  learner_update_s:              9.2629  eval_s:                        0.0000
infer_batch_mean:              4.0000  infer_batch_max:               4.0000  uniform:                       0.0000
proportional:                  0.0000  constant_mix:                  0.0000  pool_power_mix:                0.0000
random_logits:                 0.0000  actor_logits:                  1.0000
[INFO 21:17:41] train t_env: 1324800 / 30000000 | update: 170 / 3157
[INFO 21:17:41] train Estimated time left: 10 hours, 59 minutes, 26 seconds. Time passed: 30 minutes, 28 seconds
[INFO 21:17:41] train Recent Stats | update: 170 / 3157 | t_env: 1324800 / 30000000 | stage: regular_only
train_f_c:                     0.0005  train_gini:                    0.0424  train_R_mean:                  0.3842
train_payoff_mean:             0.0283  train_pool_grown:              0.0118  train_pool:                    0.0067
loss:                          0.9583  policy_loss:                   0.2957  value_loss:                    0.6626
mean_rollout_reward:          -0.1822  entropy:                       1.2234  actor_logit_l2:               18.0775
actor_bc_loss:                 0.0000  actor_bc_coef:                 0.1947  actor_lr:                      0.0000
critic_lr:                     0.0000  replay_size:              600000.0000  replay_demo:                   0.0000
replay_collapse:               0.7469  rollout_sps:                 876.4909  rollout_collect_s:            10.9529
worker_collect_s:             10.7667  env_step_s:                    1.7649  inference_wait_s:              0.0000
infer_build_s:                 0.0000  local_forward_s:               7.3160  action_to_numpy_s:             0.0925
transition_encode_s:           0.3033  stack_transitions_s:           0.0222  shm_serialize_s:               0.0115
shm_deserialize_s:             0.0010  rollout_wait_s:                1.6500  overlap_s:                     9.3029
actor_sync_s:                  0.1178  actor_publish_s:               0.0023  actor_sync_server_s:           0.0000
actor_sync_worker_s:           0.1154  replay_extend_s:               0.0388  replay_sample_s:               0.0073
to_device_s:                   0.0022  critic_update_s:               0.4879  actor_update_s:                0.0000
target_update_s:               0.0000  learner_update_s:              9.3026  eval_s:                        0.0000
infer_batch_mean:              4.0000  infer_batch_max:               4.0000  uniform:                       0.0000
proportional:                  0.0000  constant_mix:                  0.0000  pool_power_mix:                0.0000
random_logits:                 0.0000  actor_logits:                  1.0000
[INFO 21:17:52] train t_env: 1334400 / 30000000 | update: 171 / 3157
[INFO 21:17:52] train Estimated time left: 10 hours, 58 minutes, 27 seconds. Time passed: 30 minutes, 39 seconds
[INFO 21:17:52] train Recent Stats | update: 171 / 3157 | t_env: 1334400 / 30000000 | stage: regular_only
train_f_c:                     0.0005  train_gini:                    0.0423  train_R_mean:                  0.3845
train_payoff_mean:             0.0283  train_pool_grown:              0.0117  train_pool:                    0.0067
loss:                          0.9545  policy_loss:                   0.3086  value_loss:                    0.6459
mean_rollout_reward:          -0.1818  entropy:                       1.2210  actor_logit_l2:               17.8267
actor_bc_loss:                 0.0000  actor_bc_coef:                 0.1943  actor_lr:                      0.0000
critic_lr:                     0.0000  replay_size:              600000.0000  replay_demo:                   0.0000
replay_collapse:               0.7441  rollout_sps:                 875.8983  rollout_collect_s:            10.9604
worker_collect_s:             10.7633  env_step_s:                    1.7627  inference_wait_s:              0.0000
infer_build_s:                 0.0000  local_forward_s:               7.3178  action_to_numpy_s:             0.0929
transition_encode_s:           0.3022  stack_transitions_s:           0.0223  shm_serialize_s:               0.0115
shm_deserialize_s:             0.0010  rollout_wait_s:                1.7211  overlap_s:                     9.2393
actor_sync_s:                  0.1160  actor_publish_s:               0.0024  actor_sync_server_s:           0.0000
actor_sync_worker_s:           0.1136  replay_extend_s:               0.0389  replay_sample_s:               0.0073
to_device_s:                   0.0022  critic_update_s:               0.4823  actor_update_s:                0.0000
target_update_s:               0.0000  learner_update_s:              9.2390  eval_s:                        0.0000
infer_batch_mean:              4.0000  infer_batch_max:               4.0000  uniform:                       0.0000
proportional:                  0.0000  constant_mix:                  0.0000  pool_power_mix:                0.0000
random_logits:                 0.0000  actor_logits:                  1.0000
[INFO 21:18:03] train t_env: 1344000 / 30000000 | update: 172 / 3157
[INFO 21:18:03] train Estimated time left: 10 hours, 57 minutes, 29 seconds. Time passed: 30 minutes, 50 seconds
[INFO 21:18:03] train Recent Stats | update: 172 / 3157 | t_env: 1344000 / 30000000 | stage: regular_only
train_f_c:                     0.0005  train_gini:                    0.0423  train_R_mean:                  0.3840
train_payoff_mean:             0.0283  train_pool_grown:              0.0119  train_pool:                    0.0068
loss:                          0.9258  policy_loss:                   0.3134  value_loss:                    0.6124
mean_rollout_reward:          -0.1818  entropy:                       1.2184  actor_logit_l2:               17.5997
actor_bc_loss:                 0.0000  actor_bc_coef:                 0.1939  actor_lr:                      0.0000
critic_lr:                     0.0000  replay_size:              600000.0000  replay_demo:                   0.0000
replay_collapse:               0.7414  rollout_sps:                 875.5852  rollout_collect_s:            10.9643
worker_collect_s:             10.7630  env_step_s:                    1.7673  inference_wait_s:              0.0000
infer_build_s:                 0.0000  local_forward_s:               7.3152  action_to_numpy_s:             0.0926
transition_encode_s:           0.3034  stack_transitions_s:           0.0221  shm_serialize_s:               0.0114
shm_deserialize_s:             0.0010  rollout_wait_s:                1.7658  overlap_s:                     9.1985
actor_sync_s:                  0.1177  actor_publish_s:               0.0025  actor_sync_server_s:           0.0000
actor_sync_worker_s:           0.1152  replay_extend_s:               0.0389  replay_sample_s:               0.0077
to_device_s:                   0.0021  critic_update_s:               0.4826  actor_update_s:                0.0000
target_update_s:               0.0000  learner_update_s:              9.1982  eval_s:                        0.0000
infer_batch_mean:              4.0000  infer_batch_max:               4.0000  uniform:                       0.0000
proportional:                  0.0000  constant_mix:                  0.0000  pool_power_mix:                0.0000
random_logits:                 0.0000  actor_logits:                  1.0000
[INFO 21:18:14] train t_env: 1353600 / 30000000 | update: 173 / 3157
[INFO 21:18:14] train Estimated time left: 10 hours, 56 minutes, 29 seconds. Time passed: 31 minutes, 1 seconds
[INFO 21:18:14] train Recent Stats | update: 173 / 3157 | t_env: 1353600 / 30000000 | stage: regular_only
train_f_c:                     0.0005  train_gini:                    0.0421  train_R_mean:                  0.3837
train_payoff_mean:             0.0284  train_pool_grown:              0.0120  train_pool:                    0.0069
loss:                          0.9730  policy_loss:                   0.3101  value_loss:                    0.6628
mean_rollout_reward:          -0.1810  entropy:                       1.2158  actor_logit_l2:               17.3342
actor_bc_loss:                 0.0000  actor_bc_coef:                 0.1935  actor_lr:                      0.0000
critic_lr:                     0.0000  replay_size:              600000.0000  replay_demo:                   0.0000
replay_collapse:               0.7387  rollout_sps:                 876.1565  rollout_collect_s:            10.9571
worker_collect_s:             10.7632  env_step_s:                    1.7659  inference_wait_s:              0.0000
infer_build_s:                 0.0000  local_forward_s:               7.3156  action_to_numpy_s:             0.0928
transition_encode_s:           0.3038  stack_transitions_s:           0.0219  shm_serialize_s:               0.0114
shm_deserialize_s:             0.0010  rollout_wait_s:                1.7430  overlap_s:                     9.2142
actor_sync_s:                  0.1174  actor_publish_s:               0.0025  actor_sync_server_s:           0.0000
actor_sync_worker_s:           0.1149  replay_extend_s:               0.0383  replay_sample_s:               0.0079
to_device_s:                   0.0021  critic_update_s:               0.4828  actor_update_s:                0.0000
target_update_s:               0.0000  learner_update_s:              9.2138  eval_s:                        0.0000
infer_batch_mean:              4.0000  infer_batch_max:               4.0000  uniform:                       0.0000
proportional:                  0.0000  constant_mix:                  0.0000  pool_power_mix:                0.0000
random_logits:                 0.0000  actor_logits:                  1.0000
[INFO 21:18:25] train t_env: 1363200 / 30000000 | update: 174 / 3157
[INFO 21:18:25] train Estimated time left: 10 hours, 55 minutes, 31 seconds. Time passed: 31 minutes, 12 seconds
[INFO 21:18:25] train Recent Stats | update: 174 / 3157 | t_env: 1363200 / 30000000 | stage: regular_only
train_f_c:                     0.0005  train_gini:                    0.0423  train_R_mean:                  0.3846
train_payoff_mean:             0.0285  train_pool_grown:              0.0122  train_pool:                    0.0070
loss:                          0.9316  policy_loss:                   0.3344  value_loss:                    0.5972
mean_rollout_reward:          -0.1817  entropy:                       1.2138  actor_logit_l2:               16.9890
actor_bc_loss:                 0.0000  actor_bc_coef:                 0.1931  actor_lr:                      0.0000
critic_lr:                     0.0000  replay_size:              600000.0000  replay_demo:                   0.0000
replay_collapse:               0.7354  rollout_sps:                 876.5915  rollout_collect_s:            10.9517
worker_collect_s:             10.7569  env_step_s:                    1.7708  inference_wait_s:              0.0000
infer_build_s:                 0.0000  local_forward_s:               7.3048  action_to_numpy_s:             0.0927
transition_encode_s:           0.3036  stack_transitions_s:           0.0218  shm_serialize_s:               0.0114
shm_deserialize_s:             0.0010  rollout_wait_s:                1.7924  overlap_s:                     9.1593
actor_sync_s:                  0.1173  actor_publish_s:               0.0025  actor_sync_server_s:           0.0000
actor_sync_worker_s:           0.1147  replay_extend_s:               0.0381  replay_sample_s:               0.0082
to_device_s:                   0.0021  critic_update_s:               0.4783  actor_update_s:                0.0000
target_update_s:               0.0000  learner_update_s:              9.1589  eval_s:                        0.0000
infer_batch_mean:              4.0000  infer_batch_max:               4.0000  uniform:                       0.0000
proportional:                  0.0000  constant_mix:                  0.0000  pool_power_mix:                0.0000
random_logits:                 0.0000  actor_logits:                  1.0000
[INFO 21:18:36] train t_env: 1372800 / 30000000 | update: 175 / 3157
[INFO 21:18:36] train Estimated time left: 10 hours, 54 minutes, 34 seconds. Time passed: 31 minutes, 23 seconds
[INFO 21:18:36] train Recent Stats | update: 175 / 3157 | t_env: 1372800 / 30000000 | stage: regular_only
train_f_c:                     0.0005  train_gini:                    0.0423  train_R_mean:                  0.3845
train_payoff_mean:             0.0285  train_pool_grown:              0.0121  train_pool:                    0.0070
loss:                          1.0128  policy_loss:                   0.3402  value_loss:                    0.6726
mean_rollout_reward:          -0.1817  entropy:                       1.2121  actor_logit_l2:               16.5970
actor_bc_loss:                 0.0000  actor_bc_coef:                 0.1927  actor_lr:                      0.0000
critic_lr:                     0.0000  replay_size:              600000.0000  replay_demo:                   0.0000
replay_collapse:               0.7324  rollout_sps:                 876.5124  rollout_collect_s:            10.9527
worker_collect_s:             10.7527  env_step_s:                    1.7680  inference_wait_s:              0.0000
infer_build_s:                 0.0000  local_forward_s:               7.3073  action_to_numpy_s:             0.0931
transition_encode_s:           0.3020  stack_transitions_s:           0.0217  shm_serialize_s:               0.0113
shm_deserialize_s:             0.0010  rollout_wait_s:                1.7866  overlap_s:                     9.1661
actor_sync_s:                  0.1154  actor_publish_s:               0.0026  actor_sync_server_s:           0.0000
actor_sync_worker_s:           0.1128  replay_extend_s:               0.0385  replay_sample_s:               0.0079
to_device_s:                   0.0021  critic_update_s:               0.4839  actor_update_s:                0.0000
target_update_s:               0.0000  learner_update_s:              9.1657  eval_s:                        0.0000
infer_batch_mean:              4.0000  infer_batch_max:               4.0000  uniform:                       0.0000
proportional:                  0.0000  constant_mix:                  0.0000  pool_power_mix:                0.0000
random_logits:                 0.0000  actor_logits:                  1.0000
[INFO 21:18:47] train t_env: 1382400 / 30000000 | update: 176 / 3157
[INFO 21:18:47] train Estimated time left: 10 hours, 53 minutes, 39 seconds. Time passed: 31 minutes, 35 seconds
[INFO 21:18:47] train Recent Stats | update: 176 / 3157 | t_env: 1382400 / 30000000 | stage: regular_only
train_f_c:                     0.0005  train_gini:                    0.0426  train_R_mean:                  0.3864
train_payoff_mean:             0.0285  train_pool_grown:              0.0120  train_pool:                    0.0069
loss:                          0.9674  policy_loss:                   0.3439  value_loss:                    0.6235
mean_rollout_reward:          -0.1830  entropy:                       1.2114  actor_logit_l2:               16.1309
actor_bc_loss:                 0.0000  actor_bc_coef:                 0.1922  actor_lr:                      0.0000
critic_lr:                     0.0000  replay_size:              600000.0000  replay_demo:                   0.0000
replay_collapse:               0.7305  rollout_sps:                 875.5870  rollout_collect_s:            10.9643
worker_collect_s:             10.7565  env_step_s:                    1.7677  inference_wait_s:              0.0000
infer_build_s:                 0.0000  local_forward_s:               7.3133  action_to_numpy_s:             0.0922
transition_encode_s:           0.3026  stack_transitions_s:           0.0217  shm_serialize_s:               0.0113
shm_deserialize_s:             0.0010  rollout_wait_s:                1.7132  overlap_s:                     9.2512
actor_sync_s:                  0.1151  actor_publish_s:               0.0027  actor_sync_server_s:           0.0000
actor_sync_worker_s:           0.1124  replay_extend_s:               0.0387  replay_sample_s:               0.0079
to_device_s:                   0.0021  critic_update_s:               0.4904  actor_update_s:                0.0000
target_update_s:               0.0000  learner_update_s:              9.2508  eval_s:                        0.0000
infer_batch_mean:              4.0000  infer_batch_max:               4.0000  uniform:                       0.0000
proportional:                  0.0000  constant_mix:                  0.0000  pool_power_mix:                0.0000
random_logits:                 0.0000  actor_logits:                  1.0000
[INFO 21:18:58] train t_env: 1392000 / 30000000 | update: 177 / 3157
[INFO 21:18:58] train Estimated time left: 10 hours, 52 minutes, 43 seconds. Time passed: 31 minutes, 46 seconds
[INFO 21:18:58] train Recent Stats | update: 177 / 3157 | t_env: 1392000 / 30000000 | stage: regular_only
train_f_c:                     0.0005  train_gini:                    0.0426  train_R_mean:                  0.3860
train_payoff_mean:             0.0284  train_pool_grown:              0.0119  train_pool:                    0.0068
loss:                          1.0041  policy_loss:                   0.3492  value_loss:                    0.6549
mean_rollout_reward:          -0.1831  entropy:                       1.2111  actor_logit_l2:               15.6294
actor_bc_loss:                 0.0000  actor_bc_coef:                 0.1918  actor_lr:                      0.0000
critic_lr:                     0.0000  replay_size:              600000.0000  replay_demo:                   0.0000
replay_collapse:               0.7281  rollout_sps:                 875.2236  rollout_collect_s:            10.9688
worker_collect_s:             10.7581  env_step_s:                    1.7684  inference_wait_s:              0.0000
infer_build_s:                 0.0000  local_forward_s:               7.3145  action_to_numpy_s:             0.0921
transition_encode_s:           0.3037  stack_transitions_s:           0.0215  shm_serialize_s:               0.0113
shm_deserialize_s:             0.0010  rollout_wait_s:                1.8198  overlap_s:                     9.1491
actor_sync_s:                  0.1157  actor_publish_s:               0.0027  actor_sync_server_s:           0.0000
actor_sync_worker_s:           0.1131  replay_extend_s:               0.0393  replay_sample_s:               0.0078
to_device_s:                   0.0021  critic_update_s:               0.4850  actor_update_s:                0.0000
target_update_s:               0.0000  learner_update_s:              9.1487  eval_s:                        0.0000
infer_batch_mean:              4.0000  infer_batch_max:               4.0000  uniform:                       0.0000
proportional:                  0.0000  constant_mix:                  0.0000  pool_power_mix:                0.0000
random_logits:                 0.0000  actor_logits:                  1.0000
[INFO 21:19:09] train t_env: 1401600 / 30000000 | update: 178 / 3157
[INFO 21:19:09] train Estimated time left: 10 hours, 51 minutes, 47 seconds. Time passed: 31 minutes, 57 seconds
[INFO 21:19:09] train Recent Stats | update: 178 / 3157 | t_env: 1401600 / 30000000 | stage: regular_only
train_f_c:                     0.0005  train_gini:                    0.0424  train_R_mean:                  0.3863
train_payoff_mean:             0.0284  train_pool_grown:              0.0117  train_pool:                    0.0067
loss:                          0.9512  policy_loss:                   0.3728  value_loss:                    0.5783
mean_rollout_reward:          -0.1824  entropy:                       1.2123  actor_logit_l2:               15.0512
actor_bc_loss:                 0.0000  actor_bc_coef:                 0.1914  actor_lr:                      0.0000
critic_lr:                     0.0000  replay_size:              600000.0000  replay_demo:                   0.0000
replay_collapse:               0.7260  rollout_sps:                 875.9260  rollout_collect_s:            10.9601
worker_collect_s:             10.7558  env_step_s:                    1.7629  inference_wait_s:              0.0000
infer_build_s:                 0.0000  local_forward_s:               7.3157  action_to_numpy_s:             0.0921
transition_encode_s:           0.3027  stack_transitions_s:           0.0217  shm_serialize_s:               0.0113
shm_deserialize_s:             0.0010  rollout_wait_s:                1.8741  overlap_s:                     9.0859
actor_sync_s:                  0.1177  actor_publish_s:               0.0028  actor_sync_server_s:           0.0000
actor_sync_worker_s:           0.1149  replay_extend_s:               0.0392  replay_sample_s:               0.0079
to_device_s:                   0.0021  critic_update_s:               0.4844  actor_update_s:                0.0000
target_update_s:               0.0000  learner_update_s:              9.0856  eval_s:                        0.0000
infer_batch_mean:              4.0000  infer_batch_max:               4.0000  uniform:                       0.0000
proportional:                  0.0000  constant_mix:                  0.0000  pool_power_mix:                0.0000
random_logits:                 0.0000  actor_logits:                  1.0000
[INFO 21:19:20] train t_env: 1411200 / 30000000 | update: 179 / 3157
[INFO 21:19:20] train Estimated time left: 10 hours, 50 minutes, 52 seconds. Time passed: 32 minutes, 8 seconds
[INFO 21:19:20] train Recent Stats | update: 179 / 3157 | t_env: 1411200 / 30000000 | stage: regular_only
train_f_c:                     0.0005  train_gini:                    0.0425  train_R_mean:                  0.3867
train_payoff_mean:             0.0285  train_pool_grown:              0.0118  train_pool:                    0.0068
loss:                          1.0425  policy_loss:                   0.3910  value_loss:                    0.6515
mean_rollout_reward:          -0.1828  entropy:                       1.2127  actor_logit_l2:               14.4899
actor_bc_loss:                 0.0000  actor_bc_coef:                 0.1910  actor_lr:                      0.0000
critic_lr:                     0.0000  replay_size:              600000.0000  replay_demo:                   0.0000
replay_collapse:               0.7234  rollout_sps:                 875.7391  rollout_collect_s:            10.9624
worker_collect_s:             10.7562  env_step_s:                    1.7692  inference_wait_s:              0.0000
infer_build_s:                 0.0000  local_forward_s:               7.3104  action_to_numpy_s:             0.0922
transition_encode_s:           0.3032  stack_transitions_s:           0.0218  shm_serialize_s:               0.0112
shm_deserialize_s:             0.0011  rollout_wait_s:                1.9892  overlap_s:                     8.9732
actor_sync_s:                  0.1181  actor_publish_s:               0.0028  actor_sync_server_s:           0.0000
actor_sync_worker_s:           0.1152  replay_extend_s:               0.0392  replay_sample_s:               0.0077
to_device_s:                   0.0022  critic_update_s:               0.4814  actor_update_s:                0.0000
target_update_s:               0.0000  learner_update_s:              8.9728  eval_s:                        0.0000
infer_batch_mean:              4.0000  infer_batch_max:               4.0000  uniform:                       0.0000
proportional:                  0.0000  constant_mix:                  0.0000  pool_power_mix:                0.0000
random_logits:                 0.0000  actor_logits:                  1.0000
[INFO 21:19:31] train t_env: 1420800 / 30000000 | update: 180 / 3157
[INFO 21:19:31] train Estimated time left: 10 hours, 50 minutes, 0 seconds. Time passed: 32 minutes, 19 seconds
[INFO 21:19:31] train Recent Stats | update: 180 / 3157 | t_env: 1420800 / 30000000 | stage: regular_only
train_f_c:                     0.0005  train_gini:                    0.0424  train_R_mean:                  0.3862
train_payoff_mean:             0.0285  train_pool_grown:              0.0119  train_pool:                    0.0068
loss:                          1.1202  policy_loss:                   0.4106  value_loss:                    0.7095
mean_rollout_reward:          -0.1823  entropy:                       1.2148  actor_logit_l2:               13.8626
actor_bc_loss:                 0.0000  actor_bc_coef:                 0.1906  actor_lr:                      0.0000
critic_lr:                     0.0000  replay_size:              600000.0000  replay_demo:                   0.0000
replay_collapse:               0.7215  rollout_sps:                 875.5180  rollout_collect_s:            10.9652
worker_collect_s:             10.7540  env_step_s:                    1.7672  inference_wait_s:              0.0000
infer_build_s:                 0.0000  local_forward_s:               7.3104  action_to_numpy_s:             0.0929
transition_encode_s:           0.3029  stack_transitions_s:           0.0218  shm_serialize_s:               0.0112
shm_deserialize_s:             0.0010  rollout_wait_s:                2.0345  overlap_s:                     8.9307
actor_sync_s:                  0.1175  actor_publish_s:               0.0029  actor_sync_server_s:           0.0000
actor_sync_worker_s:           0.1146  replay_extend_s:               0.0395  replay_sample_s:               0.0083
to_device_s:                   0.0022  critic_update_s:               0.4759  actor_update_s:                0.0000
target_update_s:               0.0000  learner_update_s:              8.9303  eval_s:                        0.0000
infer_batch_mean:              4.0000  infer_batch_max:               4.0000  uniform:                       0.0000
proportional:                  0.0000  constant_mix:                  0.0000  pool_power_mix:                0.0000
random_logits:                 0.0000  actor_logits:                  1.0000
[INFO 21:19:42] train t_env: 1430400 / 30000000 | update: 181 / 3157
[INFO 21:19:42] train Estimated time left: 10 hours, 49 minutes, 5 seconds. Time passed: 32 minutes, 30 seconds
[INFO 21:19:42] train Recent Stats | update: 181 / 3157 | t_env: 1430400 / 30000000 | stage: regular_only
train_f_c:                     0.0005  train_gini:                    0.0427  train_R_mean:                  0.3876
train_payoff_mean:             0.0288  train_pool_grown:              0.0123  train_pool:                    0.0071
loss:                          1.1690  policy_loss:                   0.4208  value_loss:                    0.7483
mean_rollout_reward:          -0.1835  entropy:                       1.2174  actor_logit_l2:               13.2238
actor_bc_loss:                 0.0000  actor_bc_coef:                 0.1901  actor_lr:                      0.0000
critic_lr:                     0.0000  replay_size:              600000.0000  replay_demo:                   0.0000
replay_collapse:               0.7193  rollout_sps:                 876.6340  rollout_collect_s:            10.9512
worker_collect_s:             10.7519  env_step_s:                    1.7696  inference_wait_s:              0.0000
infer_build_s:                 0.0000  local_forward_s:               7.3030  action_to_numpy_s:             0.0935
transition_encode_s:           0.3035  stack_transitions_s:           0.0217  shm_serialize_s:               0.0112
shm_deserialize_s:             0.0010  rollout_wait_s:                2.0428  overlap_s:                     8.9084
actor_sync_s:                  0.1177  actor_publish_s:               0.0029  actor_sync_server_s:           0.0000
actor_sync_worker_s:           0.1148  replay_extend_s:               0.0399  replay_sample_s:               0.0089
to_device_s:                   0.0023  critic_update_s:               0.4695  actor_update_s:                0.0000
target_update_s:               0.0000  learner_update_s:              8.9080  eval_s:                        0.0000
infer_batch_mean:              4.0000  infer_batch_max:               4.0000  uniform:                       0.0000
proportional:                  0.0000  constant_mix:                  0.0000  pool_power_mix:                0.0000
random_logits:                 0.0000  actor_logits:                  1.0000
