experiment_name,run_mode,run_mode_param_name,run_mode_param_value,run_mode_param_label,warmup_constant_mix_omega,warmup_pool_power_k,num_nodes,network_type,network_label,resource_consumption_mode,resource_consumption_fixed_mode,consumption_label,strategy_update_rule,r,final_actual_cooperation_mean,final_mean_resource_mean,final_mean_pool_grown_mean,final_mean_consumption_mean,final_mean_payoff_mean,final_gini_mean,return_mean,return_std
n50_ba_m2__constant_mix_omega0p5__piecewise_linear_constant__fermi__r0p25,constant_mix,warmup_constant_mix_omega,0.5,omega0p5,0.5,,50,scale_free,n50_ba_m2,piecewise_linear,constant,piecewise_linear_constant,fermi,0.25,0.0,0.0,0.0,0.0,0.0,0.0,3.360688787103804,0.69474903142755
n50_ba_m2__constant_mix_omega0p5__piecewise_linear_constant__fermi__r0p75,constant_mix,warmup_constant_mix_omega,0.5,omega0p5,0.5,,50,scale_free,n50_ba_m2,piecewise_linear,constant,piecewise_linear_constant,fermi,0.75,0.0,0.0,0.0,0.0,0.0,0.0,356.8133357781848,183.9604552958561
n50_ba_m2__constant_mix_omega0p5__piecewise_linear_constant__fermi__r1p25,constant_mix,warmup_constant_mix_omega,0.5,omega0p5,0.5,,50,scale_free,n50_ba_m2,piecewise_linear,constant,piecewise_linear_constant,fermi,1.25,0.4,172.91636363636363,97.6,10.165818181818182,10.165818181818182,0.11905475453535637,2603.5515897745136,2775.5186659548285
n50_ba_m2__constant_mix_omega0p5__piecewise_linear_constant__fermi__r1p75,constant_mix,warmup_constant_mix_omega,0.5,omega0p5,0.5,,50,scale_free,n50_ba_m2,piecewise_linear,constant,piecewise_linear_constant,fermi,1.75,0.2,86.45818181818181,48.8,5.082909090909091,5.082909090909093,0.059527377267678164,1507.6205922742106,2276.449471806455
n50_ba_m2__constant_mix_omega0p5__piecewise_linear_constant__fermi__r2p25,constant_mix,warmup_constant_mix_omega,0.5,omega0p5,0.5,,50,scale_free,n50_ba_m2,piecewise_linear,constant,piecewise_linear_constant,fermi,2.25,0.0,0.0,0.0,0.0,0.0,0.0,392.7184765399458,187.5853014319321
n50_er_k4__constant_mix_omega0p5__piecewise_linear_constant__fermi__r0p25,constant_mix,warmup_constant_mix_omega,0.5,omega0p5,0.5,,50,erdos_renyi,n50_er_k4,piecewise_linear,constant,piecewise_linear_constant,fermi,0.25,0.0,0.0,0.0,0.0,0.0,0.0,3.3562130609483787,0.6854431686094533
n50_er_k4__constant_mix_omega0p5__piecewise_linear_constant__fermi__r0p75,constant_mix,warmup_constant_mix_omega,0.5,omega0p5,0.5,,50,erdos_renyi,n50_er_k4,piecewise_linear,constant,piecewise_linear_constant,fermi,0.75,0.792,322.128,182.0,19.116,19.116000000000003,0.37338936855375676,4438.8809225024115,1887.5577224833396
n50_er_k4__constant_mix_omega0p5__piecewise_linear_constant__fermi__r1p25,constant_mix,warmup_constant_mix_omega,0.5,omega0p5,0.5,,50,erdos_renyi,n50_er_k4,piecewise_linear,constant,piecewise_linear_constant,fermi,1.25,0.9879999999999999,402.49381818181814,227.4,23.879090909090912,23.879090909090912,0.22099352431396055,5664.683966065555,20.548215772642525
n50_er_k4__constant_mix_omega0p5__piecewise_linear_constant__fermi__r1p75,constant_mix,warmup_constant_mix_omega,0.5,omega0p5,0.5,,50,erdos_renyi,n50_er_k4,piecewise_linear,constant,piecewise_linear_constant,fermi,1.75,0.9879999999999999,402.49381818181814,227.4,23.879090909090912,23.879090909090905,0.22099352431396047,5712.3816594674145,13.213424667036756
n50_er_k4__constant_mix_omega0p5__piecewise_linear_constant__fermi__r2p25,constant_mix,warmup_constant_mix_omega,0.5,omega0p5,0.5,,50,erdos_renyi,n50_er_k4,piecewise_linear,constant,piecewise_linear_constant,fermi,2.25,0.596,241.7621818181818,136.6,14.35290909090909,14.352909090909094,0.5257852127935528,3676.6470466636138,2505.1708269264604
n50_regular_d4__constant_mix_omega0p5__piecewise_linear_constant__fermi__r0p25,constant_mix,warmup_constant_mix_omega,0.5,omega0p5,0.5,,50,regular,n50_regular_d4,piecewise_linear,constant,piecewise_linear_constant,fermi,0.25,0.0,0.0,0.0,0.0,0.0,0.0,3.0916238752434824,0.36762019746701197
n50_regular_d4__constant_mix_omega0p5__piecewise_linear_constant__fermi__r0p75,constant_mix,warmup_constant_mix_omega,0.5,omega0p5,0.5,,50,regular,n50_regular_d4,piecewise_linear,constant,piecewise_linear_constant,fermi,0.75,0.4,177.2363636363636,100.0,10.381818181818184,10.381818181818177,5.0247996161964115e-17,2610.0586113348763,2671.624123389682
n50_regular_d4__constant_mix_omega0p5__piecewise_linear_constant__fermi__r1p25,constant_mix,warmup_constant_mix_omega,0.5,omega0p5,0.5,,50,regular,n50_regular_d4,piecewise_linear,constant,piecewise_linear_constant,fermi,1.25,1.0,443.090909090909,250.0,25.95454545454546,25.95454545454544,1.2578419954269445e-16,6211.443685423884,12.21962218885836
n50_regular_d4__constant_mix_omega0p5__piecewise_linear_constant__fermi__r1p75,constant_mix,warmup_constant_mix_omega,0.5,omega0p5,0.5,,50,regular,n50_regular_d4,piecewise_linear,constant,piecewise_linear_constant,fermi,1.75,1.0,443.090909090909,250.0,25.95454545454546,25.954545454545446,1.2545578126712606e-16,6256.276856806415,8.896762070137807
n50_regular_d4__constant_mix_omega0p5__piecewise_linear_constant__fermi__r2p25,constant_mix,warmup_constant_mix_omega,0.5,omega0p5,0.5,,50,regular,n50_regular_d4,piecewise_linear,constant,piecewise_linear_constant,fermi,2.25,1.0,443.090909090909,250.0,25.954545454545457,25.954545454545446,1.2315685333814735e-16,6277.244361615692,8.437727885746034
n50_ws_k4_p0p1__constant_mix_omega0p5__piecewise_linear_constant__fermi__r0p25,constant_mix,warmup_constant_mix_omega,0.5,omega0p5,0.5,,50,small_world,n50_ws_k4_p0p1,piecewise_linear,constant,piecewise_linear_constant,fermi,0.25,0.0,0.0,0.0,0.0,0.0,0.0,3.1341001123855903,0.30793163253167166
n50_ws_k4_p0p1__constant_mix_omega0p5__piecewise_linear_constant__fermi__r0p75,constant_mix,warmup_constant_mix_omega,0.5,omega0p5,0.5,,50,small_world,n50_ws_k4_p0p1,piecewise_linear,constant,piecewise_linear_constant,fermi,0.75,0.6,265.8545454545455,150.0,15.572727272727272,15.572727272727269,0.03037404912136666,3790.389185846245,2527.017828144698
n50_ws_k4_p0p1__constant_mix_omega0p5__piecewise_linear_constant__fermi__r1p25,constant_mix,warmup_constant_mix_omega,0.5,omega0p5,0.5,,50,small_world,n50_ws_k4_p0p1,piecewise_linear,constant,piecewise_linear_constant,fermi,1.25,1.0,443.0909090909092,250.0,25.95454545454545,25.95454545454545,0.050623415202277755,6210.814324051028,12.565911271124126
n50_ws_k4_p0p1__constant_mix_omega0p5__piecewise_linear_constant__fermi__r1p75,constant_mix,warmup_constant_mix_omega,0.5,omega0p5,0.5,,50,small_world,n50_ws_k4_p0p1,piecewise_linear,constant,piecewise_linear_constant,fermi,1.75,1.0,443.0909090909092,250.0,25.95454545454545,25.95454545454545,0.05062341520227774,6256.243071797861,9.415602792096092
n50_ws_k4_p0p1__constant_mix_omega0p5__piecewise_linear_constant__fermi__r2p25,constant_mix,warmup_constant_mix_omega,0.5,omega0p5,0.5,,50,small_world,n50_ws_k4_p0p1,piecewise_linear,constant,piecewise_linear_constant,fermi,2.25,1.0,443.0909090909092,250.0,25.95454545454545,25.95454545454545,0.05062341520227774,6277.353540304155,8.468833917570505
n50_ba_m2__constant_mix_omega0p5__piecewise_linear_degree_scaled__fermi__r0p25,constant_mix,warmup_constant_mix_omega,0.5,omega0p5,0.5,,50,scale_free,n50_ba_m2,piecewise_linear,degree_scaled,piecewise_linear_degree_scaled,fermi,0.25,0.0,0.0,0.0,0.0,0.0,0.0,3.910948586220253,0.7325435211853506
n50_ba_m2__constant_mix_omega0p5__piecewise_linear_degree_scaled__fermi__r0p75,constant_mix,warmup_constant_mix_omega,0.5,omega0p5,0.5,,50,scale_free,n50_ba_m2,piecewise_linear,degree_scaled,piecewise_linear_degree_scaled,fermi,0.75,0.0,0.0,0.0,0.0,0.0,0.0,313.21798945169854,169.1212103375956
n50_ba_m2__constant_mix_omega0p5__piecewise_linear_degree_scaled__fermi__r1p25,constant_mix,warmup_constant_mix_omega,0.5,omega0p5,0.5,,50,scale_free,n50_ba_m2,piecewise_linear,degree_scaled,piecewise_linear_degree_scaled,fermi,1.25,0.4,173.00363636363636,97.6,10.122181818181819,10.12218181818182,0.11438105525463685,2595.1599293508784,2774.1739814323855
n50_ba_m2__constant_mix_omega0p5__piecewise_linear_degree_scaled__fermi__r1p75,constant_mix,warmup_constant_mix_omega,0.5,omega0p5,0.5,,50,scale_free,n50_ba_m2,piecewise_linear,degree_scaled,piecewise_linear_degree_scaled,fermi,1.75,0.0,0.0,0.0,0.0,0.0,0.0,432.2952089428557,155.76488940925114
n50_ba_m2__constant_mix_omega0p5__piecewise_linear_degree_scaled__fermi__r2p25,constant_mix,warmup_constant_mix_omega,0.5,omega0p5,0.5,,50,scale_free,n50_ba_m2,piecewise_linear,degree_scaled,piecewise_linear_degree_scaled,fermi,2.25,0.0,0.0,0.0,0.0,0.0,0.0,389.85424983084295,184.31632823143556
n50_er_k4__constant_mix_omega0p5__piecewise_linear_degree_scaled__fermi__r0p25,constant_mix,warmup_constant_mix_omega,0.5,omega0p5,0.5,,50,erdos_renyi,n50_er_k4,piecewise_linear,degree_scaled,piecewise_linear_degree_scaled,fermi,0.25,0.008,0.7709158210210109,0.4,0.03454580876187138,0.034545454545454504,0.9799999999848682,13.564458095271126,11.21133779302755
n50_er_k4__constant_mix_omega0p5__piecewise_linear_degree_scaled__fermi__r0p75,constant_mix,warmup_constant_mix_omega,0.5,omega0p5,0.5,,50,erdos_renyi,n50_er_k4,piecewise_linear,degree_scaled,piecewise_linear_degree_scaled,fermi,0.75,0.596,242.2610976392028,136.6,14.127454899670965,14.127454545454546,0.5199691665195642,3442.284502317536,2379.2934627322247
n50_er_k4__constant_mix_omega0p5__piecewise_linear_degree_scaled__fermi__r1p25,constant_mix,warmup_constant_mix_omega,0.5,omega0p5,0.5,,50,erdos_renyi,n50_er_k4,piecewise_linear,degree_scaled,piecewise_linear_degree_scaled,fermi,1.25,0.9879999999999999,403.25455218465737,227.4,23.52272762694369,23.522727272727273,0.21294158707786465,5636.921098843459,17.671144226265305
n50_er_k4__constant_mix_omega0p5__piecewise_linear_degree_scaled__fermi__r1p75,constant_mix,warmup_constant_mix_omega,0.5,omega0p5,0.5,,50,erdos_renyi,n50_er_k4,piecewise_linear,degree_scaled,piecewise_linear_degree_scaled,fermi,1.75,0.792,322.75782491193,182.0,18.82509126330733,18.82509090909091,0.3659448411014693,4644.745699256229,2079.9600251788843
n50_er_k4__constant_mix_omega0p5__piecewise_linear_degree_scaled__fermi__r2p25,constant_mix,warmup_constant_mix_omega,0.5,omega0p5,0.5,,50,erdos_renyi,n50_er_k4,piecewise_linear,degree_scaled,piecewise_linear_degree_scaled,fermi,2.25,0.596,242.2610976392028,136.6,14.127454899670965,14.127454545454546,0.5209902379140541,3666.5296670762073,2485.9628576033574
n50_regular_d4__constant_mix_omega0p5__piecewise_linear_degree_scaled__fermi__r0p25,constant_mix,warmup_constant_mix_omega,0.5,omega0p5,0.5,,50,regular,n50_regular_d4,piecewise_linear,degree_scaled,piecewise_linear_degree_scaled,fermi,0.25,0.0,0.0,0.0,0.0,0.0,0.0,3.0916238752434824,0.36762019746701197
n50_regular_d4__constant_mix_omega0p5__piecewise_linear_degree_scaled__fermi__r0p75,constant_mix,warmup_constant_mix_omega,0.5,omega0p5,0.5,,50,regular,n50_regular_d4,piecewise_linear,degree_scaled,piecewise_linear_degree_scaled,fermi,0.75,0.4,177.2363636363636,100.0,10.381818181818184,10.381818181818177,5.0247996161964115e-17,2610.0586113348763,2671.624123389682
n50_regular_d4__constant_mix_omega0p5__piecewise_linear_degree_scaled__fermi__r1p25,constant_mix,warmup_constant_mix_omega,0.5,omega0p5,0.5,,50,regular,n50_regular_d4,piecewise_linear,degree_scaled,piecewise_linear_degree_scaled,fermi,1.25,1.0,443.090909090909,250.0,25.95454545454546,25.95454545454544,1.2578419954269445e-16,6211.443685423884,12.21962218885836
n50_regular_d4__constant_mix_omega0p5__piecewise_linear_degree_scaled__fermi__r1p75,constant_mix,warmup_constant_mix_omega,0.5,omega0p5,0.5,,50,regular,n50_regular_d4,piecewise_linear,degree_scaled,piecewise_linear_degree_scaled,fermi,1.75,1.0,443.090909090909,250.0,25.95454545454546,25.954545454545446,1.2545578126712606e-16,6256.276856806415,8.896762070137807
n50_regular_d4__constant_mix_omega0p5__piecewise_linear_degree_scaled__fermi__r2p25,constant_mix,warmup_constant_mix_omega,0.5,omega0p5,0.5,,50,regular,n50_regular_d4,piecewise_linear,degree_scaled,piecewise_linear_degree_scaled,fermi,2.25,1.0,443.090909090909,250.0,25.954545454545457,25.954545454545446,1.2315685333814735e-16,6277.244361615692,8.437727885746034
n50_ws_k4_p0p1__constant_mix_omega0p5__piecewise_linear_degree_scaled__fermi__r0p25,constant_mix,warmup_constant_mix_omega,0.5,omega0p5,0.5,,50,small_world,n50_ws_k4_p0p1,piecewise_linear,degree_scaled,piecewise_linear_degree_scaled,fermi,0.25,0.0,0.0,0.0,0.0,0.0,0.0,3.169528391275722,0.3065525040528204
n50_ws_k4_p0p1__constant_mix_omega0p5__piecewise_linear_degree_scaled__fermi__r0p75,constant_mix,warmup_constant_mix_omega,0.5,omega0p5,0.5,,50,small_world,n50_ws_k4_p0p1,piecewise_linear,degree_scaled,piecewise_linear_degree_scaled,fermi,0.75,0.6,265.8545454545455,150.0,15.572727272727274,15.572727272727269,0.029238412273516312,3760.6755195144506,2548.902470761831
n50_ws_k4_p0p1__constant_mix_omega0p5__piecewise_linear_degree_scaled__fermi__r1p25,constant_mix,warmup_constant_mix_omega,0.5,omega0p5,0.5,,50,small_world,n50_ws_k4_p0p1,piecewise_linear,degree_scaled,piecewise_linear_degree_scaled,fermi,1.25,1.0,443.0909090909091,250.0,25.954545454545457,25.95454545454545,0.048730687122527164,6210.792171540588,12.659226083503967
n50_ws_k4_p0p1__constant_mix_omega0p5__piecewise_linear_degree_scaled__fermi__r1p75,constant_mix,warmup_constant_mix_omega,0.5,omega0p5,0.5,,50,small_world,n50_ws_k4_p0p1,piecewise_linear,degree_scaled,piecewise_linear_degree_scaled,fermi,1.75,1.0,443.0909090909091,250.0,25.95454545454545,25.954545454545457,0.04873068712252718,6256.188036639907,9.45507904086575
n50_ws_k4_p0p1__constant_mix_omega0p5__piecewise_linear_degree_scaled__fermi__r2p25,constant_mix,warmup_constant_mix_omega,0.5,omega0p5,0.5,,50,small_world,n50_ws_k4_p0p1,piecewise_linear,degree_scaled,piecewise_linear_degree_scaled,fermi,2.25,1.0,443.0909090909091,250.0,25.954545454545457,25.954545454545457,0.04873068712252718,6277.309197694197,8.487966720188338
n50_ba_m2__constant_mix_omega0p5__piecewise_linear_constant__q_learning__r0p25,constant_mix,warmup_constant_mix_omega,0.5,omega0p5,0.5,,50,scale_free,n50_ba_m2,piecewise_linear,constant,piecewise_linear_constant,q_learning,0.25,0.0,0.0,0.0,0.0,0.0,0.0,2.7871183409511717,0.3504477517906111
n50_ba_m2__constant_mix_omega0p5__piecewise_linear_constant__q_learning__r0p75,constant_mix,warmup_constant_mix_omega,0.5,omega0p5,0.5,,50,scale_free,n50_ba_m2,piecewise_linear,constant,piecewise_linear_constant,q_learning,0.75,0.152,58.390499208069414,10.982693573795947,4.851513660691169,4.254137019473856,0.39756571483725883,1415.2925633306634,1140.7074590888205
n50_ba_m2__constant_mix_omega0p5__piecewise_linear_constant__q_learning__r1p25,constant_mix,warmup_constant_mix_omega,0.5,omega0p5,0.5,,50,scale_free,n50_ba_m2,piecewise_linear,constant,piecewise_linear_constant,q_learning,1.25,0.44799999999999995,195.6820493089587,41.074618882251094,13.538551540501993,13.30484409992221,0.5230419553782403,3449.061243836052,518.152826506422
n50_ba_m2__constant_mix_omega0p5__piecewise_linear_constant__q_learning__r1p75,constant_mix,warmup_constant_mix_omega,0.5,omega0p5,0.5,,50,scale_free,n50_ba_m2,piecewise_linear,constant,piecewise_linear_constant,q_learning,1.75,0.46399999999999997,211.69839197472464,43.300847953216376,14.378246932031118,13.831679737167297,0.506972600083535,3512.9581641781115,460.1923493600219
n50_ba_m2__constant_mix_omega0p5__piecewise_linear_constant__q_learning__r2p25,constant_mix,warmup_constant_mix_omega,0.5,omega0p5,0.5,,50,scale_free,n50_ba_m2,piecewise_linear,constant,piecewise_linear_constant,q_learning,2.25,0.472,215.59573840015793,44.6464828738513,14.571744814020544,14.045724275171787,0.5064602736956746,3511.3871449088865,461.3570106891771
n50_er_k4__constant_mix_omega0p5__piecewise_linear_constant__q_learning__r0p25,constant_mix,warmup_constant_mix_omega,0.5,omega0p5,0.5,,50,erdos_renyi,n50_er_k4,piecewise_linear,constant,piecewise_linear_constant,q_learning,0.25,0.0,0.0,0.0,0.0,0.0,0.0,3.300841415647531,0.7277017109762729
n50_er_k4__constant_mix_omega0p5__piecewise_linear_constant__q_learning__r0p75,constant_mix,warmup_constant_mix_omega,0.5,omega0p5,0.5,,50,erdos_renyi,n50_er_k4,piecewise_linear,constant,piecewise_linear_constant,q_learning,0.75,0.244,95.8034998905662,21.69209887212297,7.556335136464047,5.555782085078815,0.6118163096926192,2035.5599260261126,1034.2318042823308
n50_er_k4__constant_mix_omega0p5__piecewise_linear_constant__q_learning__r1p25,constant_mix,warmup_constant_mix_omega,0.5,omega0p5,0.5,,50,erdos_renyi,n50_er_k4,piecewise_linear,constant,piecewise_linear_constant,q_learning,1.25,0.4,183.75583356229487,39.115720552129275,13.06073784584182,10.599410119266642,0.3695325800479223,3381.892730135737,181.8675600204044
n50_er_k4__constant_mix_omega0p5__piecewise_linear_constant__q_learning__r1p75,constant_mix,warmup_constant_mix_omega,0.5,omega0p5,0.5,,50,erdos_renyi,n50_er_k4,piecewise_linear,constant,piecewise_linear_constant,q_learning,1.75,0.43200000000000005,196.494734229127,43.45408433806347,13.71367281967964,11.542865127178604,0.3753243619948854,3632.555191299651,141.3884988279494
n50_er_k4__constant_mix_omega0p5__piecewise_linear_constant__q_learning__r2p25,constant_mix,warmup_constant_mix_omega,0.5,omega0p5,0.5,,50,erdos_renyi,n50_er_k4,piecewise_linear,constant,piecewise_linear_constant,q_learning,2.25,0.43199999999999994,204.15884816114607,43.89063492063492,14.053695883324712,12.433579305810328,0.35449233066927743,3687.277232989288,176.56108174602068
n50_regular_d4__constant_mix_omega0p5__piecewise_linear_constant__q_learning__r0p25,constant_mix,warmup_constant_mix_omega,0.5,omega0p5,0.5,,50,regular,n50_regular_d4,piecewise_linear,constant,piecewise_linear_constant,q_learning,0.25,0.0,0.0,0.0,0.0,0.0,0.0,3.0716190611011553,0.6514414245013986
n50_regular_d4__constant_mix_omega0p5__piecewise_linear_constant__q_learning__r0p75,constant_mix,warmup_constant_mix_omega,0.5,omega0p5,0.5,,50,regular,n50_regular_d4,piecewise_linear,constant,piecewise_linear_constant,q_learning,0.75,0.156,62.01098166879389,13.59791632788071,5.110416269864717,5.018052795034074,0.25640394246872356,1415.9936553753253,1458.0794795772672
n50_regular_d4__constant_mix_omega0p5__piecewise_linear_constant__q_learning__r1p25,constant_mix,warmup_constant_mix_omega,0.5,omega0p5,0.5,,50,regular,n50_regular_d4,piecewise_linear,constant,piecewise_linear_constant,q_learning,1.25,0.384,243.26555429355912,45.089342800781864,16.088586670994655,13.582407544660683,0.2662207187904958,3894.312255784041,366.7946541309137
n50_regular_d4__constant_mix_omega0p5__piecewise_linear_constant__q_learning__r1p75,constant_mix,warmup_constant_mix_omega,0.5,omega0p5,0.5,,50,regular,n50_regular_d4,piecewise_linear,constant,piecewise_linear_constant,q_learning,1.75,0.42000000000000004,254.24455242448425,52.52,16.580433328989766,15.216319173678675,0.26316116538638024,4076.39631393261,369.22868822759307
n50_regular_d4__constant_mix_omega0p5__piecewise_linear_constant__q_learning__r2p25,constant_mix,warmup_constant_mix_omega,0.5,omega0p5,0.5,,50,regular,n50_regular_d4,piecewise_linear,constant,piecewise_linear_constant,q_learning,2.25,0.42400000000000004,256.70433714267693,53.52,16.705482814854122,15.300163660448586,0.2601525097446342,4117.801421109564,387.9713886704287
n50_ws_k4_p0p1__constant_mix_omega0p5__piecewise_linear_constant__q_learning__r0p25,constant_mix,warmup_constant_mix_omega,0.5,omega0p5,0.5,,50,small_world,n50_ws_k4_p0p1,piecewise_linear,constant,piecewise_linear_constant,q_learning,0.25,0.0,0.0,0.0,0.0,0.0,0.0,3.40833161413864,0.4619109396550291
n50_ws_k4_p0p1__constant_mix_omega0p5__piecewise_linear_constant__q_learning__r0p75,constant_mix,warmup_constant_mix_omega,0.5,omega0p5,0.5,,50,small_world,n50_ws_k4_p0p1,piecewise_linear,constant,piecewise_linear_constant,q_learning,0.75,0.188,96.6650200785684,20.269138583173124,7.399629879872859,6.72534937887291,0.6751127109087915,2193.4517386950665,846.8651750704639
n50_ws_k4_p0p1__constant_mix_omega0p5__piecewise_linear_constant__q_learning__r1p25,constant_mix,warmup_constant_mix_omega,0.5,omega0p5,0.5,,50,small_world,n50_ws_k4_p0p1,piecewise_linear,constant,piecewise_linear_constant,q_learning,1.25,0.356,203.0601215513735,39.722880811430954,13.854918038642007,12.799127211963295,0.34561263673791986,3684.1204897506323,548.0884206688785
n50_ws_k4_p0p1__constant_mix_omega0p5__piecewise_linear_constant__q_learning__r1p75,constant_mix,warmup_constant_mix_omega,0.5,omega0p5,0.5,,50,small_world,n50_ws_k4_p0p1,piecewise_linear,constant,piecewise_linear_constant,q_learning,1.75,0.4,225.78084847181663,46.035654246247944,15.077178087382055,14.786464811557607,0.305384714698533,3860.233783409859,413.20146471611275
n50_ws_k4_p0p1__constant_mix_omega0p5__piecewise_linear_constant__q_learning__r2p25,constant_mix,warmup_constant_mix_omega,0.5,omega0p5,0.5,,50,small_world,n50_ws_k4_p0p1,piecewise_linear,constant,piecewise_linear_constant,q_learning,2.25,0.396,220.13399194784915,44.97849756266995,14.737779724491133,15.298331377529042,0.3134281687606085,3838.2358195954985,398.1056751073827
n50_ba_m2__constant_mix_omega0p5__piecewise_linear_degree_scaled__q_learning__r0p25,constant_mix,warmup_constant_mix_omega,0.5,omega0p5,0.5,,50,scale_free,n50_ba_m2,piecewise_linear,degree_scaled,piecewise_linear_degree_scaled,q_learning,0.25,0.0,0.0,0.0,0.0,0.0,0.0,3.257589002023044,0.28707650731978296
n50_ba_m2__constant_mix_omega0p5__piecewise_linear_degree_scaled__q_learning__r0p75,constant_mix,warmup_constant_mix_omega,0.5,omega0p5,0.5,,50,scale_free,n50_ba_m2,piecewise_linear,degree_scaled,piecewise_linear_degree_scaled,q_learning,0.75,0.21999999999999997,104.76440748890548,18.19486988682538,8.013548138184493,5.383578447351199,0.41806509305880646,1927.7278529095086,1238.4753583196014
n50_ba_m2__constant_mix_omega0p5__piecewise_linear_degree_scaled__q_learning__r1p25,constant_mix,warmup_constant_mix_omega,0.5,omega0p5,0.5,,50,scale_free,n50_ba_m2,piecewise_linear,degree_scaled,piecewise_linear_degree_scaled,q_learning,1.25,0.376,197.8825956501824,39.24592064944851,13.715969430855683,10.866902695390184,0.42444458320610484,3469.4574994801637,526.5324493446183
n50_ba_m2__constant_mix_omega0p5__piecewise_linear_degree_scaled__q_learning__r1p75,constant_mix,warmup_constant_mix_omega,0.5,omega0p5,0.5,,50,scale_free,n50_ba_m2,piecewise_linear,degree_scaled,piecewise_linear_degree_scaled,q_learning,1.75,0.384,216.73240768472434,41.270431479679594,14.71839486295209,10.563596646659345,0.4239992059821656,3725.941869351929,522.6978070485764
n50_ba_m2__constant_mix_omega0p5__piecewise_linear_degree_scaled__q_learning__r2p25,constant_mix,warmup_constant_mix_omega,0.5,omega0p5,0.5,,50,scale_free,n50_ba_m2,piecewise_linear,degree_scaled,piecewise_linear_degree_scaled,q_learning,2.25,0.372,217.01093161737654,37.90310327099801,14.762099303201817,10.131044856541985,0.41838452408538523,3769.8834069860422,506.32110159927805
n50_er_k4__constant_mix_omega0p5__piecewise_linear_degree_scaled__q_learning__r0p25,constant_mix,warmup_constant_mix_omega,0.5,omega0p5,0.5,,50,erdos_renyi,n50_er_k4,piecewise_linear,degree_scaled,piecewise_linear_degree_scaled,q_learning,0.25,0.02,1.8072700763823306,1.0,0.08636334182025895,0.08636658179741047,0.9799999999989153,26.315957183941617,0.7282920614867607
n50_er_k4__constant_mix_omega0p5__piecewise_linear_degree_scaled__q_learning__r0p75,constant_mix,warmup_constant_mix_omega,0.5,omega0p5,0.5,,50,erdos_renyi,n50_er_k4,piecewise_linear,degree_scaled,piecewise_linear_degree_scaled,q_learning,0.75,0.316,114.26323012348021,28.45930413655413,8.618558682985787,7.604816547519057,0.5074549580969763,2252.290770719663,993.1801857765158
n50_er_k4__constant_mix_omega0p5__piecewise_linear_degree_scaled__q_learning__r1p25,constant_mix,warmup_constant_mix_omega,0.5,omega0p5,0.5,,50,erdos_renyi,n50_er_k4,piecewise_linear,degree_scaled,piecewise_linear_degree_scaled,q_learning,1.25,0.392,201.6005460856749,38.80819578001596,13.550469325495126,11.341628901267544,0.32938153481345356,3488.307030513787,216.21294349890138
n50_er_k4__constant_mix_omega0p5__piecewise_linear_degree_scaled__q_learning__r1p75,constant_mix,warmup_constant_mix_omega,0.5,omega0p5,0.5,,50,erdos_renyi,n50_er_k4,piecewise_linear,degree_scaled,piecewise_linear_degree_scaled,q_learning,1.75,0.42400000000000004,218.29075627154856,45.05004159760574,14.351998077429176,12.802792800394187,0.3231963544707738,3623.4929509275003,192.01728057932092
n50_er_k4__constant_mix_omega0p5__piecewise_linear_degree_scaled__q_learning__r2p25,constant_mix,warmup_constant_mix_omega,0.5,omega0p5,0.5,,50,erdos_renyi,n50_er_k4,piecewise_linear,degree_scaled,piecewise_linear_degree_scaled,q_learning,2.25,0.43600000000000005,213.5316986105509,46.73380952380953,14.116502092396834,12.518158855011075,0.3139710056851267,3661.670460580677,111.00180632092943
n50_regular_d4__constant_mix_omega0p5__piecewise_linear_degree_scaled__q_learning__r0p25,constant_mix,warmup_constant_mix_omega,0.5,omega0p5,0.5,,50,regular,n50_regular_d4,piecewise_linear,degree_scaled,piecewise_linear_degree_scaled,q_learning,0.25,0.0,0.0,0.0,0.0,0.0,0.0,3.0716190611011553,0.6514414245013986
n50_regular_d4__constant_mix_omega0p5__piecewise_linear_degree_scaled__q_learning__r0p75,constant_mix,warmup_constant_mix_omega,0.5,omega0p5,0.5,,50,regular,n50_regular_d4,piecewise_linear,degree_scaled,piecewise_linear_degree_scaled,q_learning,0.75,0.156,62.01098166879389,13.59791632788071,5.110416269864717,5.018052795034074,0.25640394246872356,1415.9936553753253,1458.0794795772672
n50_regular_d4__constant_mix_omega0p5__piecewise_linear_degree_scaled__q_learning__r1p25,constant_mix,warmup_constant_mix_omega,0.5,omega0p5,0.5,,50,regular,n50_regular_d4,piecewise_linear,degree_scaled,piecewise_linear_degree_scaled,q_learning,1.25,0.384,243.26555429355912,45.089342800781864,16.088586670994655,13.582407544660683,0.2662207187904958,3894.312255784041,366.7946541309137
n50_regular_d4__constant_mix_omega0p5__piecewise_linear_degree_scaled__q_learning__r1p75,constant_mix,warmup_constant_mix_omega,0.5,omega0p5,0.5,,50,regular,n50_regular_d4,piecewise_linear,degree_scaled,piecewise_linear_degree_scaled,q_learning,1.75,0.42000000000000004,254.24455242448425,52.52,16.580433328989766,15.216319173678675,0.26316116538638024,4076.39631393261,369.22868822759307
n50_regular_d4__constant_mix_omega0p5__piecewise_linear_degree_scaled__q_learning__r2p25,constant_mix,warmup_constant_mix_omega,0.5,omega0p5,0.5,,50,regular,n50_regular_d4,piecewise_linear,degree_scaled,piecewise_linear_degree_scaled,q_learning,2.25,0.42400000000000004,256.70433714267693,53.52,16.705482814854122,15.300163660448586,0.2601525097446342,4117.801421109564,387.9713886704287
n50_ws_k4_p0p1__constant_mix_omega0p5__piecewise_linear_degree_scaled__q_learning__r0p25,constant_mix,warmup_constant_mix_omega,0.5,omega0p5,0.5,,50,small_world,n50_ws_k4_p0p1,piecewise_linear,degree_scaled,piecewise_linear_degree_scaled,q_learning,0.25,0.0,0.0,0.0,0.0,0.0,0.0,3.4435119611659295,0.4627405832857273
n50_ws_k4_p0p1__constant_mix_omega0p5__piecewise_linear_degree_scaled__q_learning__r0p75,constant_mix,warmup_constant_mix_omega,0.5,omega0p5,0.5,,50,small_world,n50_ws_k4_p0p1,piecewise_linear,degree_scaled,piecewise_linear_degree_scaled,q_learning,0.75,0.176,93.41484083280429,19.871802644023575,6.946584843788048,5.950505003808744,0.6780313534415738,2099.725192641275,907.8568001650865
n50_ws_k4_p0p1__constant_mix_omega0p5__piecewise_linear_degree_scaled__q_learning__r1p25,constant_mix,warmup_constant_mix_omega,0.5,omega0p5,0.5,,50,small_world,n50_ws_k4_p0p1,piecewise_linear,degree_scaled,piecewise_linear_degree_scaled,q_learning,1.25,0.356,209.6132822286353,41.61788167618097,14.210920176331424,12.784247857930055,0.35313143734808494,3716.201929553491,542.7176768894819
n50_ws_k4_p0p1__constant_mix_omega0p5__piecewise_linear_degree_scaled__q_learning__r1p75,constant_mix,warmup_constant_mix_omega,0.5,omega0p5,0.5,,50,small_world,n50_ws_k4_p0p1,piecewise_linear,degree_scaled,piecewise_linear_degree_scaled,q_learning,1.75,0.392,227.01734539913096,46.16701283213314,15.13159444374308,14.845050968012481,0.3161296486226928,3902.1851655987994,419.64322142118004
n50_ws_k4_p0p1__constant_mix_omega0p5__piecewise_linear_degree_scaled__q_learning__r2p25,constant_mix,warmup_constant_mix_omega,0.5,omega0p5,0.5,,50,small_world,n50_ws_k4_p0p1,piecewise_linear,degree_scaled,piecewise_linear_degree_scaled,q_learning,2.25,0.41600000000000004,234.04879009245232,50.55904761904762,15.492923325620557,15.619246905661711,0.3131164870469171,3930.044810660642,381.34906882638205
n50_ba_m2__pool_power_mix_k15__piecewise_linear_constant__fermi__r0p25,pool_power_mix,warmup_pool_power_k,15.0,k15,,15.0,50,scale_free,n50_ba_m2,piecewise_linear,constant,piecewise_linear_constant,fermi,0.25,0.004,0.8988441154431237,0.549564267089491,0.060142205569577424,0.06014220962115269,0.19599999999991277,18.38117442670486,21.841220089765777
n50_ba_m2__pool_power_mix_k15__piecewise_linear_constant__fermi__r0p75,pool_power_mix,warmup_pool_power_k,15.0,k15,,15.0,50,scale_free,n50_ba_m2,piecewise_linear,constant,piecewise_linear_constant,fermi,0.75,0.692,225.7195175018775,127.85796735428315,14.001761061301035,12.703689129166966,0.5456279738789185,3508.1516744559985,972.2833641781469
n50_ba_m2__pool_power_mix_k15__piecewise_linear_constant__fermi__r1p25,pool_power_mix,warmup_pool_power_k,15.0,k15,,15.0,50,scale_free,n50_ba_m2,piecewise_linear,constant,piecewise_linear_constant,fermi,1.25,0.728,239.6645459344367,136.1053492706124,14.784764554837007,14.325388051951208,0.5254861947117215,3903.5088961306806,840.9945549272217
n50_ba_m2__pool_power_mix_k15__piecewise_linear_constant__fermi__r1p75,pool_power_mix,warmup_pool_power_k,15.0,k15,,15.0,50,scale_free,n50_ba_m2,piecewise_linear,constant,piecewise_linear_constant,fermi,1.75,0.728,239.0470421397171,135.95435511856564,14.732399952853253,14.693268144560978,0.5210164580018668,3904.4993953052317,857.7957578681295
n50_ba_m2__pool_power_mix_k15__piecewise_linear_constant__fermi__r2p25,pool_power_mix,warmup_pool_power_k,15.0,k15,,15.0,50,scale_free,n50_ba_m2,piecewise_linear,constant,piecewise_linear_constant,fermi,2.25,0.7200000000000001,236.81263627701668,133.73022556390976,14.602167967615665,14.592313549853866,0.5251483390406145,3871.8763220792557,882.6671139719591
n50_er_k4__pool_power_mix_k15__piecewise_linear_constant__fermi__r0p25,pool_power_mix,warmup_pool_power_k,15.0,k15,,15.0,50,erdos_renyi,n50_er_k4,piecewise_linear,constant,piecewise_linear_constant,fermi,0.25,0.0,0.0,0.0,0.0,0.0,0.0,8.399735334030625,0.6212043956568611
n50_er_k4__pool_power_mix_k15__piecewise_linear_constant__fermi__r0p75,pool_power_mix,warmup_pool_power_k,15.0,k15,,15.0,50,erdos_renyi,n50_er_k4,piecewise_linear,constant,piecewise_linear_constant,fermi,0.75,0.876,340.18240076459995,192.48857142857145,20.351368864205604,20.351373228337344,0.3499934556584843,4742.365277480093,443.8981963776464
n50_er_k4__pool_power_mix_k15__piecewise_linear_constant__fermi__r1p25,pool_power_mix,warmup_pool_power_k,15.0,k15,,15.0,50,erdos_renyi,n50_er_k4,piecewise_linear,constant,piecewise_linear_constant,fermi,1.25,0.932,365.47924310418824,206.70166666666665,21.822043855438732,21.822046373706282,0.29662599365422176,5187.647784161789,417.81804307915206
n50_er_k4__pool_power_mix_k15__piecewise_linear_constant__fermi__r1p75,pool_power_mix,warmup_pool_power_k,15.0,k15,,15.0,50,erdos_renyi,n50_er_k4,piecewise_linear,constant,piecewise_linear_constant,fermi,1.75,0.932,365.4792474022237,206.70166666666665,21.82204171956788,21.822044211541773,0.2966151900261441,5217.787751646187,420.33784668476966
n50_er_k4__pool_power_mix_k15__piecewise_linear_constant__fermi__r2p25,pool_power_mix,warmup_pool_power_k,15.0,k15,,15.0,50,erdos_renyi,n50_er_k4,piecewise_linear,constant,piecewise_linear_constant,fermi,2.25,0.932,365.47924304217486,206.70166666666665,21.822043861545147,21.82204642961335,0.296558087225402,5230.255522833193,421.00186919792316
n50_regular_d4__pool_power_mix_k15__piecewise_linear_constant__fermi__r0p25,pool_power_mix,warmup_pool_power_k,15.0,k15,,15.0,50,regular,n50_regular_d4,piecewise_linear,constant,piecewise_linear_constant,fermi,0.25,0.0,0.0,0.0,0.0,0.0,0.0,8.517008369844678,0.900924753415644
n50_regular_d4__pool_power_mix_k15__piecewise_linear_constant__fermi__r0p75,pool_power_mix,warmup_pool_power_k,15.0,k15,,15.0,50,regular,n50_regular_d4,piecewise_linear,constant,piecewise_linear_constant,fermi,0.75,0.9199999999999999,388.4344896092718,219.44,22.92275429872247,22.922756092005688,0.14375049929191672,5403.267370390931,1064.523350229943
n50_regular_d4__pool_power_mix_k15__piecewise_linear_constant__fermi__r1p25,pool_power_mix,warmup_pool_power_k,15.0,k15,,15.0,50,regular,n50_regular_d4,piecewise_linear,constant,piecewise_linear_constant,fermi,1.25,0.932,395.38115207573105,223.32,23.320948419117546,23.2778995051514,0.12716543477329362,5615.979419282756,884.3394048981135
n50_regular_d4__pool_power_mix_k15__piecewise_linear_constant__fermi__r1p75,pool_power_mix,warmup_pool_power_k,15.0,k15,,15.0,50,regular,n50_regular_d4,piecewise_linear,constant,piecewise_linear_constant,fermi,1.75,0.9280000000000002,392.9924112109963,222.0,23.184137502503283,23.18345128650045,0.12973771746040158,5631.045087019885,934.0217263785441
n50_regular_d4__pool_power_mix_k15__piecewise_linear_constant__fermi__r2p25,pool_power_mix,warmup_pool_power_k,15.0,k15,,15.0,50,regular,n50_regular_d4,piecewise_linear,constant,piecewise_linear_constant,fermi,2.25,0.9280000000000002,392.9867968748315,222.0,23.1865946509441,23.1866084742244,0.13311694560968176,5639.093678449896,958.051928152257
n50_ws_k4_p0p1__pool_power_mix_k15__piecewise_linear_constant__fermi__r0p25,pool_power_mix,warmup_pool_power_k,15.0,k15,,15.0,50,small_world,n50_ws_k4_p0p1,piecewise_linear,constant,piecewise_linear_constant,fermi,0.25,0.0,0.0,0.0,0.0,0.0,0.0,8.697536502838677,0.9294728266100095
n50_ws_k4_p0p1__pool_power_mix_k15__piecewise_linear_constant__fermi__r0p75,pool_power_mix,warmup_pool_power_k,15.0,k15,,15.0,50,small_world,n50_ws_k4_p0p1,piecewise_linear,constant,piecewise_linear_constant,fermi,0.75,0.884,371.1663605344426,209.68385496373804,21.92501664240991,21.83635194381448,0.21298563041087917,5265.9253453691,815.0010763663323
n50_ws_k4_p0p1__pool_power_mix_k15__piecewise_linear_constant__fermi__r1p25,pool_power_mix,warmup_pool_power_k,15.0,k15,,15.0,50,small_world,n50_ws_k4_p0p1,piecewise_linear,constant,piecewise_linear_constant,fermi,1.25,0.916,387.6584147722655,218.89380952380952,22.8762972277534,22.66490704760016,0.17661090156198223,5548.724688964683,745.8299183747188
n50_ws_k4_p0p1__pool_power_mix_k15__piecewise_linear_constant__fermi__r1p75,pool_power_mix,warmup_pool_power_k,15.0,k15,,15.0,50,small_world,n50_ws_k4_p0p1,piecewise_linear,constant,piecewise_linear_constant,fermi,1.75,0.916,387.5633166143086,218.89380952380952,22.865713890295243,22.770588543015222,0.17716470640495868,5579.807438446618,755.8944617417809
n50_ws_k4_p0p1__pool_power_mix_k15__piecewise_linear_constant__fermi__r2p25,pool_power_mix,warmup_pool_power_k,15.0,k15,,15.0,50,small_world,n50_ws_k4_p0p1,piecewise_linear,constant,piecewise_linear_constant,fermi,2.25,0.916,387.6813598305309,218.96380952380954,22.871561919283497,22.782697297804624,0.17641085495251269,5595.391335322664,760.0909182156507
n50_ba_m2__pool_power_mix_k15__piecewise_linear_degree_scaled__fermi__r0p25,pool_power_mix,warmup_pool_power_k,15.0,k15,,15.0,50,scale_free,n50_ba_m2,piecewise_linear,degree_scaled,piecewise_linear_degree_scaled,fermi,0.25,0.196,9.947074143669012,6.1161100590445034,0.8502272290425894,0.8487567918598253,0.8481275012452676,180.76576223955854,40.524834891734876
n50_ba_m2__pool_power_mix_k15__piecewise_linear_degree_scaled__fermi__r0p75,pool_power_mix,warmup_pool_power_k,15.0,k15,,15.0,50,scale_free,n50_ba_m2,piecewise_linear,degree_scaled,piecewise_linear_degree_scaled,fermi,0.75,0.68,144.97650794668508,82.77888696099221,9.089215140114886,8.86267896766911,0.5711238019687134,2414.9619966498185,336.55975891914466
n50_ba_m2__pool_power_mix_k15__piecewise_linear_degree_scaled__fermi__r1p25,pool_power_mix,warmup_pool_power_k,15.0,k15,,15.0,50,scale_free,n50_ba_m2,piecewise_linear,degree_scaled,piecewise_linear_degree_scaled,fermi,1.25,0.78,223.76679064247804,127.05926836321574,13.575820307372165,13.4679257765813,0.49588554409445357,3539.320825124973,1049.7322102580895
n50_ba_m2__pool_power_mix_k15__piecewise_linear_degree_scaled__fermi__r1p75,pool_power_mix,warmup_pool_power_k,15.0,k15,,15.0,50,scale_free,n50_ba_m2,piecewise_linear,degree_scaled,piecewise_linear_degree_scaled,fermi,1.75,0.784,225.74642684954443,128.1820753807596,13.685443664661904,13.608280247312834,0.4962378136270133,3557.2632425311213,1016.8313913058112
n50_ba_m2__pool_power_mix_k15__piecewise_linear_degree_scaled__fermi__r2p25,pool_power_mix,warmup_pool_power_k,15.0,k15,,15.0,50,scale_free,n50_ba_m2,piecewise_linear,degree_scaled,piecewise_linear_degree_scaled,fermi,2.25,0.776,220.506092292372,125.26273343615449,13.39162767491489,13.339746905022096,0.506253942653966,3536.614587342296,962.9404771298962
n50_er_k4__pool_power_mix_k15__piecewise_linear_degree_scaled__fermi__r0p25,pool_power_mix,warmup_pool_power_k,15.0,k15,,15.0,50,erdos_renyi,n50_er_k4,piecewise_linear,degree_scaled,piecewise_linear_degree_scaled,fermi,0.25,0.164,6.950581509532408,4.223616128694652,0.5643290931866729,0.5643287389856949,0.8757526430326609,120.88150359473426,13.945832260757108
n50_er_k4__pool_power_mix_k15__piecewise_linear_degree_scaled__fermi__r0p75,pool_power_mix,warmup_pool_power_k,15.0,k15,,15.0,50,erdos_renyi,n50_er_k4,piecewise_linear,degree_scaled,piecewise_linear_degree_scaled,fermi,0.75,0.868,301.6459608983681,170.58007936507937,17.875133115749662,17.87507180036933,0.35957528087512214,4341.244449656726,689.9426524568622
n50_er_k4__pool_power_mix_k15__piecewise_linear_degree_scaled__fermi__r1p25,pool_power_mix,warmup_pool_power_k,15.0,k15,,15.0,50,erdos_renyi,n50_er_k4,piecewise_linear,degree_scaled,piecewise_linear_degree_scaled,fermi,1.25,0.8879999999999999,320.03281905649635,180.86031746031745,18.90868178140839,18.883141167058486,0.33055067306769387,4632.551398754358,506.1185407892403
n50_er_k4__pool_power_mix_k15__piecewise_linear_degree_scaled__fermi__r1p75,pool_power_mix,warmup_pool_power_k,15.0,k15,,15.0,50,erdos_renyi,n50_er_k4,piecewise_linear,degree_scaled,piecewise_linear_degree_scaled,fermi,1.75,0.884,318.0484267516996,179.76603174603173,18.80190878577262,18.801735038919556,0.3346613235292934,4637.921780090335,518.839041339171
n50_er_k4__pool_power_mix_k15__piecewise_linear_degree_scaled__fermi__r2p25,pool_power_mix,warmup_pool_power_k,15.0,k15,,15.0,50,erdos_renyi,n50_er_k4,piecewise_linear,degree_scaled,piecewise_linear_degree_scaled,fermi,2.25,0.884,318.04780733976236,179.76603174603173,18.802149201580498,18.802114035048987,0.33522409771618555,4638.802506245757,523.9950317469056
n50_regular_d4__pool_power_mix_k15__piecewise_linear_degree_scaled__fermi__r0p25,pool_power_mix,warmup_pool_power_k,15.0,k15,,15.0,50,regular,n50_regular_d4,piecewise_linear,degree_scaled,piecewise_linear_degree_scaled,fermi,0.25,0.0,0.0,0.0,0.0,0.0,0.0,8.517008369844678,0.900924753415644
n50_regular_d4__pool_power_mix_k15__piecewise_linear_degree_scaled__fermi__r0p75,pool_power_mix,warmup_pool_power_k,15.0,k15,,15.0,50,regular,n50_regular_d4,piecewise_linear,degree_scaled,piecewise_linear_degree_scaled,fermi,0.75,0.9199999999999999,388.4344896092718,219.44,22.92275429872247,22.922756092005688,0.14375049929191672,5403.267370390931,1064.523350229943
n50_regular_d4__pool_power_mix_k15__piecewise_linear_degree_scaled__fermi__r1p25,pool_power_mix,warmup_pool_power_k,15.0,k15,,15.0,50,regular,n50_regular_d4,piecewise_linear,degree_scaled,piecewise_linear_degree_scaled,fermi,1.25,0.932,395.38115207573105,223.32,23.320948419117546,23.2778995051514,0.12716543477329362,5615.979419282756,884.3394048981135
n50_regular_d4__pool_power_mix_k15__piecewise_linear_degree_scaled__fermi__r1p75,pool_power_mix,warmup_pool_power_k,15.0,k15,,15.0,50,regular,n50_regular_d4,piecewise_linear,degree_scaled,piecewise_linear_degree_scaled,fermi,1.75,0.9280000000000002,392.9924112109963,222.0,23.184137502503283,23.18345128650045,0.12973771746040158,5631.045087019885,934.0217263785441
n50_regular_d4__pool_power_mix_k15__piecewise_linear_degree_scaled__fermi__r2p25,pool_power_mix,warmup_pool_power_k,15.0,k15,,15.0,50,regular,n50_regular_d4,piecewise_linear,degree_scaled,piecewise_linear_degree_scaled,fermi,2.25,0.9280000000000002,392.9867968748315,222.0,23.1865946509441,23.1866084742244,0.13311694560968176,5639.093678449896,958.051928152257
n50_ws_k4_p0p1__pool_power_mix_k15__piecewise_linear_degree_scaled__fermi__r0p25,pool_power_mix,warmup_pool_power_k,15.0,k15,,15.0,50,small_world,n50_ws_k4_p0p1,piecewise_linear,degree_scaled,piecewise_linear_degree_scaled,fermi,0.25,0.0,0.0,0.0,0.0,0.0,0.0,9.055544941963879,1.0259766578669347
n50_ws_k4_p0p1__pool_power_mix_k15__piecewise_linear_degree_scaled__fermi__r0p75,pool_power_mix,warmup_pool_power_k,15.0,k15,,15.0,50,small_world,n50_ws_k4_p0p1,piecewise_linear,degree_scaled,piecewise_linear_degree_scaled,fermi,0.75,0.9280000000000002,392.95400237948263,221.9604761904762,23.16747596717363,23.16747403429618,0.15620581095489988,5466.696690435812,657.8618553134626
n50_ws_k4_p0p1__pool_power_mix_k15__piecewise_linear_degree_scaled__fermi__r1p25,pool_power_mix,warmup_pool_power_k,15.0,k15,,15.0,50,small_world,n50_ws_k4_p0p1,piecewise_linear,degree_scaled,piecewise_linear_degree_scaled,fermi,1.25,0.924,391.65928871074686,221.2238095238095,23.08816827866023,23.088162058211985,0.167560460444996,5593.344507875379,609.1060468113781
n50_ws_k4_p0p1__pool_power_mix_k15__piecewise_linear_degree_scaled__fermi__r1p75,pool_power_mix,warmup_pool_power_k,15.0,k15,,15.0,50,small_world,n50_ws_k4_p0p1,piecewise_linear,degree_scaled,piecewise_linear_degree_scaled,fermi,1.75,0.924,391.6592535779058,221.2238095238095,23.088184285785573,23.0881811839277,0.16767345576291204,5622.260354968121,617.8878775713301
n50_ws_k4_p0p1__pool_power_mix_k15__piecewise_linear_degree_scaled__fermi__r2p25,pool_power_mix,warmup_pool_power_k,15.0,k15,,15.0,50,small_world,n50_ws_k4_p0p1,piecewise_linear,degree_scaled,piecewise_linear_degree_scaled,fermi,2.25,0.924,391.6592405366406,221.2238095238095,23.088190356011854,23.088188154966627,0.16772106499078468,5636.031945855011,624.3702626031613
n50_ba_m2__pool_power_mix_k15__piecewise_linear_constant__q_learning__r0p25,pool_power_mix,warmup_pool_power_k,15.0,k15,,15.0,50,scale_free,n50_ba_m2,piecewise_linear,constant,piecewise_linear_constant,q_learning,0.25,0.008,1.796611308266911,1.0986573805330226,0.12022373944229084,0.12036025886338564,0.39199999999982543,28.732565948622344,25.748825420244902
n50_ba_m2__pool_power_mix_k15__piecewise_linear_constant__q_learning__r0p75,pool_power_mix,warmup_pool_power_k,15.0,k15,,15.0,50,scale_free,n50_ba_m2,piecewise_linear,constant,piecewise_linear_constant,q_learning,0.75,0.64,185.98961719550383,105.77218337808654,11.592700642150472,15.298897012423698,0.566704190196672,3094.337912799247,623.9927595299655
n50_ba_m2__pool_power_mix_k15__piecewise_linear_constant__q_learning__r1p25,pool_power_mix,warmup_pool_power_k,15.0,k15,,15.0,50,scale_free,n50_ba_m2,piecewise_linear,constant,piecewise_linear_constant,q_learning,1.25,0.664,193.2413744925522,109.07942645074225,12.316314497969307,11.261126911960545,0.5482223559267361,3285.963841833196,602.7942055375577
n50_ba_m2__pool_power_mix_k15__piecewise_linear_constant__q_learning__r1p75,pool_power_mix,warmup_pool_power_k,15.0,k15,,15.0,50,scale_free,n50_ba_m2,piecewise_linear,constant,piecewise_linear_constant,q_learning,1.75,0.692,198.46691562037762,116.29556230319388,12.489925954055277,14.083707289744055,0.550936772926151,3309.1374160331616,611.2077390464545
n50_ba_m2__pool_power_mix_k15__piecewise_linear_constant__q_learning__r2p25,pool_power_mix,warmup_pool_power_k,15.0,k15,,15.0,50,scale_free,n50_ba_m2,piecewise_linear,constant,piecewise_linear_constant,q_learning,2.25,0.644,186.17589038717546,102.75283336546495,11.740480447230604,13.5950491117112,0.5591561826980481,3237.0944318225756,550.2746624204683
n50_er_k4__pool_power_mix_k15__piecewise_linear_constant__q_learning__r0p25,pool_power_mix,warmup_pool_power_k,15.0,k15,,15.0,50,erdos_renyi,n50_er_k4,piecewise_linear,constant,piecewise_linear_constant,q_learning,0.25,0.0,0.0,0.0,0.0,0.0,0.0,8.076759467831545,0.5335445548192924
n50_er_k4__pool_power_mix_k15__piecewise_linear_constant__q_learning__r0p75,pool_power_mix,warmup_pool_power_k,15.0,k15,,15.0,50,erdos_renyi,n50_er_k4,piecewise_linear,constant,piecewise_linear_constant,q_learning,0.75,0.8,294.4833086880922,164.10380952380953,17.73804624574677,19.94865222238447,0.39925762065732484,4202.947503180589,260.7347427830633
n50_er_k4__pool_power_mix_k15__piecewise_linear_constant__q_learning__r1p25,pool_power_mix,warmup_pool_power_k,15.0,k15,,15.0,50,erdos_renyi,n50_er_k4,piecewise_linear,constant,piecewise_linear_constant,q_learning,1.25,0.8480000000000001,317.70069737279863,173.87269841269844,19.189558366528733,19.817885831927708,0.3616153237808995,4616.246201301846,275.88240353804406
n50_er_k4__pool_power_mix_k15__piecewise_linear_constant__q_learning__r1p75,pool_power_mix,warmup_pool_power_k,15.0,k15,,15.0,50,erdos_renyi,n50_er_k4,piecewise_linear,constant,piecewise_linear_constant,q_learning,1.75,0.852,317.4413651834931,176.82309523809525,18.97125994165936,23.713704938039257,0.36364584713910475,4635.752701812255,270.9015563152131
n50_er_k4__pool_power_mix_k15__piecewise_linear_constant__q_learning__r2p25,pool_power_mix,warmup_pool_power_k,15.0,k15,,15.0,50,erdos_renyi,n50_er_k4,piecewise_linear,constant,piecewise_linear_constant,q_learning,2.25,0.8560000000000001,317.37072940348264,178.60642857142858,18.98901462400954,23.283238751547515,0.3641085645553028,4646.782037495264,268.8407024382743
n50_regular_d4__pool_power_mix_k15__piecewise_linear_constant__q_learning__r0p25,pool_power_mix,warmup_pool_power_k,15.0,k15,,15.0,50,regular,n50_regular_d4,piecewise_linear,constant,piecewise_linear_constant,q_learning,0.25,0.0,0.0,0.0,0.0,0.0,0.0,8.396873203096998,0.5572968825071847
n50_regular_d4__pool_power_mix_k15__piecewise_linear_constant__q_learning__r0p75,pool_power_mix,warmup_pool_power_k,15.0,k15,,15.0,50,regular,n50_regular_d4,piecewise_linear,constant,piecewise_linear_constant,q_learning,0.75,0.8719999999999999,349.16408384153794,196.8,20.699056964137448,23.45061407428342,0.23984161942486587,4917.4472833482705,374.10664743340953
n50_regular_d4__pool_power_mix_k15__piecewise_linear_constant__q_learning__r1p25,pool_power_mix,warmup_pool_power_k,15.0,k15,,15.0,50,regular,n50_regular_d4,piecewise_linear,constant,piecewise_linear_constant,q_learning,1.25,0.8879999999999999,367.5929930244186,202.64000000000001,21.795578553185806,23.171157037222326,0.18955818680377817,5256.3843130262685,267.9268310365864
n50_regular_d4__pool_power_mix_k15__piecewise_linear_constant__q_learning__r1p75,pool_power_mix,warmup_pool_power_k,15.0,k15,,15.0,50,regular,n50_regular_d4,piecewise_linear,constant,piecewise_linear_constant,q_learning,1.75,0.8879999999999999,368.9132438941608,202.64000000000001,21.806050718934628,24.2901481412988,0.1931590711038571,5288.566600962646,271.3334323564586
n50_regular_d4__pool_power_mix_k15__piecewise_linear_constant__q_learning__r2p25,pool_power_mix,warmup_pool_power_k,15.0,k15,,15.0,50,regular,n50_regular_d4,piecewise_linear,constant,piecewise_linear_constant,q_learning,2.25,0.8879999999999999,368.6838585228929,202.4,21.7904914126591,24.35522375570194,0.19101215545631592,5305.102549673136,274.35304065679867
n50_ws_k4_p0p1__pool_power_mix_k15__piecewise_linear_constant__q_learning__r0p25,pool_power_mix,warmup_pool_power_k,15.0,k15,,15.0,50,small_world,n50_ws_k4_p0p1,piecewise_linear,constant,piecewise_linear_constant,q_learning,0.25,0.0,0.0,0.0,0.0,0.0,0.0,8.393175661074954,0.5415427925525289
n50_ws_k4_p0p1__pool_power_mix_k15__piecewise_linear_constant__q_learning__r0p75,pool_power_mix,warmup_pool_power_k,15.0,k15,,15.0,50,small_world,n50_ws_k4_p0p1,piecewise_linear,constant,piecewise_linear_constant,q_learning,0.75,0.8200000000000001,323.40997485302154,180.63923299237052,19.21149340293575,22.28156842466696,0.30929258731129705,4732.542143430871,377.6616603480097
n50_ws_k4_p0p1__pool_power_mix_k15__piecewise_linear_constant__q_learning__r1p25,pool_power_mix,warmup_pool_power_k,15.0,k15,,15.0,50,small_world,n50_ws_k4_p0p1,piecewise_linear,constant,piecewise_linear_constant,q_learning,1.25,0.8480000000000001,345.3537953350244,190.11380952380952,20.460821267065864,22.9511713887228,0.25777069672478703,5120.689899402418,241.4797831932975
n50_ws_k4_p0p1__pool_power_mix_k15__piecewise_linear_constant__q_learning__r1p75,pool_power_mix,warmup_pool_power_k,15.0,k15,,15.0,50,small_world,n50_ws_k4_p0p1,piecewise_linear,constant,piecewise_linear_constant,q_learning,1.75,0.8560000000000001,348.5740451851574,193.0804761904762,20.72823200629865,21.710664556296894,0.25267940410554235,5161.7366377330245,250.6811955752654
n50_ws_k4_p0p1__pool_power_mix_k15__piecewise_linear_constant__q_learning__r2p25,pool_power_mix,warmup_pool_power_k,15.0,k15,,15.0,50,small_world,n50_ws_k4_p0p1,piecewise_linear,constant,piecewise_linear_constant,q_learning,2.25,0.852,348.6794503334296,191.65,20.73641798413949,21.818364106748657,0.2521905393030756,5167.801101303458,266.2829805905123
n50_ba_m2__pool_power_mix_k15__piecewise_linear_degree_scaled__q_learning__r0p25,pool_power_mix,warmup_pool_power_k,15.0,k15,,15.0,50,scale_free,n50_ba_m2,piecewise_linear,degree_scaled,piecewise_linear_degree_scaled,q_learning,0.25,0.07599999999999998,3.3635036676636787,2.0759159835665044,0.3159732927794462,0.29576503512287144,0.9347732468462743,108.5605447141132,17.52057433108203
n50_ba_m2__pool_power_mix_k15__piecewise_linear_degree_scaled__q_learning__r0p75,pool_power_mix,warmup_pool_power_k,15.0,k15,,15.0,50,scale_free,n50_ba_m2,piecewise_linear,degree_scaled,piecewise_linear_degree_scaled,q_learning,0.75,0.672,140.0899626774522,80.48714028661398,8.764886506739163,10.222983660590769,0.5613356246730974,2360.8456125323714,292.31337115281
n50_ba_m2__pool_power_mix_k15__piecewise_linear_degree_scaled__q_learning__r1p25,pool_power_mix,warmup_pool_power_k,15.0,k15,,15.0,50,scale_free,n50_ba_m2,piecewise_linear,degree_scaled,piecewise_linear_degree_scaled,q_learning,1.25,0.752,208.4267339656798,115.47573420731317,12.773760502221098,12.874806113456305,0.5224085789188756,3284.657676002406,671.917985446392
n50_ba_m2__pool_power_mix_k15__piecewise_linear_degree_scaled__q_learning__r1p75,pool_power_mix,warmup_pool_power_k,15.0,k15,,15.0,50,scale_free,n50_ba_m2,piecewise_linear,degree_scaled,piecewise_linear_degree_scaled,q_learning,1.75,0.748,207.84819809932128,118.9324063363537,12.769623440924985,12.724417545827103,0.5182112994782843,3330.291110605284,709.8321238168115
n50_ba_m2__pool_power_mix_k15__piecewise_linear_degree_scaled__q_learning__r2p25,pool_power_mix,warmup_pool_power_k,15.0,k15,,15.0,50,scale_free,n50_ba_m2,piecewise_linear,degree_scaled,piecewise_linear_degree_scaled,q_learning,2.25,0.764,214.90721137865825,121.29876325428957,13.082268882400603,14.412980396348157,0.5041977078198027,3340.6370982341114,724.9429401629565
n50_er_k4__pool_power_mix_k15__piecewise_linear_degree_scaled__q_learning__r0p25,pool_power_mix,warmup_pool_power_k,15.0,k15,,15.0,50,erdos_renyi,n50_er_k4,piecewise_linear,degree_scaled,piecewise_linear_degree_scaled,q_learning,0.25,0.132,5.943754936438842,3.3880146977793673,0.44660052060253663,0.43434504499065385,0.901991279569979,103.76004669404286,12.63272582516093
n50_er_k4__pool_power_mix_k15__piecewise_linear_degree_scaled__q_learning__r0p75,pool_power_mix,warmup_pool_power_k,15.0,k15,,15.0,50,erdos_renyi,n50_er_k4,piecewise_linear,degree_scaled,piecewise_linear_degree_scaled,q_learning,0.75,0.836,272.62086002522346,155.43321073690046,16.177521899370166,19.06776146619289,0.38467950532709416,3937.7869203733644,448.9848658036784
n50_er_k4__pool_power_mix_k15__piecewise_linear_degree_scaled__q_learning__r1p25,pool_power_mix,warmup_pool_power_k,15.0,k15,,15.0,50,erdos_renyi,n50_er_k4,piecewise_linear,degree_scaled,piecewise_linear_degree_scaled,q_learning,1.25,0.852,295.48889098097635,165.7890476190476,17.547787741329177,18.75666300853747,0.3579744903430059,4254.273593844171,522.86209325651
n50_er_k4__pool_power_mix_k15__piecewise_linear_degree_scaled__q_learning__r1p75,pool_power_mix,warmup_pool_power_k,15.0,k15,,15.0,50,erdos_renyi,n50_er_k4,piecewise_linear,degree_scaled,piecewise_linear_degree_scaled,q_learning,1.75,0.8480000000000001,286.8840251372927,164.16309523809522,16.996697589910557,19.600075586978143,0.366791816322236,4241.848448067411,518.0040753722665
n50_er_k4__pool_power_mix_k15__piecewise_linear_degree_scaled__q_learning__r2p25,pool_power_mix,warmup_pool_power_k,15.0,k15,,15.0,50,erdos_renyi,n50_er_k4,piecewise_linear,degree_scaled,piecewise_linear_degree_scaled,q_learning,2.25,0.808,281.1077457636051,150.73468253968252,16.691885664756875,18.929051511055995,0.3868809093451558,4136.159455630643,486.5716068303277
n50_regular_d4__pool_power_mix_k15__piecewise_linear_degree_scaled__q_learning__r0p25,pool_power_mix,warmup_pool_power_k,15.0,k15,,15.0,50,regular,n50_regular_d4,piecewise_linear,degree_scaled,piecewise_linear_degree_scaled,q_learning,0.25,0.0,0.0,0.0,0.0,0.0,0.0,8.396873203096998,0.5572968825071847
n50_regular_d4__pool_power_mix_k15__piecewise_linear_degree_scaled__q_learning__r0p75,pool_power_mix,warmup_pool_power_k,15.0,k15,,15.0,50,regular,n50_regular_d4,piecewise_linear,degree_scaled,piecewise_linear_degree_scaled,q_learning,0.75,0.8719999999999999,349.16408384153794,196.8,20.699056964137448,23.45061407428342,0.23984161942486587,4917.4472833482705,374.10664743340953
n50_regular_d4__pool_power_mix_k15__piecewise_linear_degree_scaled__q_learning__r1p25,pool_power_mix,warmup_pool_power_k,15.0,k15,,15.0,50,regular,n50_regular_d4,piecewise_linear,degree_scaled,piecewise_linear_degree_scaled,q_learning,1.25,0.8879999999999999,367.5929930244186,202.64000000000001,21.795578553185806,23.171157037222326,0.18955818680377817,5256.3843130262685,267.9268310365864
n50_regular_d4__pool_power_mix_k15__piecewise_linear_degree_scaled__q_learning__r1p75,pool_power_mix,warmup_pool_power_k,15.0,k15,,15.0,50,regular,n50_regular_d4,piecewise_linear,degree_scaled,piecewise_linear_degree_scaled,q_learning,1.75,0.8879999999999999,368.9132438941608,202.64000000000001,21.806050718934628,24.2901481412988,0.1931590711038571,5288.566600962646,271.3334323564586
n50_regular_d4__pool_power_mix_k15__piecewise_linear_degree_scaled__q_learning__r2p25,pool_power_mix,warmup_pool_power_k,15.0,k15,,15.0,50,regular,n50_regular_d4,piecewise_linear,degree_scaled,piecewise_linear_degree_scaled,q_learning,2.25,0.8879999999999999,368.6838585228929,202.4,21.7904914126591,24.35522375570194,0.19101215545631592,5305.102549673136,274.35304065679867
n50_ws_k4_p0p1__pool_power_mix_k15__piecewise_linear_degree_scaled__q_learning__r0p25,pool_power_mix,warmup_pool_power_k,15.0,k15,,15.0,50,small_world,n50_ws_k4_p0p1,piecewise_linear,degree_scaled,piecewise_linear_degree_scaled,q_learning,0.25,0.0,0.0,0.0,0.0,0.0,0.0,8.77158834170882,0.614768008670092
n50_ws_k4_p0p1__pool_power_mix_k15__piecewise_linear_degree_scaled__q_learning__r0p75,pool_power_mix,warmup_pool_power_k,15.0,k15,,15.0,50,small_world,n50_ws_k4_p0p1,piecewise_linear,degree_scaled,piecewise_linear_degree_scaled,q_learning,0.75,0.8039999999999999,313.8359018304726,171.9457142857143,18.660362545578398,21.93228510740115,0.32440571660865636,4640.668687587458,242.0113720944259
n50_ws_k4_p0p1__pool_power_mix_k15__piecewise_linear_degree_scaled__q_learning__r1p25,pool_power_mix,warmup_pool_power_k,15.0,k15,,15.0,50,small_world,n50_ws_k4_p0p1,piecewise_linear,degree_scaled,piecewise_linear_degree_scaled,q_learning,1.25,0.844,340.09087488201874,185.29190476190473,20.18395475411352,22.555524589141196,0.2638341224704446,5008.2871875331675,313.7336331481957
n50_ws_k4_p0p1__pool_power_mix_k15__piecewise_linear_degree_scaled__q_learning__r1p75,pool_power_mix,warmup_pool_power_k,15.0,k15,,15.0,50,small_world,n50_ws_k4_p0p1,piecewise_linear,degree_scaled,piecewise_linear_degree_scaled,q_learning,1.75,0.8560000000000001,343.72953119500244,189.14380952380952,20.402705309284332,22.81205759686315,0.25523241094346905,5075.847277654797,285.20892978043236
n50_ws_k4_p0p1__pool_power_mix_k15__piecewise_linear_degree_scaled__q_learning__r2p25,pool_power_mix,warmup_pool_power_k,15.0,k15,,15.0,50,small_world,n50_ws_k4_p0p1,piecewise_linear,degree_scaled,piecewise_linear_degree_scaled,q_learning,2.25,0.844,338.5968425779354,186.3519047619048,20.18722512191955,21.2287973226881,0.2688638732354059,5046.638148555836,303.6321145644628
n50_ba_m2__pool_power_mix_k17__piecewise_linear_constant__fermi__r0p25,pool_power_mix,warmup_pool_power_k,17.0,k17,,17.0,50,scale_free,n50_ba_m2,piecewise_linear,constant,piecewise_linear_constant,fermi,0.25,0.004,0.8988441154431237,0.549564267089491,0.060142205569577424,0.06014220962115269,0.19599999999991277,18.38117442670486,21.841220089765777
n50_ba_m2__pool_power_mix_k17__piecewise_linear_constant__fermi__r0p75,pool_power_mix,warmup_pool_power_k,17.0,k17,,17.0,50,scale_free,n50_ba_m2,piecewise_linear,constant,piecewise_linear_constant,fermi,0.75,0.6679999999999999,215.16999744152372,122.10095109568792,13.343797843597148,12.484106906255036,0.563275201819474,3452.276555714212,960.1293335467384
n50_ba_m2__pool_power_mix_k17__piecewise_linear_constant__fermi__r1p25,pool_power_mix,warmup_pool_power_k,17.0,k17,,17.0,50,scale_free,n50_ba_m2,piecewise_linear,constant,piecewise_linear_constant,fermi,1.25,0.6960000000000001,227.23049443068786,129.29252715121137,14.011344417040458,14.011215454694405,0.5398864325367807,3807.9815705194765,858.6614980440469
n50_ba_m2__pool_power_mix_k17__piecewise_linear_constant__fermi__r1p75,pool_power_mix,warmup_pool_power_k,17.0,k17,,17.0,50,scale_free,n50_ba_m2,piecewise_linear,constant,piecewise_linear_constant,fermi,1.75,0.716,233.6670877969485,132.93775046590835,14.408232155406509,14.408180979461756,0.5416885526290711,3825.4860005765995,869.2462615461861
n50_ba_m2__pool_power_mix_k17__piecewise_linear_constant__fermi__r2p25,pool_power_mix,warmup_pool_power_k,17.0,k17,,17.0,50,scale_free,n50_ba_m2,piecewise_linear,constant,piecewise_linear_constant,fermi,2.25,0.7,226.98340273372463,129.10482873851294,14.0203361754941,13.873918567807149,0.5516800536450711,3773.878238593369,912.2681365758966
n50_er_k4__pool_power_mix_k17__piecewise_linear_constant__fermi__r0p25,pool_power_mix,warmup_pool_power_k,17.0,k17,,17.0,50,erdos_renyi,n50_er_k4,piecewise_linear,constant,piecewise_linear_constant,fermi,0.25,0.0,0.0,0.0,0.0,0.0,0.0,8.399735334030625,0.6212043956568611
n50_er_k4__pool_power_mix_k17__piecewise_linear_constant__fermi__r0p75,pool_power_mix,warmup_pool_power_k,17.0,k17,,17.0,50,erdos_renyi,n50_er_k4,piecewise_linear,constant,piecewise_linear_constant,fermi,0.75,0.868,337.4728780568541,190.9504761904762,20.18003359901118,20.180040725087128,0.3564529379485502,4724.453457815309,442.1496634259641
n50_er_k4__pool_power_mix_k17__piecewise_linear_constant__fermi__r1p25,pool_power_mix,warmup_pool_power_k,17.0,k17,,17.0,50,erdos_renyi,n50_er_k4,piecewise_linear,constant,piecewise_linear_constant,fermi,1.25,0.932,365.48584664183693,206.70166666666665,21.81874158034454,21.818745111151877,0.30215875569785877,5182.999421671989,417.11369304717107
n50_er_k4__pool_power_mix_k17__piecewise_linear_constant__fermi__r1p75,pool_power_mix,warmup_pool_power_k,17.0,k17,,17.0,50,erdos_renyi,n50_er_k4,piecewise_linear,constant,piecewise_linear_constant,fermi,1.75,0.9199999999999999,360.1311447950161,203.68833333333333,21.504761025549847,21.504760846100744,0.31000913742717556,5181.552092680788,437.66452792172583
n50_er_k4__pool_power_mix_k17__piecewise_linear_constant__fermi__r2p25,pool_power_mix,warmup_pool_power_k,17.0,k17,,17.0,50,erdos_renyi,n50_er_k4,piecewise_linear,constant,piecewise_linear_constant,fermi,2.25,0.916,358.0520368282581,202.52166666666668,21.385647910812644,21.385648594262566,0.317622375321093,5166.782280219175,423.91154559904714
n50_regular_d4__pool_power_mix_k17__piecewise_linear_constant__fermi__r0p25,pool_power_mix,warmup_pool_power_k,17.0,k17,,17.0,50,regular,n50_regular_d4,piecewise_linear,constant,piecewise_linear_constant,fermi,0.25,0.0,0.0,0.0,0.0,0.0,0.0,8.517008369844678,0.900924753415644
n50_regular_d4__pool_power_mix_k17__piecewise_linear_constant__fermi__r0p75,pool_power_mix,warmup_pool_power_k,17.0,k17,,17.0,50,regular,n50_regular_d4,piecewise_linear,constant,piecewise_linear_constant,fermi,0.75,0.9120000000000001,383.13910162544755,216.48000000000002,22.630367974867628,22.63053039968485,0.15638520161287134,5339.771444936197,1106.3079892934538
n50_regular_d4__pool_power_mix_k17__piecewise_linear_constant__fermi__r1p25,pool_power_mix,warmup_pool_power_k,17.0,k17,,17.0,50,regular,n50_regular_d4,piecewise_linear,constant,piecewise_linear_constant,fermi,1.25,0.924,393.14539474814785,220.92,23.18719495184079,23.18741030001134,0.13487147966204338,5603.880986529827,908.145647194285
n50_regular_d4__pool_power_mix_k17__piecewise_linear_constant__fermi__r1p75,pool_power_mix,warmup_pool_power_k,17.0,k17,,17.0,50,regular,n50_regular_d4,piecewise_linear,constant,piecewise_linear_constant,fermi,1.75,0.9280000000000002,392.9904572519043,222.0,23.184745169402962,23.18479757869276,0.13648960930407314,5623.536690975277,948.6988503892494
n50_regular_d4__pool_power_mix_k17__piecewise_linear_constant__fermi__r2p25,pool_power_mix,warmup_pool_power_k,17.0,k17,,17.0,50,regular,n50_regular_d4,piecewise_linear,constant,piecewise_linear_constant,fermi,2.25,0.932,394.7750659577818,223.0,23.282468531402806,23.282465510815342,0.13406278230866847,5630.076931178508,975.72989732524
n50_ws_k4_p0p1__pool_power_mix_k17__piecewise_linear_constant__fermi__r0p25,pool_power_mix,warmup_pool_power_k,17.0,k17,,17.0,50,small_world,n50_ws_k4_p0p1,piecewise_linear,constant,piecewise_linear_constant,fermi,0.25,0.0,0.0,0.0,0.0,0.0,0.0,8.697536502838677,0.9294728266100095
n50_ws_k4_p0p1__pool_power_mix_k17__piecewise_linear_constant__fermi__r0p75,pool_power_mix,warmup_pool_power_k,17.0,k17,,17.0,50,small_world,n50_ws_k4_p0p1,piecewise_linear,constant,piecewise_linear_constant,fermi,0.75,0.884,371.0985839938839,209.6847619047619,21.91547782694591,21.915461988694,0.2193916596294967,5224.3628077336525,827.7687138361442
n50_ws_k4_p0p1__pool_power_mix_k17__piecewise_linear_constant__fermi__r1p25,pool_power_mix,warmup_pool_power_k,17.0,k17,,17.0,50,small_world,n50_ws_k4_p0p1,piecewise_linear,constant,piecewise_linear_constant,fermi,1.25,0.9079999999999998,383.53054743732395,216.57380952380953,22.63856832926866,22.426503281026474,0.18785226070660493,5524.662043810793,758.8613561712366
n50_ws_k4_p0p1__pool_power_mix_k17__piecewise_linear_constant__fermi__r1p75,pool_power_mix,warmup_pool_power_k,17.0,k17,,17.0,50,small_world,n50_ws_k4_p0p1,piecewise_linear,constant,piecewise_linear_constant,fermi,1.75,0.9079999999999998,383.74181398935787,216.57380952380953,22.66211445569244,22.19169060256879,0.18776880066017676,5543.322850134146,775.3486979285532
n50_ws_k4_p0p1__pool_power_mix_k17__piecewise_linear_constant__fermi__r2p25,pool_power_mix,warmup_pool_power_k,17.0,k17,,17.0,50,small_world,n50_ws_k4_p0p1,piecewise_linear,constant,piecewise_linear_constant,fermi,2.25,0.9120000000000001,385.27490968809013,217.6538095238095,22.730357780240546,22.730351579288413,0.18583929530113358,5556.321086712871,782.3684003946476
n50_ba_m2__pool_power_mix_k17__piecewise_linear_degree_scaled__fermi__r0p25,pool_power_mix,warmup_pool_power_k,17.0,k17,,17.0,50,scale_free,n50_ba_m2,piecewise_linear,degree_scaled,piecewise_linear_degree_scaled,fermi,0.25,0.196,9.947074143669013,6.116110059044504,0.850227229042589,0.8487567918598249,0.8481275012452677,180.76576223955848,40.524834891734876
n50_ba_m2__pool_power_mix_k17__piecewise_linear_degree_scaled__fermi__r0p75,pool_power_mix,warmup_pool_power_k,17.0,k17,,17.0,50,scale_free,n50_ba_m2,piecewise_linear,degree_scaled,piecewise_linear_degree_scaled,fermi,0.75,0.656,138.12066772044005,78.09406239958871,8.740953353502425,7.804904946327182,0.5739570079264108,2379.1308394253856,350.06611952430933
n50_ba_m2__pool_power_mix_k17__piecewise_linear_degree_scaled__fermi__r1p25,pool_power_mix,warmup_pool_power_k,17.0,k17,,17.0,50,scale_free,n50_ba_m2,piecewise_linear,degree_scaled,piecewise_linear_degree_scaled,fermi,1.25,0.776,222.38897078365562,126.3259350298824,13.489612447400145,13.477286828709026,0.4969552964460555,3491.9973857596547,1033.0116996676059
n50_ba_m2__pool_power_mix_k17__piecewise_linear_degree_scaled__fermi__r1p75,pool_power_mix,warmup_pool_power_k,17.0,k17,,17.0,50,scale_free,n50_ba_m2,piecewise_linear,degree_scaled,piecewise_linear_degree_scaled,fermi,1.75,0.772,216.85639235976652,123.2302593021014,13.179917690944132,13.164208553492168,0.5143362621804066,3484.6568883212944,965.3614470004247
n50_ba_m2__pool_power_mix_k17__piecewise_linear_degree_scaled__fermi__r2p25,pool_power_mix,warmup_pool_power_k,17.0,k17,,17.0,50,scale_free,n50_ba_m2,piecewise_linear,degree_scaled,piecewise_linear_degree_scaled,fermi,2.25,0.768,215.59453135219218,122.5362422080843,13.112990584344463,13.112962479631955,0.5186163566926325,3436.0622497318996,929.0212705627624
n50_er_k4__pool_power_mix_k17__piecewise_linear_degree_scaled__fermi__r0p25,pool_power_mix,warmup_pool_power_k,17.0,k17,,17.0,50,erdos_renyi,n50_er_k4,piecewise_linear,degree_scaled,piecewise_linear_degree_scaled,fermi,0.25,0.164,6.950581509532432,4.223616128694661,0.5643290931866705,0.5643287389856926,0.8757526430326614,120.88150359427323,13.94583226067959
n50_er_k4__pool_power_mix_k17__piecewise_linear_degree_scaled__fermi__r0p75,pool_power_mix,warmup_pool_power_k,17.0,k17,,17.0,50,erdos_renyi,n50_er_k4,piecewise_linear,degree_scaled,piecewise_linear_degree_scaled,fermi,0.75,0.8559999999999999,296.16218294131346,167.49015873015873,17.553128206948784,17.553013396383548,0.3722584805038755,4289.1867970188905,711.1228983951286
n50_er_k4__pool_power_mix_k17__piecewise_linear_degree_scaled__fermi__r1p25,pool_power_mix,warmup_pool_power_k,17.0,k17,,17.0,50,erdos_renyi,n50_er_k4,piecewise_linear,degree_scaled,piecewise_linear_degree_scaled,fermi,1.25,0.884,316.79533485213574,178.86746031746029,18.73234289406222,18.33924997305101,0.34164161733197973,4621.837957243729,515.5739392632112
n50_er_k4__pool_power_mix_k17__piecewise_linear_degree_scaled__fermi__r1p75,pool_power_mix,warmup_pool_power_k,17.0,k17,,17.0,50,erdos_renyi,n50_er_k4,piecewise_linear,degree_scaled,piecewise_linear_degree_scaled,fermi,1.75,0.8799999999999999,316.5889212858451,178.9438095238095,18.71536305043649,18.715341795665807,0.3439037156495963,4612.690286658004,554.5976484319906
n50_er_k4__pool_power_mix_k17__piecewise_linear_degree_scaled__fermi__r2p25,pool_power_mix,warmup_pool_power_k,17.0,k17,,17.0,50,erdos_renyi,n50_er_k4,piecewise_linear,degree_scaled,piecewise_linear_degree_scaled,fermi,2.25,0.8799999999999999,316.5892018740408,178.9438095238095,18.7152030322689,18.715221225637702,0.3443292614469242,4613.311097733271,562.763584596868
n50_regular_d4__pool_power_mix_k17__piecewise_linear_degree_scaled__fermi__r0p25,pool_power_mix,warmup_pool_power_k,17.0,k17,,17.0,50,regular,n50_regular_d4,piecewise_linear,degree_scaled,piecewise_linear_degree_scaled,fermi,0.25,0.0,0.0,0.0,0.0,0.0,0.0,8.517008369844678,0.900924753415644
n50_regular_d4__pool_power_mix_k17__piecewise_linear_degree_scaled__fermi__r0p75,pool_power_mix,warmup_pool_power_k,17.0,k17,,17.0,50,regular,n50_regular_d4,piecewise_linear,degree_scaled,piecewise_linear_degree_scaled,fermi,0.75,0.9120000000000001,383.13910162544755,216.48000000000002,22.630367974867628,22.63053039968485,0.15638520161287134,5339.771444936197,1106.3079892934538
n50_regular_d4__pool_power_mix_k17__piecewise_linear_degree_scaled__fermi__r1p25,pool_power_mix,warmup_pool_power_k,17.0,k17,,17.0,50,regular,n50_regular_d4,piecewise_linear,degree_scaled,piecewise_linear_degree_scaled,fermi,1.25,0.924,393.14539474814785,220.92,23.18719495184079,23.18741030001134,0.13487147966204338,5603.880986529827,908.145647194285
n50_regular_d4__pool_power_mix_k17__piecewise_linear_degree_scaled__fermi__r1p75,pool_power_mix,warmup_pool_power_k,17.0,k17,,17.0,50,regular,n50_regular_d4,piecewise_linear,degree_scaled,piecewise_linear_degree_scaled,fermi,1.75,0.9280000000000002,392.9904572519043,222.0,23.184745169402962,23.18479757869276,0.13648960930407314,5623.536690975277,948.6988503892494
n50_regular_d4__pool_power_mix_k17__piecewise_linear_degree_scaled__fermi__r2p25,pool_power_mix,warmup_pool_power_k,17.0,k17,,17.0,50,regular,n50_regular_d4,piecewise_linear,degree_scaled,piecewise_linear_degree_scaled,fermi,2.25,0.932,394.7750659577818,223.0,23.282468531402806,23.282465510815342,0.13406278230866847,5630.076931178508,975.72989732524
n50_ws_k4_p0p1__pool_power_mix_k17__piecewise_linear_degree_scaled__fermi__r0p25,pool_power_mix,warmup_pool_power_k,17.0,k17,,17.0,50,small_world,n50_ws_k4_p0p1,piecewise_linear,degree_scaled,piecewise_linear_degree_scaled,fermi,0.25,0.0,0.0,0.0,0.0,0.0,0.0,9.055544941963879,1.0259766578669347
n50_ws_k4_p0p1__pool_power_mix_k17__piecewise_linear_degree_scaled__fermi__r0p75,pool_power_mix,warmup_pool_power_k,17.0,k17,,17.0,50,small_world,n50_ws_k4_p0p1,piecewise_linear,degree_scaled,piecewise_linear_degree_scaled,fermi,0.75,0.9199999999999999,388.3984903442036,219.4038095238095,22.908564367865566,22.90856433554994,0.16849373081970773,5403.574784499235,671.5322244704186
n50_ws_k4_p0p1__pool_power_mix_k17__piecewise_linear_degree_scaled__fermi__r1p25,pool_power_mix,warmup_pool_power_k,17.0,k17,,17.0,50,small_world,n50_ws_k4_p0p1,piecewise_linear,degree_scaled,piecewise_linear_degree_scaled,fermi,1.25,0.924,391.6613492776179,221.2238095238095,23.087135241268456,23.087134528732708,0.17019729805934136,5589.565962665038,615.8400804092132
n50_ws_k4_p0p1__pool_power_mix_k17__piecewise_linear_degree_scaled__fermi__r1p75,pool_power_mix,warmup_pool_power_k,17.0,k17,,17.0,50,small_world,n50_ws_k4_p0p1,piecewise_linear,degree_scaled,piecewise_linear_degree_scaled,fermi,1.75,0.924,391.66133630574996,221.2238095238095,23.08714152340608,23.08714121846304,0.17173646715982785,5619.083619293544,624.4515147419925
n50_ws_k4_p0p1__pool_power_mix_k17__piecewise_linear_degree_scaled__fermi__r2p25,pool_power_mix,warmup_pool_power_k,17.0,k17,,17.0,50,small_world,n50_ws_k4_p0p1,piecewise_linear,degree_scaled,piecewise_linear_degree_scaled,fermi,2.25,0.916,387.08022936309993,218.6538095238095,22.827694892128914,22.827694792390254,0.18101366302911925,5604.606697182897,643.6866846516823
n50_ba_m2__pool_power_mix_k17__piecewise_linear_constant__q_learning__r0p25,pool_power_mix,warmup_pool_power_k,17.0,k17,,17.0,50,scale_free,n50_ba_m2,piecewise_linear,constant,piecewise_linear_constant,q_learning,0.25,0.008,1.796611308266911,1.0986573805330226,0.12022373944229084,0.12036025886338564,0.39199999999982543,28.732565948622344,25.748825420244902
n50_ba_m2__pool_power_mix_k17__piecewise_linear_constant__q_learning__r0p75,pool_power_mix,warmup_pool_power_k,17.0,k17,,17.0,50,scale_free,n50_ba_m2,piecewise_linear,constant,piecewise_linear_constant,q_learning,0.75,0.6199999999999999,180.4509258545671,100.67068677117709,11.400487071082015,12.79122047795131,0.5693931985007457,3057.7932858947543,585.1765520907264
n50_ba_m2__pool_power_mix_k17__piecewise_linear_constant__q_learning__r1p25,pool_power_mix,warmup_pool_power_k,17.0,k17,,17.0,50,scale_free,n50_ba_m2,piecewise_linear,constant,piecewise_linear_constant,q_learning,1.25,0.656,186.94572236497177,108.8326858813701,11.846573340241598,12.635059793742466,0.548510803131597,3256.958947476008,571.6632771526287
n50_ba_m2__pool_power_mix_k17__piecewise_linear_constant__q_learning__r1p75,pool_power_mix,warmup_pool_power_k,17.0,k17,,17.0,50,scale_free,n50_ba_m2,piecewise_linear,constant,piecewise_linear_constant,q_learning,1.75,0.6679999999999999,192.73107493007313,108.29556037529724,12.17495179519887,13.402971425937375,0.5622031276260971,3304.6173452207104,624.1398719495508
n50_ba_m2__pool_power_mix_k17__piecewise_linear_constant__q_learning__r2p25,pool_power_mix,warmup_pool_power_k,17.0,k17,,17.0,50,scale_free,n50_ba_m2,piecewise_linear,constant,piecewise_linear_constant,q_learning,2.25,0.652,188.71927448565836,104.76462598804706,11.921494601945543,13.289999863542864,0.5650054635664208,3224.872627570921,539.6454943014419
n50_er_k4__pool_power_mix_k17__piecewise_linear_constant__q_learning__r0p25,pool_power_mix,warmup_pool_power_k,17.0,k17,,17.0,50,erdos_renyi,n50_er_k4,piecewise_linear,constant,piecewise_linear_constant,q_learning,0.25,0.0,0.0,0.0,0.0,0.0,0.0,8.076759467831545,0.5335445548192924
n50_er_k4__pool_power_mix_k17__piecewise_linear_constant__q_learning__r0p75,pool_power_mix,warmup_pool_power_k,17.0,k17,,17.0,50,erdos_renyi,n50_er_k4,piecewise_linear,constant,piecewise_linear_constant,q_learning,0.75,0.796,287.4292476727968,163.09055555555557,17.37160995414304,18.850104722121085,0.41508706672410656,4147.584951955699,282.2857099384035
n50_er_k4__pool_power_mix_k17__piecewise_linear_constant__q_learning__r1p25,pool_power_mix,warmup_pool_power_k,17.0,k17,,17.0,50,erdos_renyi,n50_er_k4,piecewise_linear,constant,piecewise_linear_constant,q_learning,1.25,0.8400000000000001,314.92244951841116,174.22976190476192,18.95927226131838,20.440184846834065,0.3778297663154463,4590.283546882941,279.79260256903433
n50_er_k4__pool_power_mix_k17__piecewise_linear_constant__q_learning__r1p75,pool_power_mix,warmup_pool_power_k,17.0,k17,,17.0,50,erdos_renyi,n50_er_k4,piecewise_linear,constant,piecewise_linear_constant,q_learning,1.75,0.852,311.1386924809243,177.52928571428572,18.619294490562687,23.092428262233934,0.37471163770174865,4608.695600519365,272.59725849617337
n50_er_k4__pool_power_mix_k17__piecewise_linear_constant__q_learning__r2p25,pool_power_mix,warmup_pool_power_k,17.0,k17,,17.0,50,erdos_renyi,n50_er_k4,piecewise_linear,constant,piecewise_linear_constant,q_learning,2.25,0.8320000000000001,309.8693931775975,170.81325396825395,18.56140050461186,22.615895084406255,0.37983801054638855,4608.791799790952,274.8966121568887
n50_regular_d4__pool_power_mix_k17__piecewise_linear_constant__q_learning__r0p25,pool_power_mix,warmup_pool_power_k,17.0,k17,,17.0,50,regular,n50_regular_d4,piecewise_linear,constant,piecewise_linear_constant,q_learning,0.25,0.0,0.0,0.0,0.0,0.0,0.0,8.396873203096998,0.5572968825071847
n50_regular_d4__pool_power_mix_k17__piecewise_linear_constant__q_learning__r0p75,pool_power_mix,warmup_pool_power_k,17.0,k17,,17.0,50,regular,n50_regular_d4,piecewise_linear,constant,piecewise_linear_constant,q_learning,0.75,0.8560000000000001,335.3938725622652,191.2,19.979459769959707,21.797421645111353,0.2682612715716484,4795.35599012503,462.33309805568035
n50_regular_d4__pool_power_mix_k17__piecewise_linear_constant__q_learning__r1p25,pool_power_mix,warmup_pool_power_k,17.0,k17,,17.0,50,regular,n50_regular_d4,piecewise_linear,constant,piecewise_linear_constant,q_learning,1.25,0.8879999999999999,365.98078692171555,203.04000000000002,21.659226665795572,23.79788413253148,0.20299642721233507,5249.016541626528,276.561129310807
n50_regular_d4__pool_power_mix_k17__piecewise_linear_constant__q_learning__r1p75,pool_power_mix,warmup_pool_power_k,17.0,k17,,17.0,50,regular,n50_regular_d4,piecewise_linear,constant,piecewise_linear_constant,q_learning,1.75,0.884,362.1199218974424,201.07999999999998,21.43069701803969,23.97519717191386,0.20583448231789742,5284.198088358766,280.6410922306193
n50_regular_d4__pool_power_mix_k17__piecewise_linear_constant__q_learning__r2p25,pool_power_mix,warmup_pool_power_k,17.0,k17,,17.0,50,regular,n50_regular_d4,piecewise_linear,constant,piecewise_linear_constant,q_learning,2.25,0.876,361.1422995770502,198.11999999999998,21.364473097979378,23.945083924575613,0.21908020145344156,5253.896208650976,325.5092048436304
n50_ws_k4_p0p1__pool_power_mix_k17__piecewise_linear_constant__q_learning__r0p25,pool_power_mix,warmup_pool_power_k,17.0,k17,,17.0,50,small_world,n50_ws_k4_p0p1,piecewise_linear,constant,piecewise_linear_constant,q_learning,0.25,0.0,0.0,0.0,0.0,0.0,0.0,8.393175661074954,0.5415427925525289
n50_ws_k4_p0p1__pool_power_mix_k17__piecewise_linear_constant__q_learning__r0p75,pool_power_mix,warmup_pool_power_k,17.0,k17,,17.0,50,small_world,n50_ws_k4_p0p1,piecewise_linear,constant,piecewise_linear_constant,q_learning,0.75,0.804,313.8735188122864,176.50742040431186,18.703304667513034,21.19502029898047,0.33550724084894573,4628.230454755425,430.5716508559903
n50_ws_k4_p0p1__pool_power_mix_k17__piecewise_linear_constant__q_learning__r1p25,pool_power_mix,warmup_pool_power_k,17.0,k17,,17.0,50,small_world,n50_ws_k4_p0p1,piecewise_linear,constant,piecewise_linear_constant,q_learning,1.25,0.8480000000000001,347.09855631818544,190.5704761904762,20.468847578733733,24.49401042520102,0.2666787368448191,5108.200990868312,228.69683189314784
n50_ws_k4_p0p1__pool_power_mix_k17__piecewise_linear_constant__q_learning__r1p75,pool_power_mix,warmup_pool_power_k,17.0,k17,,17.0,50,small_world,n50_ws_k4_p0p1,piecewise_linear,constant,piecewise_linear_constant,q_learning,1.75,0.8480000000000001,346.0279425283184,190.97714285714287,20.60332078162802,21.028083295498263,0.26775822279067313,5144.416083321159,247.88440975979847
n50_ws_k4_p0p1__pool_power_mix_k17__piecewise_linear_constant__q_learning__r2p25,pool_power_mix,warmup_pool_power_k,17.0,k17,,17.0,50,small_world,n50_ws_k4_p0p1,piecewise_linear,constant,piecewise_linear_constant,q_learning,2.25,0.844,346.77105439944694,188.88333333333333,20.579860478538826,22.368993323373747,0.26560220574259297,5145.8613936863185,281.79660408157093
n50_ba_m2__pool_power_mix_k17__piecewise_linear_degree_scaled__q_learning__r0p25,pool_power_mix,warmup_pool_power_k,17.0,k17,,17.0,50,scale_free,n50_ba_m2,piecewise_linear,degree_scaled,piecewise_linear_degree_scaled,q_learning,0.25,0.07599999999999998,3.3635036676636787,2.0759159835665044,0.3159732927794462,0.29576503512287144,0.9347732468462743,108.5605447141132,17.52057433108203
n50_ba_m2__pool_power_mix_k17__piecewise_linear_degree_scaled__q_learning__r0p75,pool_power_mix,warmup_pool_power_k,17.0,k17,,17.0,50,scale_free,n50_ba_m2,piecewise_linear,degree_scaled,piecewise_linear_degree_scaled,q_learning,0.75,0.672,141.42934467288399,80.47175727780991,8.890992458761488,9.127409004029897,0.5588308805687607,2358.880794972904,306.03769271162474
n50_ba_m2__pool_power_mix_k17__piecewise_linear_degree_scaled__q_learning__r1p25,pool_power_mix,warmup_pool_power_k,17.0,k17,,17.0,50,scale_free,n50_ba_m2,piecewise_linear,degree_scaled,piecewise_linear_degree_scaled,q_learning,1.25,0.752,208.33279482990702,115.71782693914274,12.665559484015244,14.390288684477657,0.5271477000368009,3264.388641991903,687.3843458940091
n50_ba_m2__pool_power_mix_k17__piecewise_linear_degree_scaled__q_learning__r1p75,pool_power_mix,warmup_pool_power_k,17.0,k17,,17.0,50,scale_free,n50_ba_m2,piecewise_linear,degree_scaled,piecewise_linear_degree_scaled,q_learning,1.75,0.736,206.8858510753722,113.82563941906047,12.6765012504607,12.948964942455882,0.5174898469682121,3273.3599345066173,697.4986322658318
n50_ba_m2__pool_power_mix_k17__piecewise_linear_degree_scaled__q_learning__r2p25,pool_power_mix,warmup_pool_power_k,17.0,k17,,17.0,50,scale_free,n50_ba_m2,piecewise_linear,degree_scaled,piecewise_linear_degree_scaled,q_learning,2.25,0.748,212.0178086581278,117.51593792172739,12.902486003117435,14.29959898879367,0.5125172787127009,3332.4557351541735,765.1295458164435
n50_er_k4__pool_power_mix_k17__piecewise_linear_degree_scaled__q_learning__r0p25,pool_power_mix,warmup_pool_power_k,17.0,k17,,17.0,50,erdos_renyi,n50_er_k4,piecewise_linear,degree_scaled,piecewise_linear_degree_scaled,q_learning,0.25,0.132,5.943754936438844,3.3880146977793673,0.4466005206025363,0.4343450449906536,0.901991279569979,103.7600466938211,12.63272582503177
n50_er_k4__pool_power_mix_k17__piecewise_linear_degree_scaled__q_learning__r0p75,pool_power_mix,warmup_pool_power_k,17.0,k17,,17.0,50,erdos_renyi,n50_er_k4,piecewise_linear,degree_scaled,piecewise_linear_degree_scaled,q_learning,0.75,0.792,253.7154845583146,141.19082083252758,15.04357110975057,19.013681713221004,0.4240031953600306,3748.42274223828,514.9635224461093
n50_er_k4__pool_power_mix_k17__piecewise_linear_degree_scaled__q_learning__r1p25,pool_power_mix,warmup_pool_power_k,17.0,k17,,17.0,50,erdos_renyi,n50_er_k4,piecewise_linear,degree_scaled,piecewise_linear_degree_scaled,q_learning,1.25,0.8480000000000001,293.9278134107868,161.23579365079362,17.500504465661766,17.6839715647045,0.3645972082011699,4237.32468840313,497.8560844461012
n50_er_k4__pool_power_mix_k17__piecewise_linear_degree_scaled__q_learning__r1p75,pool_power_mix,warmup_pool_power_k,17.0,k17,,17.0,50,erdos_renyi,n50_er_k4,piecewise_linear,degree_scaled,piecewise_linear_degree_scaled,q_learning,1.75,0.8320000000000001,282.5365562463352,158.46579365079364,16.738016510600904,19.660722878071446,0.3743970884289487,4223.654945332593,543.6082713426499
n50_er_k4__pool_power_mix_k17__piecewise_linear_degree_scaled__q_learning__r2p25,pool_power_mix,warmup_pool_power_k,17.0,k17,,17.0,50,erdos_renyi,n50_er_k4,piecewise_linear,degree_scaled,piecewise_linear_degree_scaled,q_learning,2.25,0.8200000000000001,277.26162661569623,155.50714285714287,16.505379575544016,18.154985922171424,0.37829665320365957,4113.995208357586,500.2576580807483
n50_regular_d4__pool_power_mix_k17__piecewise_linear_degree_scaled__q_learning__r0p25,pool_power_mix,warmup_pool_power_k,17.0,k17,,17.0,50,regular,n50_regular_d4,piecewise_linear,degree_scaled,piecewise_linear_degree_scaled,q_learning,0.25,0.0,0.0,0.0,0.0,0.0,0.0,8.396873203096998,0.5572968825071847
n50_regular_d4__pool_power_mix_k17__piecewise_linear_degree_scaled__q_learning__r0p75,pool_power_mix,warmup_pool_power_k,17.0,k17,,17.0,50,regular,n50_regular_d4,piecewise_linear,degree_scaled,piecewise_linear_degree_scaled,q_learning,0.75,0.8560000000000001,335.3938725622652,191.2,19.979459769959707,21.797421645111353,0.2682612715716484,4795.35599012503,462.33309805568035
n50_regular_d4__pool_power_mix_k17__piecewise_linear_degree_scaled__q_learning__r1p25,pool_power_mix,warmup_pool_power_k,17.0,k17,,17.0,50,regular,n50_regular_d4,piecewise_linear,degree_scaled,piecewise_linear_degree_scaled,q_learning,1.25,0.8879999999999999,365.98078692171555,203.04000000000002,21.659226665795572,23.79788413253148,0.20299642721233507,5249.016541626528,276.561129310807
n50_regular_d4__pool_power_mix_k17__piecewise_linear_degree_scaled__q_learning__r1p75,pool_power_mix,warmup_pool_power_k,17.0,k17,,17.0,50,regular,n50_regular_d4,piecewise_linear,degree_scaled,piecewise_linear_degree_scaled,q_learning,1.75,0.884,362.1199218974424,201.07999999999998,21.43069701803969,23.97519717191386,0.20583448231789742,5284.198088358766,280.6410922306193
n50_regular_d4__pool_power_mix_k17__piecewise_linear_degree_scaled__q_learning__r2p25,pool_power_mix,warmup_pool_power_k,17.0,k17,,17.0,50,regular,n50_regular_d4,piecewise_linear,degree_scaled,piecewise_linear_degree_scaled,q_learning,2.25,0.876,361.1422995770502,198.11999999999998,21.364473097979378,23.945083924575613,0.21908020145344156,5253.896208650976,325.5092048436304
n50_ws_k4_p0p1__pool_power_mix_k17__piecewise_linear_degree_scaled__q_learning__r0p25,pool_power_mix,warmup_pool_power_k,17.0,k17,,17.0,50,small_world,n50_ws_k4_p0p1,piecewise_linear,degree_scaled,piecewise_linear_degree_scaled,q_learning,0.25,0.0,0.0,0.0,0.0,0.0,0.0,8.77158834170882,0.614768008670092
n50_ws_k4_p0p1__pool_power_mix_k17__piecewise_linear_degree_scaled__q_learning__r0p75,pool_power_mix,warmup_pool_power_k,17.0,k17,,17.0,50,small_world,n50_ws_k4_p0p1,piecewise_linear,degree_scaled,piecewise_linear_degree_scaled,q_learning,0.75,0.808,312.2776121739904,172.9795238095238,18.554017573138054,22.37021709077215,0.33143659377909385,4611.901410416303,263.27518823837045
n50_ws_k4_p0p1__pool_power_mix_k17__piecewise_linear_degree_scaled__q_learning__r1p25,pool_power_mix,warmup_pool_power_k,17.0,k17,,17.0,50,small_world,n50_ws_k4_p0p1,piecewise_linear,degree_scaled,piecewise_linear_degree_scaled,q_learning,1.25,0.8480000000000001,338.79870558618785,187.42190476190476,20.119483212763946,22.430197583742647,0.2825140145551689,4978.687000969367,294.5434782078331
n50_ws_k4_p0p1__pool_power_mix_k17__piecewise_linear_degree_scaled__q_learning__r1p75,pool_power_mix,warmup_pool_power_k,17.0,k17,,17.0,50,small_world,n50_ws_k4_p0p1,piecewise_linear,degree_scaled,piecewise_linear_degree_scaled,q_learning,1.75,0.8400000000000001,336.09628027415073,184.4947619047619,20.029011760784556,21.305123118522022,0.284517853606994,5026.305405513971,322.88117400624253
n50_ws_k4_p0p1__pool_power_mix_k17__piecewise_linear_degree_scaled__q_learning__r2p25,pool_power_mix,warmup_pool_power_k,17.0,k17,,17.0,50,small_world,n50_ws_k4_p0p1,piecewise_linear,degree_scaled,piecewise_linear_degree_scaled,q_learning,2.25,0.8360000000000001,336.8897458815255,183.7409523809524,20.00210674058036,22.426205816576424,0.28457715255919264,5018.66805708807,302.2851689259989
n50_ba_m2__pool_power_mix_k18__piecewise_linear_constant__fermi__r0p25,pool_power_mix,warmup_pool_power_k,18.0,k18,,18.0,50,scale_free,n50_ba_m2,piecewise_linear,constant,piecewise_linear_constant,fermi,0.25,0.004,0.8988441154431237,0.549564267089491,0.060142205569577424,0.06014220962115269,0.19599999999991277,18.38117442670486,21.841220089765777
n50_ba_m2__pool_power_mix_k18__piecewise_linear_constant__fermi__r0p75,pool_power_mix,warmup_pool_power_k,18.0,k18,,18.0,50,scale_free,n50_ba_m2,piecewise_linear,constant,piecewise_linear_constant,fermi,0.75,0.68,218.8893573534478,124.56592314118629,13.534975500884332,13.459513428040452,0.5630032344716234,3443.464515837458,956.0717951663285
n50_ba_m2__pool_power_mix_k18__piecewise_linear_constant__fermi__r1p25,pool_power_mix,warmup_pool_power_k,18.0,k18,,18.0,50,scale_free,n50_ba_m2,piecewise_linear,constant,piecewise_linear_constant,fermi,1.25,0.7040000000000001,231.47586779999477,130.13347953216376,14.267772781378483,14.267624247365253,0.5435426063220851,3782.161594465476,872.8148201998818
n50_ba_m2__pool_power_mix_k18__piecewise_linear_constant__fermi__r1p75,pool_power_mix,warmup_pool_power_k,18.0,k18,,18.0,50,scale_free,n50_ba_m2,piecewise_linear,constant,piecewise_linear_constant,fermi,1.75,0.7,228.74869235023365,130.14371762740183,14.10092925237237,14.093813652197667,0.5443609346768962,3763.7566640407713,895.3167298499501
n50_ba_m2__pool_power_mix_k18__piecewise_linear_constant__fermi__r2p25,pool_power_mix,warmup_pool_power_k,18.0,k18,,18.0,50,scale_free,n50_ba_m2,piecewise_linear,constant,piecewise_linear_constant,fermi,2.25,0.692,224.81536194069878,127.01099832915622,13.907211387244889,13.534280473225929,0.5604723717973987,3726.1713608707805,935.8248573607805
n50_er_k4__pool_power_mix_k18__piecewise_linear_constant__fermi__r0p25,pool_power_mix,warmup_pool_power_k,18.0,k18,,18.0,50,erdos_renyi,n50_er_k4,piecewise_linear,constant,piecewise_linear_constant,fermi,0.25,0.0,0.0,0.0,0.0,0.0,0.0,8.399735334030625,0.6212043956568611
n50_er_k4__pool_power_mix_k18__piecewise_linear_constant__fermi__r0p75,pool_power_mix,warmup_pool_power_k,18.0,k18,,18.0,50,erdos_renyi,n50_er_k4,piecewise_linear,constant,piecewise_linear_constant,fermi,0.75,0.868,337.47679475892113,190.9504761904762,20.17807681203135,20.178080809999894,0.3596824840229417,4720.993499697707,441.9988771224197
n50_er_k4__pool_power_mix_k18__piecewise_linear_constant__fermi__r1p25,pool_power_mix,warmup_pool_power_k,18.0,k18,,18.0,50,erdos_renyi,n50_er_k4,piecewise_linear,constant,piecewise_linear_constant,fermi,1.25,0.916,357.26251094314495,202.08333333333331,21.34539078492562,21.342764938596098,0.3119122713945872,5143.1593765803855,439.00513682995796
n50_er_k4__pool_power_mix_k18__piecewise_linear_constant__fermi__r1p75,pool_power_mix,warmup_pool_power_k,18.0,k18,,18.0,50,erdos_renyi,n50_er_k4,piecewise_linear,constant,piecewise_linear_constant,fermi,1.75,0.9119999999999999,355.18133183934464,200.91666666666669,21.226024088350318,21.225977405638325,0.31922727803429785,5148.891239687424,428.26557976702435
n50_er_k4__pool_power_mix_k18__piecewise_linear_constant__fermi__r2p25,pool_power_mix,warmup_pool_power_k,18.0,k18,,18.0,50,erdos_renyi,n50_er_k4,piecewise_linear,constant,piecewise_linear_constant,fermi,2.25,0.9119999999999999,355.1812986880774,200.91666666666669,21.226017646547398,21.226016998708452,0.31920703098184655,5157.824092726607,428.80886466895794
n50_regular_d4__pool_power_mix_k18__piecewise_linear_constant__fermi__r0p25,pool_power_mix,warmup_pool_power_k,18.0,k18,,18.0,50,regular,n50_regular_d4,piecewise_linear,constant,piecewise_linear_constant,fermi,0.25,0.0,0.0,0.0,0.0,0.0,0.0,8.517008369844678,0.900924753415644
n50_regular_d4__pool_power_mix_k18__piecewise_linear_constant__fermi__r0p75,pool_power_mix,warmup_pool_power_k,18.0,k18,,18.0,50,regular,n50_regular_d4,piecewise_linear,constant,piecewise_linear_constant,fermi,0.75,0.908,380.7932431809714,215.16,22.493421763942994,22.493335055085634,0.1662794681147812,5327.832903703468,1125.7229181726523
n50_regular_d4__pool_power_mix_k18__piecewise_linear_constant__fermi__r1p25,pool_power_mix,warmup_pool_power_k,18.0,k18,,18.0,50,regular,n50_regular_d4,piecewise_linear,constant,piecewise_linear_constant,fermi,1.25,0.924,391.0825296303493,220.92,23.068868585407134,23.068601784243533,0.13810478018211939,5598.754240987035,918.2829540036041
n50_regular_d4__pool_power_mix_k18__piecewise_linear_constant__fermi__r1p75,pool_power_mix,warmup_pool_power_k,18.0,k18,,18.0,50,regular,n50_regular_d4,piecewise_linear,constant,piecewise_linear_constant,fermi,1.75,0.924,390.6470464249296,220.68,23.04650370402709,23.046449871043315,0.14566624464674352,5608.880671644112,977.8184343707396
n50_regular_d4__pool_power_mix_k18__piecewise_linear_constant__fermi__r2p25,pool_power_mix,warmup_pool_power_k,18.0,k18,,18.0,50,regular,n50_regular_d4,piecewise_linear,constant,piecewise_linear_constant,fermi,2.25,0.9280000000000002,392.565953365612,221.76,23.15702812893202,23.157018505455987,0.13942670292744075,5618.991911378591,997.7401759485899
n50_ws_k4_p0p1__pool_power_mix_k18__piecewise_linear_constant__fermi__r0p25,pool_power_mix,warmup_pool_power_k,18.0,k18,,18.0,50,small_world,n50_ws_k4_p0p1,piecewise_linear,constant,piecewise_linear_constant,fermi,0.25,0.0,0.0,0.0,0.0,0.0,0.0,8.697536502838677,0.9294728266100095
n50_ws_k4_p0p1__pool_power_mix_k18__piecewise_linear_constant__fermi__r0p75,pool_power_mix,warmup_pool_power_k,18.0,k18,,18.0,50,small_world,n50_ws_k4_p0p1,piecewise_linear,constant,piecewise_linear_constant,fermi,0.75,0.884,371.0995742792792,209.6847619047619,21.91504075625505,21.914908773989602,0.22062029474908967,5223.396471143467,828.8655921659712
n50_ws_k4_p0p1__pool_power_mix_k18__piecewise_linear_constant__fermi__r1p25,pool_power_mix,warmup_pool_power_k,18.0,k18,,18.0,50,small_world,n50_ws_k4_p0p1,piecewise_linear,constant,piecewise_linear_constant,fermi,1.25,0.9120000000000001,385.275564978804,217.6538095238095,22.730026694487986,22.730027374326987,0.188126595046477,5511.581466302936,765.6749464706671
n50_ws_k4_p0p1__pool_power_mix_k18__piecewise_linear_constant__fermi__r1p75,pool_power_mix,warmup_pool_power_k,18.0,k18,,18.0,50,small_world,n50_ws_k4_p0p1,piecewise_linear,constant,piecewise_linear_constant,fermi,1.75,0.9120000000000001,385.27556289883614,217.6538095238095,22.730028381467797,22.730027767315086,0.18794317928016688,5539.296634569844,777.9994974364321
n50_ws_k4_p0p1__pool_power_mix_k18__piecewise_linear_constant__fermi__r2p25,pool_power_mix,warmup_pool_power_k,18.0,k18,,18.0,50,small_world,n50_ws_k4_p0p1,piecewise_linear,constant,piecewise_linear_constant,fermi,2.25,0.9039999999999999,380.42426834021023,214.9347619047619,22.45708910076818,22.456166368545404,0.1964898444981394,5518.714311877357,809.5474630812364
n50_ba_m2__pool_power_mix_k18__piecewise_linear_degree_scaled__fermi__r0p25,pool_power_mix,warmup_pool_power_k,18.0,k18,,18.0,50,scale_free,n50_ba_m2,piecewise_linear,degree_scaled,piecewise_linear_degree_scaled,fermi,0.25,0.196,9.947074143669013,6.116110059044504,0.850227229042589,0.8487567918598249,0.8481275012452677,180.76576223955848,40.524834891734876
n50_ba_m2__pool_power_mix_k18__piecewise_linear_degree_scaled__fermi__r0p75,pool_power_mix,warmup_pool_power_k,18.0,k18,,18.0,50,scale_free,n50_ba_m2,piecewise_linear,degree_scaled,piecewise_linear_degree_scaled,fermi,0.75,0.648,134.86768087507366,76.89225788831052,8.534600156372289,7.857095883995834,0.573234655839585,2375.868388451749,350.07080267753423
n50_ba_m2__pool_power_mix_k18__piecewise_linear_degree_scaled__fermi__r1p25,pool_power_mix,warmup_pool_power_k,18.0,k18,,18.0,50,scale_free,n50_ba_m2,piecewise_linear,degree_scaled,piecewise_linear_degree_scaled,fermi,1.25,0.768,217.9710400373993,123.83362733757471,13.24197060653673,13.194244031213376,0.5012543712647373,3451.7063015778926,1001.6786410691885
n50_ba_m2__pool_power_mix_k18__piecewise_linear_degree_scaled__fermi__r1p75,pool_power_mix,warmup_pool_power_k,18.0,k18,,18.0,50,scale_free,n50_ba_m2,piecewise_linear,degree_scaled,piecewise_linear_degree_scaled,fermi,1.75,0.772,216.70849113840504,123.14828899171005,13.171906246708343,13.156180598306715,0.5157812848392006,3445.704399982518,956.4602461238427
n50_ba_m2__pool_power_mix_k18__piecewise_linear_degree_scaled__fermi__r2p25,pool_power_mix,warmup_pool_power_k,18.0,k18,,18.0,50,scale_free,n50_ba_m2,piecewise_linear,degree_scaled,piecewise_linear_degree_scaled,fermi,2.25,0.768,215.86823146186504,122.5362422080843,13.142385414633338,12.809867539670288,0.5219730421352059,3420.938726220748,920.6389301507625
n50_er_k4__pool_power_mix_k18__piecewise_linear_degree_scaled__fermi__r0p25,pool_power_mix,warmup_pool_power_k,18.0,k18,,18.0,50,erdos_renyi,n50_er_k4,piecewise_linear,degree_scaled,piecewise_linear_degree_scaled,fermi,0.25,0.164,6.950581509532432,4.223616128694661,0.5643290931866705,0.5643287389856925,0.8757526430326612,120.8815035942545,13.945832260676438
n50_er_k4__pool_power_mix_k18__piecewise_linear_degree_scaled__fermi__r0p75,pool_power_mix,warmup_pool_power_k,18.0,k18,,18.0,50,erdos_renyi,n50_er_k4,piecewise_linear,degree_scaled,piecewise_linear_degree_scaled,fermi,0.75,0.852,294.8292764108072,166.74015873015873,17.47623108957228,17.474817044266313,0.3763137383573335,4277.921785715515,713.8126775599494
n50_er_k4__pool_power_mix_k18__piecewise_linear_degree_scaled__fermi__r1p25,pool_power_mix,warmup_pool_power_k,18.0,k18,,18.0,50,erdos_renyi,n50_er_k4,piecewise_linear,degree_scaled,piecewise_linear_degree_scaled,fermi,1.25,0.8719999999999999,310.5727293333033,175.54873015873014,18.367610100411433,18.337127968073894,0.35731441342986897,4564.52910811718,545.6955996364234
n50_er_k4__pool_power_mix_k18__piecewise_linear_degree_scaled__fermi__r1p75,pool_power_mix,warmup_pool_power_k,18.0,k18,,18.0,50,erdos_renyi,n50_er_k4,piecewise_linear,degree_scaled,piecewise_linear_degree_scaled,fermi,1.75,0.8719999999999999,312.0043965027431,176.37507936507933,18.456890578189252,18.45687873355477,0.3551116035297051,4571.2230983293575,575.2323454917264
n50_er_k4__pool_power_mix_k18__piecewise_linear_degree_scaled__fermi__r2p25,pool_power_mix,warmup_pool_power_k,18.0,k18,,18.0,50,erdos_renyi,n50_er_k4,piecewise_linear,degree_scaled,piecewise_linear_degree_scaled,fermi,2.25,0.8719999999999999,312.0047650861158,176.37507936507933,18.456690404233573,18.45671032413764,0.35538731090288406,4570.109133822263,583.9576177630597
n50_regular_d4__pool_power_mix_k18__piecewise_linear_degree_scaled__fermi__r0p25,pool_power_mix,warmup_pool_power_k,18.0,k18,,18.0,50,regular,n50_regular_d4,piecewise_linear,degree_scaled,piecewise_linear_degree_scaled,fermi,0.25,0.0,0.0,0.0,0.0,0.0,0.0,8.517008369844678,0.900924753415644
n50_regular_d4__pool_power_mix_k18__piecewise_linear_degree_scaled__fermi__r0p75,pool_power_mix,warmup_pool_power_k,18.0,k18,,18.0,50,regular,n50_regular_d4,piecewise_linear,degree_scaled,piecewise_linear_degree_scaled,fermi,0.75,0.908,380.7932431809714,215.16,22.493421763942994,22.493335055085634,0.1662794681147812,5327.832903703468,1125.7229181726523
n50_regular_d4__pool_power_mix_k18__piecewise_linear_degree_scaled__fermi__r1p25,pool_power_mix,warmup_pool_power_k,18.0,k18,,18.0,50,regular,n50_regular_d4,piecewise_linear,degree_scaled,piecewise_linear_degree_scaled,fermi,1.25,0.924,391.0825296303493,220.92,23.068868585407134,23.068601784243533,0.13810478018211939,5598.754240987035,918.2829540036041
n50_regular_d4__pool_power_mix_k18__piecewise_linear_degree_scaled__fermi__r1p75,pool_power_mix,warmup_pool_power_k,18.0,k18,,18.0,50,regular,n50_regular_d4,piecewise_linear,degree_scaled,piecewise_linear_degree_scaled,fermi,1.75,0.924,390.6470464249296,220.68,23.04650370402709,23.046449871043315,0.14566624464674352,5608.880671644112,977.8184343707396
n50_regular_d4__pool_power_mix_k18__piecewise_linear_degree_scaled__fermi__r2p25,pool_power_mix,warmup_pool_power_k,18.0,k18,,18.0,50,regular,n50_regular_d4,piecewise_linear,degree_scaled,piecewise_linear_degree_scaled,fermi,2.25,0.9280000000000002,392.565953365612,221.76,23.15702812893202,23.157018505455987,0.13942670292744075,5618.991911378591,997.7401759485899
n50_ws_k4_p0p1__pool_power_mix_k18__piecewise_linear_degree_scaled__fermi__r0p25,pool_power_mix,warmup_pool_power_k,18.0,k18,,18.0,50,small_world,n50_ws_k4_p0p1,piecewise_linear,degree_scaled,piecewise_linear_degree_scaled,fermi,0.25,0.0,0.0,0.0,0.0,0.0,0.0,9.055544941963879,1.0259766578669347
n50_ws_k4_p0p1__pool_power_mix_k18__piecewise_linear_degree_scaled__fermi__r0p75,pool_power_mix,warmup_pool_power_k,18.0,k18,,18.0,50,small_world,n50_ws_k4_p0p1,piecewise_linear,degree_scaled,piecewise_linear_degree_scaled,fermi,0.75,0.9199999999999999,388.3989324175824,219.4038095238095,22.908343332939612,22.908343297097048,0.16946399238944462,5402.223005271133,672.5232154661752
n50_ws_k4_p0p1__pool_power_mix_k18__piecewise_linear_degree_scaled__fermi__r1p25,pool_power_mix,warmup_pool_power_k,18.0,k18,,18.0,50,small_world,n50_ws_k4_p0p1,piecewise_linear,degree_scaled,piecewise_linear_degree_scaled,fermi,1.25,0.924,391.6618892592629,221.2238095238095,23.0868650354967,23.086864752859444,0.17224081261613733,5588.798946107877,617.7168440486994
n50_ws_k4_p0p1__pool_power_mix_k18__piecewise_linear_degree_scaled__fermi__r1p75,pool_power_mix,warmup_pool_power_k,18.0,k18,,18.0,50,small_world,n50_ws_k4_p0p1,piecewise_linear,degree_scaled,piecewise_linear_degree_scaled,fermi,1.75,0.916,387.0807887858865,218.6538095238095,22.82741511154148,22.827415150191037,0.18219828772777674,5593.038328405001,637.3878832397146
n50_ws_k4_p0p1__pool_power_mix_k18__piecewise_linear_degree_scaled__fermi__r2p25,pool_power_mix,warmup_pool_power_k,18.0,k18,,18.0,50,small_world,n50_ws_k4_p0p1,piecewise_linear,degree_scaled,piecewise_linear_degree_scaled,fermi,2.25,0.916,387.0807893172887,218.6538095238095,22.827414841567826,22.82741488876257,0.1822948184759216,5592.060286998741,652.0748278751338
n50_ba_m2__pool_power_mix_k18__piecewise_linear_constant__q_learning__r0p25,pool_power_mix,warmup_pool_power_k,18.0,k18,,18.0,50,scale_free,n50_ba_m2,piecewise_linear,constant,piecewise_linear_constant,q_learning,0.25,0.008,1.796611308266911,1.0986573805330226,0.12022373944229084,0.12036025886338564,0.39199999999982543,28.732565948622344,25.748825420244902
n50_ba_m2__pool_power_mix_k18__piecewise_linear_constant__q_learning__r0p75,pool_power_mix,warmup_pool_power_k,18.0,k18,,18.0,50,scale_free,n50_ba_m2,piecewise_linear,constant,piecewise_linear_constant,q_learning,0.75,0.632,182.9067796277098,103.45372421997786,11.444309516435718,14.897660832815408,0.5750462252886168,3059.9461431310892,575.487398544185
n50_ba_m2__pool_power_mix_k18__piecewise_linear_constant__q_learning__r1p25,pool_power_mix,warmup_pool_power_k,18.0,k18,,18.0,50,scale_free,n50_ba_m2,piecewise_linear,constant,piecewise_linear_constant,q_learning,1.25,0.664,190.58704377520115,110.46730126598547,12.12488660491535,11.694673834988452,0.5593851995268079,3257.6002123283884,579.2212478240001
n50_ba_m2__pool_power_mix_k18__piecewise_linear_constant__q_learning__r1p75,pool_power_mix,warmup_pool_power_k,18.0,k18,,18.0,50,scale_free,n50_ba_m2,piecewise_linear,constant,piecewise_linear_constant,q_learning,1.75,0.6679999999999999,191.63048543148474,108.85827678169785,12.184428047033116,12.13458480610765,0.558836145465818,3270.1161997096706,611.479389733943
n50_ba_m2__pool_power_mix_k18__piecewise_linear_constant__q_learning__r2p25,pool_power_mix,warmup_pool_power_k,18.0,k18,,18.0,50,scale_free,n50_ba_m2,piecewise_linear,constant,piecewise_linear_constant,q_learning,2.25,0.644,186.84111257510273,105.9202017865176,11.782100265084372,13.450776347797893,0.5592043932893269,3202.503053675351,533.7764329480555
n50_er_k4__pool_power_mix_k18__piecewise_linear_constant__q_learning__r0p25,pool_power_mix,warmup_pool_power_k,18.0,k18,,18.0,50,erdos_renyi,n50_er_k4,piecewise_linear,constant,piecewise_linear_constant,q_learning,0.25,0.0,0.0,0.0,0.0,0.0,0.0,8.076759467831545,0.5335445548192924
n50_er_k4__pool_power_mix_k18__piecewise_linear_constant__q_learning__r0p75,pool_power_mix,warmup_pool_power_k,18.0,k18,,18.0,50,erdos_renyi,n50_er_k4,piecewise_linear,constant,piecewise_linear_constant,q_learning,0.75,0.792,287.43109038575227,159.09880952380956,17.36661584493403,18.9308898439637,0.4168407011933099,4140.656618703128,283.96057179949577
n50_er_k4__pool_power_mix_k18__piecewise_linear_constant__q_learning__r1p25,pool_power_mix,warmup_pool_power_k,18.0,k18,,18.0,50,erdos_renyi,n50_er_k4,piecewise_linear,constant,piecewise_linear_constant,q_learning,1.25,0.836,311.5489663300567,173.8040476190476,18.80152893841808,19.725061183842826,0.38679043294431004,4555.700194466599,274.7584460884293
n50_er_k4__pool_power_mix_k18__piecewise_linear_constant__q_learning__r1p75,pool_power_mix,warmup_pool_power_k,18.0,k18,,18.0,50,erdos_renyi,n50_er_k4,piecewise_linear,constant,piecewise_linear_constant,q_learning,1.75,0.844,307.44104808749387,176.23095238095237,18.502046537358154,20.99165300030621,0.38394521961320993,4590.985163289076,281.902022773497
n50_er_k4__pool_power_mix_k18__piecewise_linear_constant__q_learning__r2p25,pool_power_mix,warmup_pool_power_k,18.0,k18,,18.0,50,erdos_renyi,n50_er_k4,piecewise_linear,constant,piecewise_linear_constant,q_learning,2.25,0.828,308.21862964343546,168.9852380952381,18.42236235224924,23.289469383739522,0.3892089916683595,4579.581263595968,274.56707469926187
n50_regular_d4__pool_power_mix_k18__piecewise_linear_constant__q_learning__r0p25,pool_power_mix,warmup_pool_power_k,18.0,k18,,18.0,50,regular,n50_regular_d4,piecewise_linear,constant,piecewise_linear_constant,q_learning,0.25,0.0,0.0,0.0,0.0,0.0,0.0,8.396873203096998,0.5572968825071847
n50_regular_d4__pool_power_mix_k18__piecewise_linear_constant__q_learning__r0p75,pool_power_mix,warmup_pool_power_k,18.0,k18,,18.0,50,regular,n50_regular_d4,piecewise_linear,constant,piecewise_linear_constant,q_learning,0.75,0.852,333.7782629944626,189.72,19.855992479662703,22.207933300486935,0.2796799886917387,4760.919773019782,487.728631522174
n50_regular_d4__pool_power_mix_k18__piecewise_linear_constant__q_learning__r1p25,pool_power_mix,warmup_pool_power_k,18.0,k18,,18.0,50,regular,n50_regular_d4,piecewise_linear,constant,piecewise_linear_constant,q_learning,1.25,0.8879999999999999,367.3481456862254,202.95999999999998,21.67300653285199,24.89218467221402,0.20722231831502427,5262.788955749571,269.6305539573721
n50_regular_d4__pool_power_mix_k18__piecewise_linear_constant__q_learning__r1p75,pool_power_mix,warmup_pool_power_k,18.0,k18,,18.0,50,regular,n50_regular_d4,piecewise_linear,constant,piecewise_linear_constant,q_learning,1.75,0.8879999999999999,364.5803987790351,202.64000000000001,21.475313052050076,25.878280752377464,0.2105662384925071,5279.422123533801,282.787868447791
n50_regular_d4__pool_power_mix_k18__piecewise_linear_constant__q_learning__r2p25,pool_power_mix,warmup_pool_power_k,18.0,k18,,18.0,50,regular,n50_regular_d4,piecewise_linear,constant,piecewise_linear_constant,q_learning,2.25,0.876,358.3345165780878,198.11999999999998,21.22231362225729,23.526507708609646,0.23283637635877005,5217.821412995296,317.27266263820064
n50_ws_k4_p0p1__pool_power_mix_k18__piecewise_linear_constant__q_learning__r0p25,pool_power_mix,warmup_pool_power_k,18.0,k18,,18.0,50,small_world,n50_ws_k4_p0p1,piecewise_linear,constant,piecewise_linear_constant,q_learning,0.25,0.0,0.0,0.0,0.0,0.0,0.0,8.393175661074954,0.5415427925525289
n50_ws_k4_p0p1__pool_power_mix_k18__piecewise_linear_constant__q_learning__r0p75,pool_power_mix,warmup_pool_power_k,18.0,k18,,18.0,50,small_world,n50_ws_k4_p0p1,piecewise_linear,constant,piecewise_linear_constant,q_learning,0.75,0.7959999999999999,309.40693877330625,173.96773173630586,18.488254149251482,20.157723659533154,0.3469309743217403,4620.461777227558,424.8595924662827
n50_ws_k4_p0p1__pool_power_mix_k18__piecewise_linear_constant__q_learning__r1p25,pool_power_mix,warmup_pool_power_k,18.0,k18,,18.0,50,small_world,n50_ws_k4_p0p1,piecewise_linear,constant,piecewise_linear_constant,q_learning,1.25,0.8480000000000001,349.8481584991283,190.48047619047617,20.657239949310924,23.957413025231194,0.2688153292246085,5104.963453463343,230.53625981782164
n50_ws_k4_p0p1__pool_power_mix_k18__piecewise_linear_constant__q_learning__r1p75,pool_power_mix,warmup_pool_power_k,18.0,k18,,18.0,50,small_world,n50_ws_k4_p0p1,piecewise_linear,constant,piecewise_linear_constant,q_learning,1.75,0.8400000000000001,340.67994080141517,188.4104761904762,20.34042598663383,20.16127948889044,0.27592960596488153,5139.342733141358,250.4823697191679
n50_ws_k4_p0p1__pool_power_mix_k18__piecewise_linear_constant__q_learning__r2p25,pool_power_mix,warmup_pool_power_k,18.0,k18,,18.0,50,small_world,n50_ws_k4_p0p1,piecewise_linear,constant,piecewise_linear_constant,q_learning,2.25,0.8400000000000001,341.89961322463085,186.96333333333334,20.347216806535037,21.297499850882524,0.27613930011863463,5130.829223890146,281.2374286888776
n50_ba_m2__pool_power_mix_k18__piecewise_linear_degree_scaled__q_learning__r0p25,pool_power_mix,warmup_pool_power_k,18.0,k18,,18.0,50,scale_free,n50_ba_m2,piecewise_linear,degree_scaled,piecewise_linear_degree_scaled,q_learning,0.25,0.07599999999999998,3.3635036676636787,2.0759159835665044,0.3159732927794462,0.29576503512287144,0.9347732468462743,108.5605447141132,17.52057433108203
n50_ba_m2__pool_power_mix_k18__piecewise_linear_degree_scaled__q_learning__r0p75,pool_power_mix,warmup_pool_power_k,18.0,k18,,18.0,50,scale_free,n50_ba_m2,piecewise_linear,degree_scaled,piecewise_linear_degree_scaled,q_learning,0.75,0.664,140.69415037009009,79.65439946018894,8.81768110976861,9.640574493591252,0.5633997226541014,2350.4767768556485,307.9377705728164
n50_ba_m2__pool_power_mix_k18__piecewise_linear_degree_scaled__q_learning__r1p25,pool_power_mix,warmup_pool_power_k,18.0,k18,,18.0,50,scale_free,n50_ba_m2,piecewise_linear,degree_scaled,piecewise_linear_degree_scaled,q_learning,1.25,0.76,211.329607896436,120.53223282565386,12.851295205735884,14.38829045390627,0.5207777219791865,3297.9023418664337,680.8366920758822
n50_ba_m2__pool_power_mix_k18__piecewise_linear_degree_scaled__q_learning__r1p75,pool_power_mix,warmup_pool_power_k,18.0,k18,,18.0,50,scale_free,n50_ba_m2,piecewise_linear,degree_scaled,piecewise_linear_degree_scaled,q_learning,1.75,0.74,208.69418993694026,114.49128237259815,12.695893991978924,14.663984339875208,0.5079328840492581,3316.4656747908,688.9389216370097
n50_ba_m2__pool_power_mix_k18__piecewise_linear_degree_scaled__q_learning__r2p25,pool_power_mix,warmup_pool_power_k,18.0,k18,,18.0,50,scale_free,n50_ba_m2,piecewise_linear,degree_scaled,piecewise_linear_degree_scaled,q_learning,2.25,0.76,212.94327534409499,120.24525287577919,12.994678655211356,13.831110726544832,0.5015111498583138,3340.744375980116,760.9623657459159
n50_er_k4__pool_power_mix_k18__piecewise_linear_degree_scaled__q_learning__r0p25,pool_power_mix,warmup_pool_power_k,18.0,k18,,18.0,50,erdos_renyi,n50_er_k4,piecewise_linear,degree_scaled,piecewise_linear_degree_scaled,q_learning,0.25,0.132,5.943754936438844,3.3880146977793673,0.4466005206025363,0.4343450449906536,0.901991279569979,103.76004669381211,12.632725825026588
n50_er_k4__pool_power_mix_k18__piecewise_linear_degree_scaled__q_learning__r0p75,pool_power_mix,warmup_pool_power_k,18.0,k18,,18.0,50,erdos_renyi,n50_er_k4,piecewise_linear,degree_scaled,piecewise_linear_degree_scaled,q_learning,0.75,0.78,249.61438658990156,137.14793650793652,14.765902605497365,19.370901198487473,0.4225123331598664,3712.471280736224,570.3434108050897
n50_er_k4__pool_power_mix_k18__piecewise_linear_degree_scaled__q_learning__r1p25,pool_power_mix,warmup_pool_power_k,18.0,k18,,18.0,50,erdos_renyi,n50_er_k4,piecewise_linear,degree_scaled,piecewise_linear_degree_scaled,q_learning,1.25,0.8480000000000001,289.547080967879,162.6040476190476,17.170499452686634,19.268993362365848,0.3708875783042821,4215.677579702095,525.6291366435062
n50_er_k4__pool_power_mix_k18__piecewise_linear_degree_scaled__q_learning__r1p75,pool_power_mix,warmup_pool_power_k,18.0,k18,,18.0,50,erdos_renyi,n50_er_k4,piecewise_linear,degree_scaled,piecewise_linear_degree_scaled,q_learning,1.75,0.828,284.1687277696436,155.1961111111111,16.7766402032424,20.4551809994267,0.3756301376897811,4225.078728971594,534.4972190406565
n50_er_k4__pool_power_mix_k18__piecewise_linear_degree_scaled__q_learning__r2p25,pool_power_mix,warmup_pool_power_k,18.0,k18,,18.0,50,erdos_renyi,n50_er_k4,piecewise_linear,degree_scaled,piecewise_linear_degree_scaled,q_learning,2.25,0.8200000000000001,277.5710249702339,154.73809523809524,16.509339598117084,18.44184329435992,0.38594231733290335,4093.832685150833,530.7376409996244
n50_regular_d4__pool_power_mix_k18__piecewise_linear_degree_scaled__q_learning__r0p25,pool_power_mix,warmup_pool_power_k,18.0,k18,,18.0,50,regular,n50_regular_d4,piecewise_linear,degree_scaled,piecewise_linear_degree_scaled,q_learning,0.25,0.0,0.0,0.0,0.0,0.0,0.0,8.396873203096998,0.5572968825071847
n50_regular_d4__pool_power_mix_k18__piecewise_linear_degree_scaled__q_learning__r0p75,pool_power_mix,warmup_pool_power_k,18.0,k18,,18.0,50,regular,n50_regular_d4,piecewise_linear,degree_scaled,piecewise_linear_degree_scaled,q_learning,0.75,0.852,333.7782629944626,189.72,19.855992479662703,22.207933300486935,0.2796799886917387,4760.919773019782,487.728631522174
n50_regular_d4__pool_power_mix_k18__piecewise_linear_degree_scaled__q_learning__r1p25,pool_power_mix,warmup_pool_power_k,18.0,k18,,18.0,50,regular,n50_regular_d4,piecewise_linear,degree_scaled,piecewise_linear_degree_scaled,q_learning,1.25,0.8879999999999999,367.3481456862254,202.95999999999998,21.67300653285199,24.89218467221402,0.20722231831502427,5262.788955749571,269.6305539573721
n50_regular_d4__pool_power_mix_k18__piecewise_linear_degree_scaled__q_learning__r1p75,pool_power_mix,warmup_pool_power_k,18.0,k18,,18.0,50,regular,n50_regular_d4,piecewise_linear,degree_scaled,piecewise_linear_degree_scaled,q_learning,1.75,0.8879999999999999,364.5803987790351,202.64000000000001,21.475313052050076,25.878280752377464,0.2105662384925071,5279.422123533801,282.787868447791
n50_regular_d4__pool_power_mix_k18__piecewise_linear_degree_scaled__q_learning__r2p25,pool_power_mix,warmup_pool_power_k,18.0,k18,,18.0,50,regular,n50_regular_d4,piecewise_linear,degree_scaled,piecewise_linear_degree_scaled,q_learning,2.25,0.876,358.3345165780878,198.11999999999998,21.22231362225729,23.526507708609646,0.23283637635877005,5217.821412995296,317.27266263820064
n50_ws_k4_p0p1__pool_power_mix_k18__piecewise_linear_degree_scaled__q_learning__r0p25,pool_power_mix,warmup_pool_power_k,18.0,k18,,18.0,50,small_world,n50_ws_k4_p0p1,piecewise_linear,degree_scaled,piecewise_linear_degree_scaled,q_learning,0.25,0.0,0.0,0.0,0.0,0.0,0.0,8.77158834170882,0.614768008670092
n50_ws_k4_p0p1__pool_power_mix_k18__piecewise_linear_degree_scaled__q_learning__r0p75,pool_power_mix,warmup_pool_power_k,18.0,k18,,18.0,50,small_world,n50_ws_k4_p0p1,piecewise_linear,degree_scaled,piecewise_linear_degree_scaled,q_learning,0.75,0.8039999999999999,309.2327464799142,172.41428571428574,18.445804222476177,21.067978259848964,0.34104209565279897,4584.408860672431,261.85269931310364
n50_ws_k4_p0p1__pool_power_mix_k18__piecewise_linear_degree_scaled__q_learning__r1p25,pool_power_mix,warmup_pool_power_k,18.0,k18,,18.0,50,small_world,n50_ws_k4_p0p1,piecewise_linear,degree_scaled,piecewise_linear_degree_scaled,q_learning,1.25,0.8320000000000001,328.6501381581332,181.66190476190476,19.52467107926385,22.19359395487737,0.2999352342292074,4927.395147735877,280.59305831404515
n50_ws_k4_p0p1__pool_power_mix_k18__piecewise_linear_degree_scaled__q_learning__r1p75,pool_power_mix,warmup_pool_power_k,18.0,k18,,18.0,50,small_world,n50_ws_k4_p0p1,piecewise_linear,degree_scaled,piecewise_linear_degree_scaled,q_learning,1.75,0.8320000000000001,330.854425395337,182.89142857142855,19.717308386538605,21.0598042994175,0.29546867805414595,4976.100053214379,345.76158424995344
n50_ws_k4_p0p1__pool_power_mix_k18__piecewise_linear_degree_scaled__q_learning__r2p25,pool_power_mix,warmup_pool_power_k,18.0,k18,,18.0,50,small_world,n50_ws_k4_p0p1,piecewise_linear,degree_scaled,piecewise_linear_degree_scaled,q_learning,2.25,0.8320000000000001,333.2129003749275,181.99380952380952,19.73329266666903,23.277306258933784,0.29896475171282916,4984.573207780955,311.1950505174721
n50_ba_m2__pool_power_mix_k19__piecewise_linear_constant__fermi__r0p25,pool_power_mix,warmup_pool_power_k,19.0,k19,,19.0,50,scale_free,n50_ba_m2,piecewise_linear,constant,piecewise_linear_constant,fermi,0.25,0.004,0.8988441154431237,0.549564267089491,0.060142205569577424,0.06014220962115269,0.19599999999991277,18.38117442670486,21.841220089765777
n50_ba_m2__pool_power_mix_k19__piecewise_linear_constant__fermi__r0p75,pool_power_mix,warmup_pool_power_k,19.0,k19,,19.0,50,scale_free,n50_ba_m2,piecewise_linear,constant,piecewise_linear_constant,fermi,0.75,0.672,214.11719581714323,121.75248955722638,13.279982081290067,12.903801216019488,0.5691553678636294,3421.832680190634,980.9684593607934
n50_ba_m2__pool_power_mix_k19__piecewise_linear_constant__fermi__r1p25,pool_power_mix,warmup_pool_power_k,19.0,k19,,19.0,50,scale_free,n50_ba_m2,piecewise_linear,constant,piecewise_linear_constant,fermi,1.25,0.692,224.6047286543845,127.81433166248955,13.862739072706995,13.853195597887588,0.5561741736655615,3750.346132652987,879.360930418408
n50_ba_m2__pool_power_mix_k19__piecewise_linear_constant__fermi__r1p75,pool_power_mix,warmup_pool_power_k,19.0,k19,,19.0,50,scale_free,n50_ba_m2,piecewise_linear,constant,piecewise_linear_constant,fermi,1.75,0.6839999999999999,222.41817079249805,126.1420133667502,13.776685052835248,12.813746875721296,0.5517808206472918,3734.7141438819153,899.760551760783
n50_ba_m2__pool_power_mix_k19__piecewise_linear_constant__fermi__r2p25,pool_power_mix,warmup_pool_power_k,19.0,k19,,19.0,50,scale_free,n50_ba_m2,piecewise_linear,constant,piecewise_linear_constant,fermi,2.25,0.6839999999999999,220.24258426823354,125.36371762740184,13.614350735329287,13.59850025124085,0.5624214242823554,3691.2113535244293,934.2452867298256
n50_er_k4__pool_power_mix_k19__piecewise_linear_constant__fermi__r0p25,pool_power_mix,warmup_pool_power_k,19.0,k19,,19.0,50,erdos_renyi,n50_er_k4,piecewise_linear,constant,piecewise_linear_constant,fermi,0.25,0.0,0.0,0.0,0.0,0.0,0.0,8.399735334030625,0.6212043956568611
n50_er_k4__pool_power_mix_k19__piecewise_linear_constant__fermi__r0p75,pool_power_mix,warmup_pool_power_k,19.0,k19,,19.0,50,erdos_renyi,n50_er_k4,piecewise_linear,constant,piecewise_linear_constant,fermi,0.75,0.868,337.47958849911794,190.9504761904762,20.176680476581538,20.17668340525286,0.363301535024305,4719.567091660118,441.8358603819903
n50_er_k4__pool_power_mix_k19__piecewise_linear_constant__fermi__r1p25,pool_power_mix,warmup_pool_power_k,19.0,k19,,19.0,50,erdos_renyi,n50_er_k4,piecewise_linear,constant,piecewise_linear_constant,fermi,1.25,0.916,357.2611712676094,202.08333333333331,21.344747662598042,21.344747736459237,0.3139187989670082,5134.718033789377,444.9590124303611
n50_er_k4__pool_power_mix_k19__piecewise_linear_constant__fermi__r1p75,pool_power_mix,warmup_pool_power_k,19.0,k19,,19.0,50,erdos_renyi,n50_er_k4,piecewise_linear,constant,piecewise_linear_constant,fermi,1.75,0.9119999999999999,355.18210575077154,200.91666666666669,21.225613809624384,21.22561377293743,0.32229386030228874,5140.465594168952,432.29883630998495
n50_er_k4__pool_power_mix_k19__piecewise_linear_constant__fermi__r2p25,pool_power_mix,warmup_pool_power_k,19.0,k19,,19.0,50,erdos_renyi,n50_er_k4,piecewise_linear,constant,piecewise_linear_constant,fermi,2.25,0.9119999999999999,355.1821058009895,200.91666666666669,21.225613806002222,21.225613726341575,0.32231020043694325,5151.8171747607175,432.60614713311435
n50_regular_d4__pool_power_mix_k19__piecewise_linear_constant__fermi__r0p25,pool_power_mix,warmup_pool_power_k,19.0,k19,,19.0,50,regular,n50_regular_d4,piecewise_linear,constant,piecewise_linear_constant,fermi,0.25,0.0,0.0,0.0,0.0,0.0,0.0,8.517008369844678,0.900924753415644
n50_regular_d4__pool_power_mix_k19__piecewise_linear_constant__fermi__r0p75,pool_power_mix,warmup_pool_power_k,19.0,k19,,19.0,50,regular,n50_regular_d4,piecewise_linear,constant,piecewise_linear_constant,fermi,0.75,0.9039999999999999,377.8568370831599,213.51999999999998,22.33161218643591,22.33155073040418,0.18054725182363926,5293.360723432646,1126.5924478920733
n50_regular_d4__pool_power_mix_k19__piecewise_linear_constant__fermi__r1p25,pool_power_mix,warmup_pool_power_k,19.0,k19,,19.0,50,regular,n50_regular_d4,piecewise_linear,constant,piecewise_linear_constant,fermi,1.25,0.924,391.08105813320253,220.92,23.069467196160947,23.06947467063651,0.14098944598855548,5595.750113852506,924.2194549151568
n50_regular_d4__pool_power_mix_k19__piecewise_linear_constant__fermi__r1p75,pool_power_mix,warmup_pool_power_k,19.0,k19,,19.0,50,regular,n50_regular_d4,piecewise_linear,constant,piecewise_linear_constant,fermi,1.75,0.924,390.64781293243175,220.68,23.046126878203314,23.046060189364994,0.14741871726288855,5604.46117141313,986.5772954509797
n50_regular_d4__pool_power_mix_k19__piecewise_linear_constant__fermi__r2p25,pool_power_mix,warmup_pool_power_k,19.0,k19,,19.0,50,regular,n50_regular_d4,piecewise_linear,constant,piecewise_linear_constant,fermi,2.25,0.9199999999999999,387.71104391296484,219.04000000000002,22.884502377099498,22.884453709935705,0.15741078811667208,5570.719080349408,1015.5450996471433
n50_ws_k4_p0p1__pool_power_mix_k19__piecewise_linear_constant__fermi__r0p25,pool_power_mix,warmup_pool_power_k,19.0,k19,,19.0,50,small_world,n50_ws_k4_p0p1,piecewise_linear,constant,piecewise_linear_constant,fermi,0.25,0.0,0.0,0.0,0.0,0.0,0.0,8.697536502838677,0.9294728266100095
n50_ws_k4_p0p1__pool_power_mix_k19__piecewise_linear_constant__fermi__r0p75,pool_power_mix,warmup_pool_power_k,19.0,k19,,19.0,50,small_world,n50_ws_k4_p0p1,piecewise_linear,constant,piecewise_linear_constant,fermi,0.75,0.884,370.11197116409465,209.14142857142855,21.865443098902453,21.865442879860016,0.22256948982919603,5194.54373811241,850.2699601777817
n50_ws_k4_p0p1__pool_power_mix_k19__piecewise_linear_constant__fermi__r1p25,pool_power_mix,warmup_pool_power_k,19.0,k19,,19.0,50,small_world,n50_ws_k4_p0p1,piecewise_linear,constant,piecewise_linear_constant,fermi,1.25,0.9120000000000001,385.2759795254859,217.6538095238095,22.729819785137668,22.729819736995488,0.1902002035491213,5507.302133991123,769.259980297174
n50_ws_k4_p0p1__pool_power_mix_k19__piecewise_linear_constant__fermi__r1p75,pool_power_mix,warmup_pool_power_k,19.0,k19,,19.0,50,small_world,n50_ws_k4_p0p1,piecewise_linear,constant,piecewise_linear_constant,fermi,1.75,0.9039999999999999,380.4240779935259,214.9347619047619,22.45681586220084,22.45662995379703,0.19949015425710553,5505.04677829433,802.5635563831845
n50_ws_k4_p0p1__pool_power_mix_k19__piecewise_linear_constant__fermi__r2p25,pool_power_mix,warmup_pool_power_k,19.0,k19,,19.0,50,small_world,n50_ws_k4_p0p1,piecewise_linear,constant,piecewise_linear_constant,fermi,2.25,0.9,378.84125753120895,213.4847619047619,22.439488408508062,21.190128801797886,0.19845404806640082,5496.788206223077,844.0154760252842
n50_ba_m2__pool_power_mix_k19__piecewise_linear_degree_scaled__fermi__r0p25,pool_power_mix,warmup_pool_power_k,19.0,k19,,19.0,50,scale_free,n50_ba_m2,piecewise_linear,degree_scaled,piecewise_linear_degree_scaled,fermi,0.25,0.196,9.947074143669013,6.116110059044504,0.850227229042589,0.8487567918598249,0.8481275012452677,180.76576223955848,40.524834891734876
n50_ba_m2__pool_power_mix_k19__piecewise_linear_degree_scaled__fermi__r0p75,pool_power_mix,warmup_pool_power_k,19.0,k19,,19.0,50,scale_free,n50_ba_m2,piecewise_linear,degree_scaled,piecewise_linear_degree_scaled,fermi,0.75,0.652,135.8234147607705,77.66072906625539,8.567172467423557,8.390870904316692,0.5770790322990088,2368.8215713376308,352.2790378480844
n50_ba_m2__pool_power_mix_k19__piecewise_linear_degree_scaled__fermi__r1p25,pool_power_mix,warmup_pool_power_k,19.0,k19,,19.0,50,scale_free,n50_ba_m2,piecewise_linear,degree_scaled,piecewise_linear_degree_scaled,fermi,1.25,0.768,217.95176356228717,123.83362733757471,13.238926491604705,13.216564621257536,0.5005506076527869,3438.5394764184966,993.0507023642567
n50_ba_m2__pool_power_mix_k19__piecewise_linear_degree_scaled__fermi__r1p75,pool_power_mix,warmup_pool_power_k,19.0,k19,,19.0,50,scale_free,n50_ba_m2,piecewise_linear,degree_scaled,piecewise_linear_degree_scaled,fermi,1.75,0.772,216.69801667590204,123.14828899171005,13.169999523401799,13.168561784116253,0.5170483325339192,3430.5035702138325,951.7148515589569
n50_ba_m2__pool_power_mix_k19__piecewise_linear_degree_scaled__fermi__r2p25,pool_power_mix,warmup_pool_power_k,19.0,k19,,19.0,50,scale_free,n50_ba_m2,piecewise_linear,degree_scaled,piecewise_linear_degree_scaled,fermi,2.25,0.764,214.66764298375364,121.68259848338796,13.09884124969658,12.371815706519097,0.5320191883765681,3409.176668578925,924.0384415129034
n50_er_k4__pool_power_mix_k19__piecewise_linear_degree_scaled__fermi__r0p25,pool_power_mix,warmup_pool_power_k,19.0,k19,,19.0,50,erdos_renyi,n50_er_k4,piecewise_linear,degree_scaled,piecewise_linear_degree_scaled,fermi,0.25,0.164,6.950581509532432,4.223616128694661,0.5643290931866705,0.5643287389856925,0.8757526430326612,120.8815035942503,13.945832260675738
n50_er_k4__pool_power_mix_k19__piecewise_linear_degree_scaled__fermi__r0p75,pool_power_mix,warmup_pool_power_k,19.0,k19,,19.0,50,erdos_renyi,n50_er_k4,piecewise_linear,degree_scaled,piecewise_linear_degree_scaled,fermi,0.75,0.8479999999999999,292.54900741439957,165.46515873015875,17.348679971435836,17.348637158810455,0.385753691830377,4248.438041068349,715.917527214814
n50_er_k4__pool_power_mix_k19__piecewise_linear_degree_scaled__fermi__r1p25,pool_power_mix,warmup_pool_power_k,19.0,k19,,19.0,50,erdos_renyi,n50_er_k4,piecewise_linear,degree_scaled,piecewise_linear_degree_scaled,fermi,1.25,0.868,308.4258813667002,174.3323015873016,18.243711842886235,18.19501704934507,0.3627483675942603,4547.751180772038,554.6142689496288
n50_er_k4__pool_power_mix_k19__piecewise_linear_degree_scaled__fermi__r1p75,pool_power_mix,warmup_pool_power_k,19.0,k19,,19.0,50,erdos_renyi,n50_er_k4,piecewise_linear,degree_scaled,piecewise_linear_degree_scaled,fermi,1.75,0.8639999999999999,306.42806948259556,173.2472222222222,18.13919921724702,18.13918282893017,0.365326761468022,4546.085121322231,583.1636459076428
n50_er_k4__pool_power_mix_k19__piecewise_linear_degree_scaled__fermi__r2p25,pool_power_mix,warmup_pool_power_k,19.0,k19,,19.0,50,erdos_renyi,n50_er_k4,piecewise_linear,degree_scaled,piecewise_linear_degree_scaled,fermi,2.25,0.8640000000000001,308.2452137384047,174.26507936507934,18.242851696497844,18.242100379584542,0.3637119786914925,4548.782053314691,590.7895348206686
n50_regular_d4__pool_power_mix_k19__piecewise_linear_degree_scaled__fermi__r0p25,pool_power_mix,warmup_pool_power_k,19.0,k19,,19.0,50,regular,n50_regular_d4,piecewise_linear,degree_scaled,piecewise_linear_degree_scaled,fermi,0.25,0.0,0.0,0.0,0.0,0.0,0.0,8.517008369844678,0.900924753415644
n50_regular_d4__pool_power_mix_k19__piecewise_linear_degree_scaled__fermi__r0p75,pool_power_mix,warmup_pool_power_k,19.0,k19,,19.0,50,regular,n50_regular_d4,piecewise_linear,degree_scaled,piecewise_linear_degree_scaled,fermi,0.75,0.9039999999999999,377.8568370831599,213.51999999999998,22.33161218643591,22.33155073040418,0.18054725182363926,5293.360723432646,1126.5924478920733
n50_regular_d4__pool_power_mix_k19__piecewise_linear_degree_scaled__fermi__r1p25,pool_power_mix,warmup_pool_power_k,19.0,k19,,19.0,50,regular,n50_regular_d4,piecewise_linear,degree_scaled,piecewise_linear_degree_scaled,fermi,1.25,0.924,391.08105813320253,220.92,23.069467196160947,23.06947467063651,0.14098944598855548,5595.750113852506,924.2194549151568
n50_regular_d4__pool_power_mix_k19__piecewise_linear_degree_scaled__fermi__r1p75,pool_power_mix,warmup_pool_power_k,19.0,k19,,19.0,50,regular,n50_regular_d4,piecewise_linear,degree_scaled,piecewise_linear_degree_scaled,fermi,1.75,0.924,390.64781293243175,220.68,23.046126878203314,23.046060189364994,0.14741871726288855,5604.46117141313,986.5772954509797
n50_regular_d4__pool_power_mix_k19__piecewise_linear_degree_scaled__fermi__r2p25,pool_power_mix,warmup_pool_power_k,19.0,k19,,19.0,50,regular,n50_regular_d4,piecewise_linear,degree_scaled,piecewise_linear_degree_scaled,fermi,2.25,0.9199999999999999,387.71104391296484,219.04000000000002,22.884502377099498,22.884453709935705,0.15741078811667208,5570.719080349408,1015.5450996471433
n50_ws_k4_p0p1__pool_power_mix_k19__piecewise_linear_degree_scaled__fermi__r0p25,pool_power_mix,warmup_pool_power_k,19.0,k19,,19.0,50,small_world,n50_ws_k4_p0p1,piecewise_linear,degree_scaled,piecewise_linear_degree_scaled,fermi,0.25,0.0,0.0,0.0,0.0,0.0,0.0,9.055544941963879,1.0259766578669347
n50_ws_k4_p0p1__pool_power_mix_k19__piecewise_linear_degree_scaled__fermi__r0p75,pool_power_mix,warmup_pool_power_k,19.0,k19,,19.0,50,small_world,n50_ws_k4_p0p1,piecewise_linear,degree_scaled,piecewise_linear_degree_scaled,fermi,0.75,0.9199999999999999,388.3992081708484,219.4038095238095,22.90820545847517,22.90820541829549,0.1704624786978304,5401.197919505914,673.4297276445541
n50_ws_k4_p0p1__pool_power_mix_k19__piecewise_linear_degree_scaled__fermi__r1p25,pool_power_mix,warmup_pool_power_k,19.0,k19,,19.0,50,small_world,n50_ws_k4_p0p1,piecewise_linear,degree_scaled,piecewise_linear_degree_scaled,fermi,1.25,0.9199999999999999,389.32624369286134,219.9138095238095,22.95468766004154,22.9546876947162,0.17723928742702785,5579.250505669638,622.3687373981327
n50_ws_k4_p0p1__pool_power_mix_k19__piecewise_linear_degree_scaled__fermi__r1p75,pool_power_mix,warmup_pool_power_k,19.0,k19,,19.0,50,small_world,n50_ws_k4_p0p1,piecewise_linear,degree_scaled,piecewise_linear_degree_scaled,fermi,1.75,0.916,387.0811524930444,218.6538095238095,22.827233225358277,22.827233329216394,0.18355474545735012,5581.988525447561,644.5194695083231
n50_ws_k4_p0p1__pool_power_mix_k19__piecewise_linear_degree_scaled__fermi__r2p25,pool_power_mix,warmup_pool_power_k,19.0,k19,,19.0,50,small_world,n50_ws_k4_p0p1,piecewise_linear,degree_scaled,piecewise_linear_degree_scaled,fermi,2.25,0.916,387.0811528328373,218.6538095238095,22.827233046214005,22.827233168567787,0.18363737890838086,5587.277990163768,656.409076271402
n50_ba_m2__pool_power_mix_k19__piecewise_linear_constant__q_learning__r0p25,pool_power_mix,warmup_pool_power_k,19.0,k19,,19.0,50,scale_free,n50_ba_m2,piecewise_linear,constant,piecewise_linear_constant,q_learning,0.25,0.008,1.796611308266911,1.0986573805330226,0.12022373944229084,0.12036025886338564,0.39199999999982543,28.732565948622344,25.748825420244902
n50_ba_m2__pool_power_mix_k19__piecewise_linear_constant__q_learning__r0p75,pool_power_mix,warmup_pool_power_k,19.0,k19,,19.0,50,scale_free,n50_ba_m2,piecewise_linear,constant,piecewise_linear_constant,q_learning,0.75,0.636,183.9978693941664,103.29010304591914,11.525012959511198,13.98002999586701,0.564435467605894,3074.0551123210944,541.6092443395344
n50_ba_m2__pool_power_mix_k19__piecewise_linear_constant__q_learning__r1p25,pool_power_mix,warmup_pool_power_k,19.0,k19,,19.0,50,scale_free,n50_ba_m2,piecewise_linear,constant,piecewise_linear_constant,q_learning,1.25,0.652,186.32227279104998,102.10554302422725,11.949945967075397,10.348362014415708,0.5684754457126351,3245.9021102983124,569.5205448660266
n50_ba_m2__pool_power_mix_k19__piecewise_linear_constant__q_learning__r1p75,pool_power_mix,warmup_pool_power_k,19.0,k19,,19.0,50,scale_free,n50_ba_m2,piecewise_linear,constant,piecewise_linear_constant,q_learning,1.75,0.6679999999999999,192.7646517566182,108.85827678169785,12.252475846265883,12.270064066588763,0.5538169625258372,3259.534790066283,602.4127174200197
n50_ba_m2__pool_power_mix_k19__piecewise_linear_constant__q_learning__r2p25,pool_power_mix,warmup_pool_power_k,19.0,k19,,19.0,50,scale_free,n50_ba_m2,piecewise_linear,constant,piecewise_linear_constant,q_learning,2.25,0.652,187.83574215546227,107.56196002827582,11.838347484473337,13.801284685972798,0.5634779921062754,3201.0253852195697,531.3473204986764
n50_er_k4__pool_power_mix_k19__piecewise_linear_constant__q_learning__r0p25,pool_power_mix,warmup_pool_power_k,19.0,k19,,19.0,50,erdos_renyi,n50_er_k4,piecewise_linear,constant,piecewise_linear_constant,q_learning,0.25,0.0,0.0,0.0,0.0,0.0,0.0,8.076759467831545,0.5335445548192924
n50_er_k4__pool_power_mix_k19__piecewise_linear_constant__q_learning__r0p75,pool_power_mix,warmup_pool_power_k,19.0,k19,,19.0,50,erdos_renyi,n50_er_k4,piecewise_linear,constant,piecewise_linear_constant,q_learning,0.75,0.784,285.53752174631,157.7234126984127,17.160875189871103,20.62406363478572,0.4270314067901162,4135.811569178787,281.9667709140482
n50_er_k4__pool_power_mix_k19__piecewise_linear_constant__q_learning__r1p25,pool_power_mix,warmup_pool_power_k,19.0,k19,,19.0,50,erdos_renyi,n50_er_k4,piecewise_linear,constant,piecewise_linear_constant,q_learning,1.25,0.828,308.78224756893894,171.95484126984127,18.705895703715907,18.373741818602124,0.3934576873861261,4541.854323973568,282.2024933054962
n50_er_k4__pool_power_mix_k19__piecewise_linear_constant__q_learning__r1p75,pool_power_mix,warmup_pool_power_k,19.0,k19,,19.0,50,erdos_renyi,n50_er_k4,piecewise_linear,constant,piecewise_linear_constant,q_learning,1.75,0.8320000000000001,305.90941314149467,171.38579365079363,18.31043121734195,22.782680687986204,0.3912271389414129,4586.755387818962,290.9289028890687
n50_er_k4__pool_power_mix_k19__piecewise_linear_constant__q_learning__r2p25,pool_power_mix,warmup_pool_power_k,19.0,k19,,19.0,50,erdos_renyi,n50_er_k4,piecewise_linear,constant,piecewise_linear_constant,q_learning,2.25,0.8160000000000001,302.66661520377806,165.42023809523806,18.15113885223098,21.965772073849617,0.40046667404356207,4542.351751718615,301.1791563866493
n50_regular_d4__pool_power_mix_k19__piecewise_linear_constant__q_learning__r0p25,pool_power_mix,warmup_pool_power_k,19.0,k19,,19.0,50,regular,n50_regular_d4,piecewise_linear,constant,piecewise_linear_constant,q_learning,0.25,0.0,0.0,0.0,0.0,0.0,0.0,8.396873203096998,0.5572968825071847
n50_regular_d4__pool_power_mix_k19__piecewise_linear_constant__q_learning__r0p75,pool_power_mix,warmup_pool_power_k,19.0,k19,,19.0,50,regular,n50_regular_d4,piecewise_linear,constant,piecewise_linear_constant,q_learning,0.75,0.8480000000000001,334.836988629746,188.07999999999998,19.900096765245237,22.421863711481514,0.2856577873686979,4770.557030972568,480.15835951278416
n50_regular_d4__pool_power_mix_k19__piecewise_linear_constant__q_learning__r1p25,pool_power_mix,warmup_pool_power_k,19.0,k19,,19.0,50,regular,n50_regular_d4,piecewise_linear,constant,piecewise_linear_constant,q_learning,1.25,0.8879999999999999,367.46516921856465,202.95999999999998,21.675821790551474,24.948166688255967,0.21289298337873336,5257.31698643579,273.1948422959679
n50_regular_d4__pool_power_mix_k19__piecewise_linear_constant__q_learning__r1p75,pool_power_mix,warmup_pool_power_k,19.0,k19,,19.0,50,regular,n50_regular_d4,piecewise_linear,constant,piecewise_linear_constant,q_learning,1.75,0.884,362.60540197866663,201.24,21.389385853106564,25.225569639868933,0.22357080537992213,5264.850092345436,286.3692726695688
n50_regular_d4__pool_power_mix_k19__piecewise_linear_constant__q_learning__r2p25,pool_power_mix,warmup_pool_power_k,19.0,k19,,19.0,50,regular,n50_regular_d4,piecewise_linear,constant,piecewise_linear_constant,q_learning,2.25,0.8719999999999999,356.0885694522368,196.88000000000002,21.1018163462428,23.259653876269446,0.23810409491853904,5209.582194769271,319.62499410903877
n50_ws_k4_p0p1__pool_power_mix_k19__piecewise_linear_constant__q_learning__r0p25,pool_power_mix,warmup_pool_power_k,19.0,k19,,19.0,50,small_world,n50_ws_k4_p0p1,piecewise_linear,constant,piecewise_linear_constant,q_learning,0.25,0.0,0.0,0.0,0.0,0.0,0.0,8.393175661074954,0.5415427925525289
n50_ws_k4_p0p1__pool_power_mix_k19__piecewise_linear_constant__q_learning__r0p75,pool_power_mix,warmup_pool_power_k,19.0,k19,,19.0,50,small_world,n50_ws_k4_p0p1,piecewise_linear,constant,piecewise_linear_constant,q_learning,0.75,0.8,309.98328436018284,174.54583392419048,18.490054839437903,20.390703604103557,0.3491119061868781,4623.775792078416,434.11312335384565
n50_ws_k4_p0p1__pool_power_mix_k19__piecewise_linear_constant__q_learning__r1p25,pool_power_mix,warmup_pool_power_k,19.0,k19,,19.0,50,small_world,n50_ws_k4_p0p1,piecewise_linear,constant,piecewise_linear_constant,q_learning,1.25,0.844,347.3066026128171,189.12,20.519663995255172,23.71821071422771,0.27078443116546536,5127.470987556755,233.15826252742323
n50_ws_k4_p0p1__pool_power_mix_k19__piecewise_linear_constant__q_learning__r1p75,pool_power_mix,warmup_pool_power_k,19.0,k19,,19.0,50,small_world,n50_ws_k4_p0p1,piecewise_linear,constant,piecewise_linear_constant,q_learning,1.75,0.844,342.14207202425797,189.35333333333332,20.28855867857806,22.641032412851494,0.27980836827583444,5120.5600832612445,257.97646781066106
n50_ws_k4_p0p1__pool_power_mix_k19__piecewise_linear_constant__q_learning__r2p25,pool_power_mix,warmup_pool_power_k,19.0,k19,,19.0,50,small_world,n50_ws_k4_p0p1,piecewise_linear,constant,piecewise_linear_constant,q_learning,2.25,0.8400000000000001,341.23899550618023,187.02,20.305276129403108,21.42268759178991,0.28311371804074964,5096.846690221274,300.3827372045617
n50_ba_m2__pool_power_mix_k19__piecewise_linear_degree_scaled__q_learning__r0p25,pool_power_mix,warmup_pool_power_k,19.0,k19,,19.0,50,scale_free,n50_ba_m2,piecewise_linear,degree_scaled,piecewise_linear_degree_scaled,q_learning,0.25,0.07599999999999998,3.3635036676636787,2.0759159835665044,0.3159732927794462,0.29576503512287144,0.9347732468462743,108.5605447141132,17.52057433108203
n50_ba_m2__pool_power_mix_k19__piecewise_linear_degree_scaled__q_learning__r0p75,pool_power_mix,warmup_pool_power_k,19.0,k19,,19.0,50,scale_free,n50_ba_m2,piecewise_linear,degree_scaled,piecewise_linear_degree_scaled,q_learning,0.75,0.66,140.88577837366293,78.5763726624253,8.8956775036299,8.397375603715485,0.5636084898414762,2348.8312717717745,309.0114808289557
n50_ba_m2__pool_power_mix_k19__piecewise_linear_degree_scaled__q_learning__r1p25,pool_power_mix,warmup_pool_power_k,19.0,k19,,19.0,50,scale_free,n50_ba_m2,piecewise_linear,degree_scaled,piecewise_linear_degree_scaled,q_learning,1.25,0.752,201.10094724223262,116.29499260972946,12.463551428661557,10.421243283800537,0.529645520233965,3281.0970565195603,673.6129564306202
n50_ba_m2__pool_power_mix_k19__piecewise_linear_degree_scaled__q_learning__r1p75,pool_power_mix,warmup_pool_power_k,19.0,k19,,19.0,50,scale_free,n50_ba_m2,piecewise_linear,degree_scaled,piecewise_linear_degree_scaled,q_learning,1.75,0.744,203.59004326074614,109.04295739348372,12.460788360235826,13.305114691896216,0.510364889517911,3325.125912055982,585.9316961972911
n50_ba_m2__pool_power_mix_k19__piecewise_linear_degree_scaled__q_learning__r2p25,pool_power_mix,warmup_pool_power_k,19.0,k19,,19.0,50,scale_free,n50_ba_m2,piecewise_linear,degree_scaled,piecewise_linear_degree_scaled,q_learning,2.25,0.748,205.87153020100487,116.39284686074159,12.604931332579643,13.175192558643593,0.4943994661932316,3304.033720802091,773.1932864349624
n50_er_k4__pool_power_mix_k19__piecewise_linear_degree_scaled__q_learning__r0p25,pool_power_mix,warmup_pool_power_k,19.0,k19,,19.0,50,erdos_renyi,n50_er_k4,piecewise_linear,degree_scaled,piecewise_linear_degree_scaled,q_learning,0.25,0.132,5.943754936438844,3.3880146977793673,0.4466005206025363,0.4343450449906536,0.901991279569979,103.7600466938101,12.632725825025442
n50_er_k4__pool_power_mix_k19__piecewise_linear_degree_scaled__q_learning__r0p75,pool_power_mix,warmup_pool_power_k,19.0,k19,,19.0,50,erdos_renyi,n50_er_k4,piecewise_linear,degree_scaled,piecewise_linear_degree_scaled,q_learning,0.75,0.8,258.0404397060154,141.94992063492063,15.355625751886777,18.026418421775396,0.42009441179158885,3782.814871718861,423.08614754039286
n50_er_k4__pool_power_mix_k19__piecewise_linear_degree_scaled__q_learning__r1p25,pool_power_mix,warmup_pool_power_k,19.0,k19,,19.0,50,erdos_renyi,n50_er_k4,piecewise_linear,degree_scaled,piecewise_linear_degree_scaled,q_learning,1.25,0.852,293.48551181644797,163.775,17.389526819258354,19.39650736938419,0.37278777218970394,4219.345046854875,519.3243996251103
n50_er_k4__pool_power_mix_k19__piecewise_linear_degree_scaled__q_learning__r1p75,pool_power_mix,warmup_pool_power_k,19.0,k19,,19.0,50,erdos_renyi,n50_er_k4,piecewise_linear,degree_scaled,piecewise_linear_degree_scaled,q_learning,1.75,0.836,283.9873508182146,157.6345238095238,16.812776909102904,19.407166915724375,0.3845320624712793,4209.484788494937,550.2604842522677
n50_er_k4__pool_power_mix_k19__piecewise_linear_degree_scaled__q_learning__r2p25,pool_power_mix,warmup_pool_power_k,19.0,k19,,19.0,50,erdos_renyi,n50_er_k4,piecewise_linear,degree_scaled,piecewise_linear_degree_scaled,q_learning,2.25,0.8320000000000001,285.1855280503852,160.3997619047619,16.909938502231704,19.315496008980016,0.3753937353269802,4179.3828737161875,487.0780557029867
n50_regular_d4__pool_power_mix_k19__piecewise_linear_degree_scaled__q_learning__r0p25,pool_power_mix,warmup_pool_power_k,19.0,k19,,19.0,50,regular,n50_regular_d4,piecewise_linear,degree_scaled,piecewise_linear_degree_scaled,q_learning,0.25,0.0,0.0,0.0,0.0,0.0,0.0,8.396873203096998,0.5572968825071847
n50_regular_d4__pool_power_mix_k19__piecewise_linear_degree_scaled__q_learning__r0p75,pool_power_mix,warmup_pool_power_k,19.0,k19,,19.0,50,regular,n50_regular_d4,piecewise_linear,degree_scaled,piecewise_linear_degree_scaled,q_learning,0.75,0.8480000000000001,334.836988629746,188.07999999999998,19.900096765245237,22.421863711481514,0.2856577873686979,4770.557030972568,480.15835951278416
n50_regular_d4__pool_power_mix_k19__piecewise_linear_degree_scaled__q_learning__r1p25,pool_power_mix,warmup_pool_power_k,19.0,k19,,19.0,50,regular,n50_regular_d4,piecewise_linear,degree_scaled,piecewise_linear_degree_scaled,q_learning,1.25,0.8879999999999999,367.46516921856465,202.95999999999998,21.675821790551474,24.948166688255967,0.21289298337873336,5257.31698643579,273.1948422959679
n50_regular_d4__pool_power_mix_k19__piecewise_linear_degree_scaled__q_learning__r1p75,pool_power_mix,warmup_pool_power_k,19.0,k19,,19.0,50,regular,n50_regular_d4,piecewise_linear,degree_scaled,piecewise_linear_degree_scaled,q_learning,1.75,0.884,362.60540197866663,201.24,21.389385853106564,25.225569639868933,0.22357080537992213,5264.850092345436,286.3692726695688
n50_regular_d4__pool_power_mix_k19__piecewise_linear_degree_scaled__q_learning__r2p25,pool_power_mix,warmup_pool_power_k,19.0,k19,,19.0,50,regular,n50_regular_d4,piecewise_linear,degree_scaled,piecewise_linear_degree_scaled,q_learning,2.25,0.8719999999999999,356.0885694522368,196.88000000000002,21.1018163462428,23.259653876269446,0.23810409491853904,5209.582194769271,319.62499410903877
n50_ws_k4_p0p1__pool_power_mix_k19__piecewise_linear_degree_scaled__q_learning__r0p25,pool_power_mix,warmup_pool_power_k,19.0,k19,,19.0,50,small_world,n50_ws_k4_p0p1,piecewise_linear,degree_scaled,piecewise_linear_degree_scaled,q_learning,0.25,0.0,0.0,0.0,0.0,0.0,0.0,8.77158834170882,0.614768008670092
n50_ws_k4_p0p1__pool_power_mix_k19__piecewise_linear_degree_scaled__q_learning__r0p75,pool_power_mix,warmup_pool_power_k,19.0,k19,,19.0,50,small_world,n50_ws_k4_p0p1,piecewise_linear,degree_scaled,piecewise_linear_degree_scaled,q_learning,0.75,0.804,308.95670073005977,172.5667418198205,18.45398221031001,20.6081818963931,0.3428976082406919,4591.886172999404,256.1160523652032
n50_ws_k4_p0p1__pool_power_mix_k19__piecewise_linear_degree_scaled__q_learning__r1p25,pool_power_mix,warmup_pool_power_k,19.0,k19,,19.0,50,small_world,n50_ws_k4_p0p1,piecewise_linear,degree_scaled,piecewise_linear_degree_scaled,q_learning,1.25,0.8160000000000001,316.3653418098053,176.63095238095235,18.813488667412223,21.813077958678228,0.32014627633406917,4893.375508817305,260.4080993380607
n50_ws_k4_p0p1__pool_power_mix_k19__piecewise_linear_degree_scaled__q_learning__r1p75,pool_power_mix,warmup_pool_power_k,19.0,k19,,19.0,50,small_world,n50_ws_k4_p0p1,piecewise_linear,degree_scaled,piecewise_linear_degree_scaled,q_learning,1.75,0.8320000000000001,332.65444684798575,182.52809523809523,19.850228583800053,20.633373391035146,0.30180354006290255,4964.119486376166,344.61537978299316
n50_ws_k4_p0p1__pool_power_mix_k19__piecewise_linear_degree_scaled__q_learning__r2p25,pool_power_mix,warmup_pool_power_k,19.0,k19,,19.0,50,small_world,n50_ws_k4_p0p1,piecewise_linear,degree_scaled,piecewise_linear_degree_scaled,q_learning,2.25,0.8240000000000001,329.36778223464245,179.30904761904762,19.598538954702196,21.69268365125668,0.30679626016095335,4962.798732721139,323.29412492959335
n50_ba_m2__pool_power_mix_k20__piecewise_linear_constant__fermi__r0p25,pool_power_mix,warmup_pool_power_k,20.0,k20,,20.0,50,scale_free,n50_ba_m2,piecewise_linear,constant,piecewise_linear_constant,fermi,0.25,0.004,0.8988441154431237,0.549564267089491,0.060142205569577424,0.06014220962115269,0.19599999999991277,18.38117442670486,21.841220089765777
n50_ba_m2__pool_power_mix_k20__piecewise_linear_constant__fermi__r0p75,pool_power_mix,warmup_pool_power_k,20.0,k20,,20.0,50,scale_free,n50_ba_m2,piecewise_linear,constant,piecewise_linear_constant,fermi,0.75,0.672,214.04960893171105,121.73682411156094,13.273954271111828,12.95008502029906,0.5795614253755886,3402.9234502968757,994.9656339918532
n50_ba_m2__pool_power_mix_k20__piecewise_linear_constant__fermi__r1p25,pool_power_mix,warmup_pool_power_k,20.0,k20,,20.0,50,scale_free,n50_ba_m2,piecewise_linear,constant,piecewise_linear_constant,fermi,1.25,0.6839999999999999,222.62197103578174,125.94371762740184,13.746765982267519,13.74669823675443,0.5537966242224028,3718.8089031140044,877.8957309847053
n50_ba_m2__pool_power_mix_k20__piecewise_linear_constant__fermi__r1p75,pool_power_mix,warmup_pool_power_k,20.0,k20,,20.0,50,scale_free,n50_ba_m2,piecewise_linear,constant,piecewise_linear_constant,fermi,1.75,0.68,220.3162512674062,125.3920133667502,13.601750187712497,13.598025278381723,0.5557397624141576,3703.2857846544284,899.5653126337867
n50_ba_m2__pool_power_mix_k20__piecewise_linear_constant__fermi__r2p25,pool_power_mix,warmup_pool_power_k,20.0,k20,,20.0,50,scale_free,n50_ba_m2,piecewise_linear,constant,piecewise_linear_constant,fermi,2.25,0.6839999999999999,220.22257202514712,124.67643692564745,13.627172856020405,13.627128970127348,0.5631120460759313,3654.302928647315,952.368960883335
n50_er_k4__pool_power_mix_k20__piecewise_linear_constant__fermi__r0p25,pool_power_mix,warmup_pool_power_k,20.0,k20,,20.0,50,erdos_renyi,n50_er_k4,piecewise_linear,constant,piecewise_linear_constant,fermi,0.25,0.0,0.0,0.0,0.0,0.0,0.0,8.399735334030625,0.6212043956568611
n50_er_k4__pool_power_mix_k20__piecewise_linear_constant__fermi__r0p75,pool_power_mix,warmup_pool_power_k,20.0,k20,,20.0,50,erdos_renyi,n50_er_k4,piecewise_linear,constant,piecewise_linear_constant,fermi,0.75,0.868,337.48157816609285,190.9504761904762,20.175686143631445,20.17568807122811,0.3677620683258004,4718.946262292779,441.6412112184016
n50_er_k4__pool_power_mix_k20__piecewise_linear_constant__fermi__r1p25,pool_power_mix,warmup_pool_power_k,20.0,k20,,20.0,50,erdos_renyi,n50_er_k4,piecewise_linear,constant,piecewise_linear_constant,fermi,1.25,0.9119999999999999,355.1826444740203,200.91666666666669,21.22534444157359,21.225344417739347,0.3255605667174041,5109.620311049186,434.1281800002344
n50_er_k4__pool_power_mix_k20__piecewise_linear_constant__fermi__r1p75,pool_power_mix,warmup_pool_power_k,20.0,k20,,20.0,50,erdos_renyi,n50_er_k4,piecewise_linear,constant,piecewise_linear_constant,fermi,1.75,0.9079999999999998,353.16745620531424,199.78523809523807,21.109520855413127,21.109499129748805,0.32520055994536606,5132.632770093035,432.8450313528221
n50_er_k4__pool_power_mix_k20__piecewise_linear_constant__fermi__r2p25,pool_power_mix,warmup_pool_power_k,20.0,k20,,20.0,50,erdos_renyi,n50_er_k4,piecewise_linear,constant,piecewise_linear_constant,fermi,2.25,0.9079999999999998,353.16743791197683,199.78523809523807,21.10952799802259,21.109510280476798,0.3252434865981918,5144.792385924178,433.1194638430136
n50_regular_d4__pool_power_mix_k20__piecewise_linear_constant__fermi__r0p25,pool_power_mix,warmup_pool_power_k,20.0,k20,,20.0,50,regular,n50_regular_d4,piecewise_linear,constant,piecewise_linear_constant,fermi,0.25,0.0,0.0,0.0,0.0,0.0,0.0,8.517008369844678,0.900924753415644
n50_regular_d4__pool_power_mix_k20__piecewise_linear_constant__fermi__r0p75,pool_power_mix,warmup_pool_power_k,20.0,k20,,20.0,50,regular,n50_regular_d4,piecewise_linear,constant,piecewise_linear_constant,fermi,0.75,0.9,376.019802236505,212.43232421891148,22.22744205534575,22.132755708149205,0.18241502816240568,5284.48134534705,1130.3812578717339
n50_regular_d4__pool_power_mix_k20__piecewise_linear_constant__fermi__r1p25,pool_power_mix,warmup_pool_power_k,20.0,k20,,20.0,50,regular,n50_regular_d4,piecewise_linear,constant,piecewise_linear_constant,fermi,1.25,0.924,391.08060934305865,220.92,23.069621067421025,23.069769589520305,0.143348153872316,5593.387556952508,928.8939333275588
n50_regular_d4__pool_power_mix_k20__piecewise_linear_constant__fermi__r1p75,pool_power_mix,warmup_pool_power_k,20.0,k20,,20.0,50,regular,n50_regular_d4,piecewise_linear,constant,piecewise_linear_constant,fermi,1.75,0.924,390.64767923628153,220.68,23.046186843437027,23.046133920281413,0.15095210356093802,5595.173672071677,1005.0495887650301
n50_regular_d4__pool_power_mix_k20__piecewise_linear_constant__fermi__r2p25,pool_power_mix,warmup_pool_power_k,20.0,k20,,20.0,50,regular,n50_regular_d4,piecewise_linear,constant,piecewise_linear_constant,fermi,2.25,0.916,385.65583158238485,217.88000000000002,22.76415991475963,22.760008502855523,0.15929620223182756,5558.399536859562,1033.9830084446564
n50_ws_k4_p0p1__pool_power_mix_k20__piecewise_linear_constant__fermi__r0p25,pool_power_mix,warmup_pool_power_k,20.0,k20,,20.0,50,small_world,n50_ws_k4_p0p1,piecewise_linear,constant,piecewise_linear_constant,fermi,0.25,0.0,0.0,0.0,0.0,0.0,0.0,8.697536502838677,0.9294728266100095
n50_ws_k4_p0p1__pool_power_mix_k20__piecewise_linear_constant__fermi__r0p75,pool_power_mix,warmup_pool_power_k,20.0,k20,,20.0,50,small_world,n50_ws_k4_p0p1,piecewise_linear,constant,piecewise_linear_constant,fermi,0.75,0.8799999999999999,367.3755759108076,207.61093648965615,21.713182150917802,21.7131504382952,0.2312423645935327,5159.385181063618,904.622765589639
n50_ws_k4_p0p1__pool_power_mix_k20__piecewise_linear_constant__fermi__r1p25,pool_power_mix,warmup_pool_power_k,20.0,k20,,20.0,50,small_world,n50_ws_k4_p0p1,piecewise_linear,constant,piecewise_linear_constant,fermi,1.25,0.9,377.8345241214379,213.4847619047619,22.312030724831892,22.310968963254037,0.20363087256181642,5460.927600985488,816.8978649250487
n50_ws_k4_p0p1__pool_power_mix_k20__piecewise_linear_constant__fermi__r1p75,pool_power_mix,warmup_pool_power_k,20.0,k20,,20.0,50,small_world,n50_ws_k4_p0p1,piecewise_linear,constant,piecewise_linear_constant,fermi,1.75,0.9,377.9255457875191,213.4847619047619,22.322177860698662,22.209800161305985,0.20179272758047057,5479.341598883594,842.1591307464718
n50_ws_k4_p0p1__pool_power_mix_k20__piecewise_linear_constant__fermi__r2p25,pool_power_mix,warmup_pool_power_k,20.0,k20,,20.0,50,small_world,n50_ws_k4_p0p1,piecewise_linear,constant,piecewise_linear_constant,fermi,2.25,0.9039999999999999,380.09087396865823,214.75142857142856,22.439991459415342,22.439991714783517,0.2011949104330871,5488.203389354354,856.8277588240084
n50_ba_m2__pool_power_mix_k20__piecewise_linear_degree_scaled__fermi__r0p25,pool_power_mix,warmup_pool_power_k,20.0,k20,,20.0,50,scale_free,n50_ba_m2,piecewise_linear,degree_scaled,piecewise_linear_degree_scaled,fermi,0.25,0.196,9.947074143669013,6.116110059044504,0.850227229042589,0.8487567918598249,0.8481275012452677,180.76576223955848,40.524834891734876
n50_ba_m2__pool_power_mix_k20__piecewise_linear_degree_scaled__fermi__r0p75,pool_power_mix,warmup_pool_power_k,20.0,k20,,20.0,50,scale_free,n50_ba_m2,piecewise_linear,degree_scaled,piecewise_linear_degree_scaled,fermi,0.75,0.652,135.7248238354346,77.66072906625539,8.555094867102195,8.501539429973977,0.5787275355843964,2367.42181589596,353.3195658141386
n50_ba_m2__pool_power_mix_k20__piecewise_linear_degree_scaled__fermi__r1p25,pool_power_mix,warmup_pool_power_k,20.0,k20,,20.0,50,scale_free,n50_ba_m2,piecewise_linear,degree_scaled,piecewise_linear_degree_scaled,fermi,1.25,0.776,220.1713139434275,125.04251622646362,13.367985433439767,13.261733076059901,0.5065123960793205,3434.407999424099,989.2368935613123
n50_ba_m2__pool_power_mix_k20__piecewise_linear_degree_scaled__fermi__r1p75,pool_power_mix,warmup_pool_power_k,20.0,k20,,20.0,50,scale_free,n50_ba_m2,piecewise_linear,degree_scaled,piecewise_linear_degree_scaled,fermi,1.75,0.772,216.69886631119675,123.14828899171005,13.169580165159477,13.168131507063856,0.5168108108925529,3423.1106996034096,949.7216062881793
n50_ba_m2__pool_power_mix_k20__piecewise_linear_degree_scaled__fermi__r2p25,pool_power_mix,warmup_pool_power_k,20.0,k20,,20.0,50,scale_free,n50_ba_m2,piecewise_linear,degree_scaled,piecewise_linear_degree_scaled,fermi,2.25,0.764,213.2014971654412,121.12783657862606,12.983532260076563,12.838643731734331,0.538369586370529,3391.893377985319,927.395834814066
n50_er_k4__pool_power_mix_k20__piecewise_linear_degree_scaled__fermi__r0p25,pool_power_mix,warmup_pool_power_k,20.0,k20,,20.0,50,erdos_renyi,n50_er_k4,piecewise_linear,degree_scaled,piecewise_linear_degree_scaled,fermi,0.25,0.164,6.950581509532432,4.223616128694661,0.5643290931866705,0.5643287389856925,0.8757526430326612,120.88150359424938,13.945832260675585
n50_er_k4__pool_power_mix_k20__piecewise_linear_degree_scaled__fermi__r0p75,pool_power_mix,warmup_pool_power_k,20.0,k20,,20.0,50,erdos_renyi,n50_er_k4,piecewise_linear,degree_scaled,piecewise_linear_degree_scaled,fermi,0.75,0.836,287.10251298257816,162.1275396825397,17.064155732048654,16.462351126553035,0.3938282822975071,4231.78559288614,720.1386130471756
n50_er_k4__pool_power_mix_k20__piecewise_linear_degree_scaled__fermi__r1p25,pool_power_mix,warmup_pool_power_k,20.0,k20,,20.0,50,erdos_renyi,n50_er_k4,piecewise_linear,degree_scaled,piecewise_linear_degree_scaled,fermi,1.25,0.8639999999999999,306.31598493827045,173.17507936507934,18.125256377127297,18.124924499089328,0.3675121813746648,4525.265067075414,570.4234870649547
n50_er_k4__pool_power_mix_k20__piecewise_linear_degree_scaled__fermi__r1p75,pool_power_mix,warmup_pool_power_k,20.0,k20,,20.0,50,erdos_renyi,n50_er_k4,piecewise_linear,degree_scaled,piecewise_linear_degree_scaled,fermi,1.75,0.8639999999999999,307.7046217346964,173.96507936507936,18.212766185804753,18.212777893985876,0.36525720633214254,4521.245935390421,584.0954019136273
n50_er_k4__pool_power_mix_k20__piecewise_linear_degree_scaled__fermi__r2p25,pool_power_mix,warmup_pool_power_k,20.0,k20,,20.0,50,erdos_renyi,n50_er_k4,piecewise_linear,degree_scaled,piecewise_linear_degree_scaled,fermi,2.25,0.8640000000000001,308.2492248374457,174.26507936507934,18.240467729889943,18.24047324715145,0.3681390456478933,4541.098795813833,591.922630458973
n50_regular_d4__pool_power_mix_k20__piecewise_linear_degree_scaled__fermi__r0p25,pool_power_mix,warmup_pool_power_k,20.0,k20,,20.0,50,regular,n50_regular_d4,piecewise_linear,degree_scaled,piecewise_linear_degree_scaled,fermi,0.25,0.0,0.0,0.0,0.0,0.0,0.0,8.517008369844678,0.900924753415644
n50_regular_d4__pool_power_mix_k20__piecewise_linear_degree_scaled__fermi__r0p75,pool_power_mix,warmup_pool_power_k,20.0,k20,,20.0,50,regular,n50_regular_d4,piecewise_linear,degree_scaled,piecewise_linear_degree_scaled,fermi,0.75,0.9,376.019802236505,212.43232421891148,22.22744205534575,22.132755708149205,0.18241502816240568,5284.48134534705,1130.3812578717339
n50_regular_d4__pool_power_mix_k20__piecewise_linear_degree_scaled__fermi__r1p25,pool_power_mix,warmup_pool_power_k,20.0,k20,,20.0,50,regular,n50_regular_d4,piecewise_linear,degree_scaled,piecewise_linear_degree_scaled,fermi,1.25,0.924,391.08060934305865,220.92,23.069621067421025,23.069769589520305,0.143348153872316,5593.387556952508,928.8939333275588
n50_regular_d4__pool_power_mix_k20__piecewise_linear_degree_scaled__fermi__r1p75,pool_power_mix,warmup_pool_power_k,20.0,k20,,20.0,50,regular,n50_regular_d4,piecewise_linear,degree_scaled,piecewise_linear_degree_scaled,fermi,1.75,0.924,390.64767923628153,220.68,23.046186843437027,23.046133920281413,0.15095210356093802,5595.173672071677,1005.0495887650301
n50_regular_d4__pool_power_mix_k20__piecewise_linear_degree_scaled__fermi__r2p25,pool_power_mix,warmup_pool_power_k,20.0,k20,,20.0,50,regular,n50_regular_d4,piecewise_linear,degree_scaled,piecewise_linear_degree_scaled,fermi,2.25,0.916,385.65583158238485,217.88000000000002,22.76415991475963,22.760008502855523,0.15929620223182756,5558.399536859562,1033.9830084446564
n50_ws_k4_p0p1__pool_power_mix_k20__piecewise_linear_degree_scaled__fermi__r0p25,pool_power_mix,warmup_pool_power_k,20.0,k20,,20.0,50,small_world,n50_ws_k4_p0p1,piecewise_linear,degree_scaled,piecewise_linear_degree_scaled,fermi,0.25,0.0,0.0,0.0,0.0,0.0,0.0,9.055544941963879,1.0259766578669347
n50_ws_k4_p0p1__pool_power_mix_k20__piecewise_linear_degree_scaled__fermi__r0p75,pool_power_mix,warmup_pool_power_k,20.0,k20,,20.0,50,small_world,n50_ws_k4_p0p1,piecewise_linear,degree_scaled,piecewise_linear_degree_scaled,fermi,0.75,0.916,385.1771140339498,217.60047619047617,22.72791876487607,22.727919582126518,0.17989365491790033,5380.791147980371,682.6968608408088
n50_ws_k4_p0p1__pool_power_mix_k20__piecewise_linear_degree_scaled__fermi__r1p25,pool_power_mix,warmup_pool_power_k,20.0,k20,,20.0,50,small_world,n50_ws_k4_p0p1,piecewise_linear,degree_scaled,piecewise_linear_degree_scaled,fermi,1.25,0.916,387.08138817888266,218.6538095238095,22.82711539541691,22.827115473319417,0.1847657918692487,5564.051795938916,629.8935867270677
n50_ws_k4_p0p1__pool_power_mix_k20__piecewise_linear_degree_scaled__fermi__r1p75,pool_power_mix,warmup_pool_power_k,20.0,k20,,20.0,50,small_world,n50_ws_k4_p0p1,piecewise_linear,degree_scaled,piecewise_linear_degree_scaled,fermi,1.75,0.916,387.0813889870523,218.6538095238095,22.827114964767834,22.827115095798924,0.18495818194439057,5576.809478808156,648.5594313386463
n50_ws_k4_p0p1__pool_power_mix_k20__piecewise_linear_degree_scaled__fermi__r2p25,pool_power_mix,warmup_pool_power_k,20.0,k20,,20.0,50,small_world,n50_ws_k4_p0p1,piecewise_linear,degree_scaled,piecewise_linear_degree_scaled,fermi,2.25,0.916,387.08138899054956,218.6538095238095,22.82711496669501,22.82711509037449,0.18505917642118655,5583.594379392465,659.52658204841
n50_ba_m2__pool_power_mix_k20__piecewise_linear_constant__q_learning__r0p25,pool_power_mix,warmup_pool_power_k,20.0,k20,,20.0,50,scale_free,n50_ba_m2,piecewise_linear,constant,piecewise_linear_constant,q_learning,0.25,0.008,1.796611308266911,1.0986573805330226,0.12022373944229084,0.12036025886338564,0.39199999999982543,28.732565948622344,25.748825420244902
n50_ba_m2__pool_power_mix_k20__piecewise_linear_constant__q_learning__r0p75,pool_power_mix,warmup_pool_power_k,20.0,k20,,20.0,50,scale_free,n50_ba_m2,piecewise_linear,constant,piecewise_linear_constant,q_learning,0.75,0.636,182.34855239154453,103.37952477347214,11.424057724837049,13.940866245604894,0.5745571412501072,3031.757296861294,564.4276023934245
n50_ba_m2__pool_power_mix_k20__piecewise_linear_constant__q_learning__r1p25,pool_power_mix,warmup_pool_power_k,20.0,k20,,20.0,50,scale_free,n50_ba_m2,piecewise_linear,constant,piecewise_linear_constant,q_learning,1.25,0.652,185.9345704397113,106.15280105898592,11.785031336925503,12.800240030677028,0.5625375911462085,3238.41344227949,566.7074913053723
n50_ba_m2__pool_power_mix_k20__piecewise_linear_constant__q_learning__r1p75,pool_power_mix,warmup_pool_power_k,20.0,k20,,20.0,50,scale_free,n50_ba_m2,piecewise_linear,constant,piecewise_linear_constant,q_learning,1.75,0.672,191.9736867814282,110.33881659276396,12.213795770295935,12.2020274609628,0.5593068749117907,3264.025299587606,609.7270137296258
n50_ba_m2__pool_power_mix_k20__piecewise_linear_constant__q_learning__r2p25,pool_power_mix,warmup_pool_power_k,20.0,k20,,20.0,50,scale_free,n50_ba_m2,piecewise_linear,constant,piecewise_linear_constant,q_learning,2.25,0.664,184.87294887736653,108.91940267335004,11.65137760720332,14.267041103076556,0.5726860178498295,3213.3211035063096,566.2344235377327
n50_er_k4__pool_power_mix_k20__piecewise_linear_constant__q_learning__r0p25,pool_power_mix,warmup_pool_power_k,20.0,k20,,20.0,50,erdos_renyi,n50_er_k4,piecewise_linear,constant,piecewise_linear_constant,q_learning,0.25,0.0,0.0,0.0,0.0,0.0,0.0,8.076759467831545,0.5335445548192924
n50_er_k4__pool_power_mix_k20__piecewise_linear_constant__q_learning__r0p75,pool_power_mix,warmup_pool_power_k,20.0,k20,,20.0,50,erdos_renyi,n50_er_k4,piecewise_linear,constant,piecewise_linear_constant,q_learning,0.75,0.7799999999999999,281.11057945788355,156.97246031746033,17.044521641454132,17.780235902413487,0.42930708458885036,4126.926905265469,274.91969707529404
n50_er_k4__pool_power_mix_k20__piecewise_linear_constant__q_learning__r1p25,pool_power_mix,warmup_pool_power_k,20.0,k20,,20.0,50,erdos_renyi,n50_er_k4,piecewise_linear,constant,piecewise_linear_constant,q_learning,1.25,0.8240000000000001,305.67998840817603,171.7065079365079,18.408415053207513,20.384602184041462,0.3997269221046924,4519.6530202665435,297.8374715356642
n50_er_k4__pool_power_mix_k20__piecewise_linear_constant__q_learning__r1p75,pool_power_mix,warmup_pool_power_k,20.0,k20,,20.0,50,erdos_renyi,n50_er_k4,piecewise_linear,constant,piecewise_linear_constant,q_learning,1.75,0.828,303.65935651121765,170.82865079365078,18.32513926811517,20.248182350521333,0.3983395288939018,4564.970030609786,305.97607858202423
n50_er_k4__pool_power_mix_k20__piecewise_linear_constant__q_learning__r2p25,pool_power_mix,warmup_pool_power_k,20.0,k20,,20.0,50,erdos_renyi,n50_er_k4,piecewise_linear,constant,piecewise_linear_constant,q_learning,2.25,0.82,303.15648980462214,165.2002380952381,18.18476826617175,22.10993463208503,0.4050219938116297,4533.294065929388,306.2004929825863
n50_regular_d4__pool_power_mix_k20__piecewise_linear_constant__q_learning__r0p25,pool_power_mix,warmup_pool_power_k,20.0,k20,,20.0,50,regular,n50_regular_d4,piecewise_linear,constant,piecewise_linear_constant,q_learning,0.25,0.0,0.0,0.0,0.0,0.0,0.0,8.396873203096998,0.5572968825071847
n50_regular_d4__pool_power_mix_k20__piecewise_linear_constant__q_learning__r0p75,pool_power_mix,warmup_pool_power_k,20.0,k20,,20.0,50,regular,n50_regular_d4,piecewise_linear,constant,piecewise_linear_constant,q_learning,0.75,0.8440000000000001,334.73892296235164,186.2,19.898190434299345,22.354866287816936,0.2897488262125012,4771.219544678447,480.10910848433133
n50_regular_d4__pool_power_mix_k20__piecewise_linear_constant__q_learning__r1p25,pool_power_mix,warmup_pool_power_k,20.0,k20,,20.0,50,regular,n50_regular_d4,piecewise_linear,constant,piecewise_linear_constant,q_learning,1.25,0.8800000000000001,365.2063075430912,199.68,21.58726491630896,24.063277930281593,0.22183420964098488,5250.820725430511,277.15013854397637
n50_regular_d4__pool_power_mix_k20__piecewise_linear_constant__q_learning__r1p75,pool_power_mix,warmup_pool_power_k,20.0,k20,,20.0,50,regular,n50_regular_d4,piecewise_linear,constant,piecewise_linear_constant,q_learning,1.75,0.8719999999999999,357.1269626325634,196.95999999999998,21.064281010959316,25.312764687716168,0.2394543366875817,5236.892663933628,281.2426626696437
n50_regular_d4__pool_power_mix_k20__piecewise_linear_constant__q_learning__r2p25,pool_power_mix,warmup_pool_power_k,20.0,k20,,20.0,50,regular,n50_regular_d4,piecewise_linear,constant,piecewise_linear_constant,q_learning,2.25,0.8719999999999999,355.9269027116587,196.88000000000002,21.097934584082118,23.16832657330169,0.2420579630400274,5206.311927119653,319.35773069319913
n50_ws_k4_p0p1__pool_power_mix_k20__piecewise_linear_constant__q_learning__r0p25,pool_power_mix,warmup_pool_power_k,20.0,k20,,20.0,50,small_world,n50_ws_k4_p0p1,piecewise_linear,constant,piecewise_linear_constant,q_learning,0.25,0.0,0.0,0.0,0.0,0.0,0.0,8.393175661074954,0.5415427925525289
n50_ws_k4_p0p1__pool_power_mix_k20__piecewise_linear_constant__q_learning__r0p75,pool_power_mix,warmup_pool_power_k,20.0,k20,,20.0,50,small_world,n50_ws_k4_p0p1,piecewise_linear,constant,piecewise_linear_constant,q_learning,0.75,0.804,311.02591650759393,175.95681017097485,18.509959109987086,21.203217664515947,0.35189023138398945,4614.143143914132,447.1862484697249
n50_ws_k4_p0p1__pool_power_mix_k20__piecewise_linear_constant__q_learning__r1p25,pool_power_mix,warmup_pool_power_k,20.0,k20,,20.0,50,small_world,n50_ws_k4_p0p1,piecewise_linear,constant,piecewise_linear_constant,q_learning,1.25,0.836,343.31707239102286,186.06,20.323238870596764,22.87458715373107,0.28054985781103337,5112.675632577982,237.47910819560065
n50_ws_k4_p0p1__pool_power_mix_k20__piecewise_linear_constant__q_learning__r1p75,pool_power_mix,warmup_pool_power_k,20.0,k20,,20.0,50,small_world,n50_ws_k4_p0p1,piecewise_linear,constant,piecewise_linear_constant,q_learning,1.75,0.836,339.38022128683895,186.13333333333335,20.12393757279032,22.69796186623543,0.28557188573516623,5106.630072601734,273.49166337843764
n50_ws_k4_p0p1__pool_power_mix_k20__piecewise_linear_constant__q_learning__r2p25,pool_power_mix,warmup_pool_power_k,20.0,k20,,20.0,50,small_world,n50_ws_k4_p0p1,piecewise_linear,constant,piecewise_linear_constant,q_learning,2.25,0.836,341.14964698830784,185.77333333333334,20.298702974794548,21.452166119309435,0.2868009102912008,5087.115455647954,306.59878875428103
n50_ba_m2__pool_power_mix_k20__piecewise_linear_degree_scaled__q_learning__r0p25,pool_power_mix,warmup_pool_power_k,20.0,k20,,20.0,50,scale_free,n50_ba_m2,piecewise_linear,degree_scaled,piecewise_linear_degree_scaled,q_learning,0.25,0.07599999999999998,3.3635036676636787,2.0759159835665044,0.3159732927794462,0.29576503512287144,0.9347732468462743,108.5605447141132,17.52057433108203
n50_ba_m2__pool_power_mix_k20__piecewise_linear_degree_scaled__q_learning__r0p75,pool_power_mix,warmup_pool_power_k,20.0,k20,,20.0,50,scale_free,n50_ba_m2,piecewise_linear,degree_scaled,piecewise_linear_degree_scaled,q_learning,0.75,0.652,140.7277928578855,74.48504402030717,8.882691473672148,8.475480859201653,0.5708794688476836,2357.1143524266804,297.4901817871704
n50_ba_m2__pool_power_mix_k20__piecewise_linear_degree_scaled__q_learning__r1p25,pool_power_mix,warmup_pool_power_k,20.0,k20,,20.0,50,scale_free,n50_ba_m2,piecewise_linear,degree_scaled,piecewise_linear_degree_scaled,q_learning,1.25,0.732,188.25793986053395,104.90412409228199,11.63348815849707,11.103534598189224,0.5338601051422309,3110.2067442103444,446.23361189750705
n50_ba_m2__pool_power_mix_k20__piecewise_linear_degree_scaled__q_learning__r1p75,pool_power_mix,warmup_pool_power_k,20.0,k20,,20.0,50,scale_free,n50_ba_m2,piecewise_linear,degree_scaled,piecewise_linear_degree_scaled,q_learning,1.75,0.732,199.75200112896252,107.1573163678427,12.251916820240565,12.995796423545723,0.5204999447631118,3256.6490916913135,640.445376312094
n50_ba_m2__pool_power_mix_k20__piecewise_linear_degree_scaled__q_learning__r2p25,pool_power_mix,warmup_pool_power_k,20.0,k20,,20.0,50,scale_free,n50_ba_m2,piecewise_linear,degree_scaled,piecewise_linear_degree_scaled,q_learning,2.25,0.752,211.09355579238414,118.25600475547844,13.060454560555689,10.420062520978245,0.5071210051213753,3363.1100456709237,749.0901783800937
n50_er_k4__pool_power_mix_k20__piecewise_linear_degree_scaled__q_learning__r0p25,pool_power_mix,warmup_pool_power_k,20.0,k20,,20.0,50,erdos_renyi,n50_er_k4,piecewise_linear,degree_scaled,piecewise_linear_degree_scaled,q_learning,0.25,0.132,5.943754936438844,3.3880146977793673,0.4466005206025363,0.4343450449906536,0.901991279569979,103.76004669380966,12.632725825025197
n50_er_k4__pool_power_mix_k20__piecewise_linear_degree_scaled__q_learning__r0p75,pool_power_mix,warmup_pool_power_k,20.0,k20,,20.0,50,erdos_renyi,n50_er_k4,piecewise_linear,degree_scaled,piecewise_linear_degree_scaled,q_learning,0.75,0.808,261.202142571001,142.28317460317461,15.533729167848952,18.247584568233194,0.4110859556383014,3813.692739164824,414.80845641211465
n50_er_k4__pool_power_mix_k20__piecewise_linear_degree_scaled__q_learning__r1p25,pool_power_mix,warmup_pool_power_k,20.0,k20,,20.0,50,erdos_renyi,n50_er_k4,piecewise_linear,degree_scaled,piecewise_linear_degree_scaled,q_learning,1.25,0.8399999999999999,289.1442598624647,159.90626984126985,17.09446335776437,20.112381732184733,0.37368681030430484,4217.890005334999,522.2555385268992
n50_er_k4__pool_power_mix_k20__piecewise_linear_degree_scaled__q_learning__r1p75,pool_power_mix,warmup_pool_power_k,20.0,k20,,20.0,50,erdos_renyi,n50_er_k4,piecewise_linear,degree_scaled,piecewise_linear_degree_scaled,q_learning,1.75,0.8320000000000001,286.05819592752476,156.600873015873,16.898905111861634,19.970616991301025,0.38440822853030676,4206.2386139657665,558.095995901274
n50_er_k4__pool_power_mix_k20__piecewise_linear_degree_scaled__q_learning__r2p25,pool_power_mix,warmup_pool_power_k,20.0,k20,,20.0,50,erdos_renyi,n50_er_k4,piecewise_linear,degree_scaled,piecewise_linear_degree_scaled,q_learning,2.25,0.8240000000000001,276.4424261863722,157.96261904761906,16.486890543507997,17.753341777825817,0.3924216620305829,4156.4784370313555,545.9741526038425
n50_regular_d4__pool_power_mix_k20__piecewise_linear_degree_scaled__q_learning__r0p25,pool_power_mix,warmup_pool_power_k,20.0,k20,,20.0,50,regular,n50_regular_d4,piecewise_linear,degree_scaled,piecewise_linear_degree_scaled,q_learning,0.25,0.0,0.0,0.0,0.0,0.0,0.0,8.396873203096998,0.5572968825071847
n50_regular_d4__pool_power_mix_k20__piecewise_linear_degree_scaled__q_learning__r0p75,pool_power_mix,warmup_pool_power_k,20.0,k20,,20.0,50,regular,n50_regular_d4,piecewise_linear,degree_scaled,piecewise_linear_degree_scaled,q_learning,0.75,0.8440000000000001,334.73892296235164,186.2,19.898190434299345,22.354866287816936,0.2897488262125012,4771.219544678447,480.10910848433133
n50_regular_d4__pool_power_mix_k20__piecewise_linear_degree_scaled__q_learning__r1p25,pool_power_mix,warmup_pool_power_k,20.0,k20,,20.0,50,regular,n50_regular_d4,piecewise_linear,degree_scaled,piecewise_linear_degree_scaled,q_learning,1.25,0.8800000000000001,365.2063075430912,199.68,21.58726491630896,24.063277930281593,0.22183420964098488,5250.820725430511,277.15013854397637
n50_regular_d4__pool_power_mix_k20__piecewise_linear_degree_scaled__q_learning__r1p75,pool_power_mix,warmup_pool_power_k,20.0,k20,,20.0,50,regular,n50_regular_d4,piecewise_linear,degree_scaled,piecewise_linear_degree_scaled,q_learning,1.75,0.8719999999999999,357.1269626325634,196.95999999999998,21.064281010959316,25.312764687716168,0.2394543366875817,5236.892663933628,281.2426626696437
n50_regular_d4__pool_power_mix_k20__piecewise_linear_degree_scaled__q_learning__r2p25,pool_power_mix,warmup_pool_power_k,20.0,k20,,20.0,50,regular,n50_regular_d4,piecewise_linear,degree_scaled,piecewise_linear_degree_scaled,q_learning,2.25,0.8719999999999999,355.9269027116587,196.88000000000002,21.097934584082118,23.16832657330169,0.2420579630400274,5206.311927119653,319.35773069319913
n50_ws_k4_p0p1__pool_power_mix_k20__piecewise_linear_degree_scaled__q_learning__r0p25,pool_power_mix,warmup_pool_power_k,20.0,k20,,20.0,50,small_world,n50_ws_k4_p0p1,piecewise_linear,degree_scaled,piecewise_linear_degree_scaled,q_learning,0.25,0.0,0.0,0.0,0.0,0.0,0.0,8.77158834170882,0.614768008670092
n50_ws_k4_p0p1__pool_power_mix_k20__piecewise_linear_degree_scaled__q_learning__r0p75,pool_power_mix,warmup_pool_power_k,20.0,k20,,20.0,50,small_world,n50_ws_k4_p0p1,piecewise_linear,degree_scaled,piecewise_linear_degree_scaled,q_learning,0.75,0.8000000000000002,306.1032019961784,171.6809523809524,18.260965488896886,20.831871845371964,0.349198315569625,4597.898225994021,236.12387833917006
n50_ws_k4_p0p1__pool_power_mix_k20__piecewise_linear_degree_scaled__q_learning__r1p25,pool_power_mix,warmup_pool_power_k,20.0,k20,,20.0,50,small_world,n50_ws_k4_p0p1,piecewise_linear,degree_scaled,piecewise_linear_degree_scaled,q_learning,1.25,0.82,316.21035276137394,177.5709523809524,18.81466615793255,21.632991964478627,0.32586235036585437,4871.010416109255,269.14972778677856
n50_ws_k4_p0p1__pool_power_mix_k20__piecewise_linear_degree_scaled__q_learning__r1p75,pool_power_mix,warmup_pool_power_k,20.0,k20,,20.0,50,small_world,n50_ws_k4_p0p1,piecewise_linear,degree_scaled,piecewise_linear_degree_scaled,q_learning,1.75,0.8119999999999999,320.89182709115005,175.35714285714283,19.139257558294148,20.699357545283355,0.32617338600944984,4901.79967762454,317.2413802304748
n50_ws_k4_p0p1__pool_power_mix_k20__piecewise_linear_degree_scaled__q_learning__r2p25,pool_power_mix,warmup_pool_power_k,20.0,k20,,20.0,50,small_world,n50_ws_k4_p0p1,piecewise_linear,degree_scaled,piecewise_linear_degree_scaled,q_learning,2.25,0.8119999999999999,320.3658478545541,174.88904761904763,19.027251088808864,22.158949788133903,0.327241108628809,4906.329851872453,361.4292403693433
n50_ba_m2__pool_power_mix_k22__piecewise_linear_constant__fermi__r0p25,pool_power_mix,warmup_pool_power_k,22.0,k22,,22.0,50,scale_free,n50_ba_m2,piecewise_linear,constant,piecewise_linear_constant,fermi,0.25,0.004,0.8988441154431237,0.549564267089491,0.060142205569577424,0.06014220962115269,0.19599999999991277,18.38117442670486,21.841220089765777
n50_ba_m2__pool_power_mix_k22__piecewise_linear_constant__fermi__r0p75,pool_power_mix,warmup_pool_power_k,22.0,k22,,22.0,50,scale_free,n50_ba_m2,piecewise_linear,constant,piecewise_linear_constant,fermi,0.75,0.6759999999999999,214.452164862703,122.12207602339181,13.292111329312934,13.291875854767682,0.5805545461118745,3386.1722111315867,997.1850696600143
n50_ba_m2__pool_power_mix_k22__piecewise_linear_constant__fermi__r1p25,pool_power_mix,warmup_pool_power_k,22.0,k22,,22.0,50,scale_free,n50_ba_m2,piecewise_linear,constant,piecewise_linear_constant,fermi,1.25,0.6880000000000001,222.85159587582316,126.82935865304287,13.757562916022417,13.757558514240145,0.5526189124698971,3694.854865133805,874.450483993443
n50_ba_m2__pool_power_mix_k22__piecewise_linear_constant__fermi__r1p75,pool_power_mix,warmup_pool_power_k,22.0,k22,,22.0,50,scale_free,n50_ba_m2,piecewise_linear,constant,piecewise_linear_constant,fermi,1.75,0.6880000000000001,221.0997993206476,125.85979724953408,13.669957937482348,13.669837240938199,0.5498634074220836,3676.0172256134874,915.3419182242832
n50_ba_m2__pool_power_mix_k22__piecewise_linear_constant__fermi__r2p25,pool_power_mix,warmup_pool_power_k,22.0,k22,,22.0,50,scale_free,n50_ba_m2,piecewise_linear,constant,piecewise_linear_constant,fermi,2.25,0.6759999999999999,216.61362064851355,123.26534670008354,13.40699478330439,13.274077968349141,0.5719957720191806,3613.6396121994453,970.9627723968871
n50_er_k4__pool_power_mix_k22__piecewise_linear_constant__fermi__r0p25,pool_power_mix,warmup_pool_power_k,22.0,k22,,22.0,50,erdos_renyi,n50_er_k4,piecewise_linear,constant,piecewise_linear_constant,fermi,0.25,0.0,0.0,0.0,0.0,0.0,0.0,8.399735334030625,0.6212043956568611
n50_er_k4__pool_power_mix_k22__piecewise_linear_constant__fermi__r0p75,pool_power_mix,warmup_pool_power_k,22.0,k22,,22.0,50,erdos_renyi,n50_er_k4,piecewise_linear,constant,piecewise_linear_constant,fermi,0.75,0.8440000000000001,323.87833780164226,183.10690476190476,19.42624022728229,18.953231494884996,0.37665334191716165,4669.46404105959,505.2696579787541
n50_er_k4__pool_power_mix_k22__piecewise_linear_constant__fermi__r1p25,pool_power_mix,warmup_pool_power_k,22.0,k22,,22.0,50,erdos_renyi,n50_er_k4,piecewise_linear,constant,piecewise_linear_constant,fermi,1.25,0.9079999999999998,353.16803865217315,199.78523809523807,21.109219597489012,21.109217940814084,0.33267071140841137,5094.842174570263,431.91061287356604
n50_er_k4__pool_power_mix_k22__piecewise_linear_constant__fermi__r1p75,pool_power_mix,warmup_pool_power_k,22.0,k22,,22.0,50,erdos_renyi,n50_er_k4,piecewise_linear,constant,piecewise_linear_constant,fermi,1.75,0.9079999999999998,353.16802913420736,199.78523809523807,21.109223966347237,21.109223089921567,0.333227261640571,5122.246256696372,432.7444440519791
n50_er_k4__pool_power_mix_k22__piecewise_linear_constant__fermi__r2p25,pool_power_mix,warmup_pool_power_k,22.0,k22,,22.0,50,erdos_renyi,n50_er_k4,piecewise_linear,constant,piecewise_linear_constant,fermi,2.25,0.8879999999999999,342.9465326081478,194.04317460317458,20.52405467082749,20.523761927373943,0.34662526442116665,5071.082627363567,533.2630803776601
n50_regular_d4__pool_power_mix_k22__piecewise_linear_constant__fermi__r0p25,pool_power_mix,warmup_pool_power_k,22.0,k22,,22.0,50,regular,n50_regular_d4,piecewise_linear,constant,piecewise_linear_constant,fermi,0.25,0.0,0.0,0.0,0.0,0.0,0.0,8.517008369844678,0.900924753415644
n50_regular_d4__pool_power_mix_k22__piecewise_linear_constant__fermi__r0p75,pool_power_mix,warmup_pool_power_k,22.0,k22,,22.0,50,regular,n50_regular_d4,piecewise_linear,constant,piecewise_linear_constant,fermi,0.75,0.8879999999999999,369.0409794976857,208.56,21.828602120908734,21.81041838140559,0.20454451855747502,5208.7751425809565,1168.14915373677
n50_regular_d4__pool_power_mix_k22__piecewise_linear_constant__fermi__r1p25,pool_power_mix,warmup_pool_power_k,22.0,k22,,22.0,50,regular,n50_regular_d4,piecewise_linear,constant,piecewise_linear_constant,fermi,1.25,0.924,391.0833203276996,220.92,23.068257797293942,23.068421875006482,0.14971362342074837,5583.833496741407,947.8826928195319
n50_regular_d4__pool_power_mix_k22__piecewise_linear_constant__fermi__r1p75,pool_power_mix,warmup_pool_power_k,22.0,k22,,22.0,50,regular,n50_regular_d4,piecewise_linear,constant,piecewise_linear_constant,fermi,1.75,0.916,385.6528532676545,217.88000000000002,22.763580608755245,22.763566123590245,0.16404287655056637,5552.324269045977,1016.2093653203685
n50_regular_d4__pool_power_mix_k22__piecewise_linear_constant__fermi__r2p25,pool_power_mix,warmup_pool_power_k,22.0,k22,,22.0,50,regular,n50_regular_d4,piecewise_linear,constant,piecewise_linear_constant,fermi,2.25,0.908,380.37146399912064,214.92,22.469601022949345,22.45893497793009,0.17292727616501283,5518.599975329643,1043.3622423037598
n50_ws_k4_p0p1__pool_power_mix_k22__piecewise_linear_constant__fermi__r0p25,pool_power_mix,warmup_pool_power_k,22.0,k22,,22.0,50,small_world,n50_ws_k4_p0p1,piecewise_linear,constant,piecewise_linear_constant,fermi,0.25,0.0,0.0,0.0,0.0,0.0,0.0,8.697536502838677,0.9294728266100095
n50_ws_k4_p0p1__pool_power_mix_k22__piecewise_linear_constant__fermi__r0p75,pool_power_mix,warmup_pool_power_k,22.0,k22,,22.0,50,small_world,n50_ws_k4_p0p1,piecewise_linear,constant,piecewise_linear_constant,fermi,0.75,0.8799999999999999,368.2591900201543,207.6127745796482,21.820599474142675,20.73434582410014,0.23120101439170376,5162.094801124035,913.645983270358
n50_ws_k4_p0p1__pool_power_mix_k22__piecewise_linear_constant__fermi__r1p25,pool_power_mix,warmup_pool_power_k,22.0,k22,,22.0,50,small_world,n50_ws_k4_p0p1,piecewise_linear,constant,piecewise_linear_constant,fermi,1.25,0.9,378.84304825501,213.4847619047619,22.43743142402805,21.18931391293654,0.20333281093850789,5448.5923460425765,834.9415421817589
n50_ws_k4_p0p1__pool_power_mix_k22__piecewise_linear_constant__fermi__r1p75,pool_power_mix,warmup_pool_power_k,22.0,k22,,22.0,50,small_world,n50_ws_k4_p0p1,piecewise_linear,constant,piecewise_linear_constant,fermi,1.75,0.9039999999999999,380.0911483654344,214.75142857142856,22.43985432926496,22.4398544481578,0.20451701659675453,5473.608954795056,851.3970336368511
n50_ws_k4_p0p1__pool_power_mix_k22__piecewise_linear_constant__fermi__r2p25,pool_power_mix,warmup_pool_power_k,22.0,k22,,22.0,50,small_world,n50_ws_k4_p0p1,piecewise_linear,constant,piecewise_linear_constant,fermi,2.25,0.8959999999999999,374.7422273558854,211.75809523809522,22.142130859564546,22.139832260740583,0.2147767889233667,5452.115867191874,913.3755623169196
n50_ba_m2__pool_power_mix_k22__piecewise_linear_degree_scaled__fermi__r0p25,pool_power_mix,warmup_pool_power_k,22.0,k22,,22.0,50,scale_free,n50_ba_m2,piecewise_linear,degree_scaled,piecewise_linear_degree_scaled,fermi,0.25,0.196,9.947074143669013,6.116110059044504,0.850227229042589,0.8487567918598249,0.8481275012452677,180.76576223955848,40.524834891734876
n50_ba_m2__pool_power_mix_k22__piecewise_linear_degree_scaled__fermi__r0p75,pool_power_mix,warmup_pool_power_k,22.0,k22,,22.0,50,scale_free,n50_ba_m2,piecewise_linear,degree_scaled,piecewise_linear_degree_scaled,fermi,0.75,0.652,135.86326763274133,77.66072906625539,8.568882294527029,8.349308205242412,0.5852722966942583,2368.446334099853,357.2440745768536
n50_ba_m2__pool_power_mix_k22__piecewise_linear_degree_scaled__fermi__r1p25,pool_power_mix,warmup_pool_power_k,22.0,k22,,22.0,50,scale_free,n50_ba_m2,piecewise_linear,degree_scaled,piecewise_linear_degree_scaled,fermi,1.25,0.768,215.40801747836858,122.3978198701883,13.095786101313783,13.047836160694237,0.505527266952692,3409.6245902011115,994.5292285808125
n50_ba_m2__pool_power_mix_k22__piecewise_linear_degree_scaled__fermi__r1p75,pool_power_mix,warmup_pool_power_k,22.0,k22,,22.0,50,scale_free,n50_ba_m2,piecewise_linear,degree_scaled,piecewise_linear_degree_scaled,fermi,1.75,0.772,215.748014745129,122.5490826425037,13.125295259891857,12.968855279986514,0.5184703715413065,3414.903437199391,949.4736748123576
n50_ba_m2__pool_power_mix_k22__piecewise_linear_degree_scaled__fermi__r2p25,pool_power_mix,warmup_pool_power_k,22.0,k22,,22.0,50,scale_free,n50_ba_m2,piecewise_linear,degree_scaled,piecewise_linear_degree_scaled,fermi,2.25,0.764,214.61300427285315,121.12783657862606,13.061070116872184,12.916170196098188,0.5410515014374349,3381.580665647534,930.6866026800124
n50_er_k4__pool_power_mix_k22__piecewise_linear_degree_scaled__fermi__r0p25,pool_power_mix,warmup_pool_power_k,22.0,k22,,22.0,50,erdos_renyi,n50_er_k4,piecewise_linear,degree_scaled,piecewise_linear_degree_scaled,fermi,0.25,0.164,6.950581509532432,4.223616128694661,0.5643290931866705,0.5643287389856925,0.8757526430326612,120.88150359424912,13.945832260675534
n50_er_k4__pool_power_mix_k22__piecewise_linear_degree_scaled__fermi__r0p75,pool_power_mix,warmup_pool_power_k,22.0,k22,,22.0,50,erdos_renyi,n50_er_k4,piecewise_linear,degree_scaled,piecewise_linear_degree_scaled,fermi,0.75,0.828,278.19040378353714,157.41055555555556,16.53265382537224,16.530060586530105,0.40496018759295127,4141.415573129219,767.0605239402815
n50_er_k4__pool_power_mix_k22__piecewise_linear_degree_scaled__fermi__r1p25,pool_power_mix,warmup_pool_power_k,22.0,k22,,22.0,50,erdos_renyi,n50_er_k4,piecewise_linear,degree_scaled,piecewise_linear_degree_scaled,fermi,1.25,0.8639999999999999,306.11275921656113,173.06650793650792,18.11616799948873,18.116095741294355,0.37022507563984713,4498.399889515094,584.0267124500464
n50_er_k4__pool_power_mix_k22__piecewise_linear_degree_scaled__fermi__r1p75,pool_power_mix,warmup_pool_power_k,22.0,k22,,22.0,50,erdos_renyi,n50_er_k4,piecewise_linear,degree_scaled,piecewise_linear_degree_scaled,fermi,1.75,0.8639999999999999,307.71175822130834,173.96507936507936,18.209201460536285,18.209206132642425,0.37007217165492484,4508.529706129634,588.539306212547
n50_er_k4__pool_power_mix_k22__piecewise_linear_degree_scaled__fermi__r2p25,pool_power_mix,warmup_pool_power_k,22.0,k22,,22.0,50,erdos_renyi,n50_er_k4,piecewise_linear,degree_scaled,piecewise_linear_degree_scaled,fermi,2.25,0.8559999999999999,305.04976023581844,172.05674603174603,18.110796529882485,17.187562993865594,0.373894691442758,4506.400707692372,589.8836414188348
n50_regular_d4__pool_power_mix_k22__piecewise_linear_degree_scaled__fermi__r0p25,pool_power_mix,warmup_pool_power_k,22.0,k22,,22.0,50,regular,n50_regular_d4,piecewise_linear,degree_scaled,piecewise_linear_degree_scaled,fermi,0.25,0.0,0.0,0.0,0.0,0.0,0.0,8.517008369844678,0.900924753415644
n50_regular_d4__pool_power_mix_k22__piecewise_linear_degree_scaled__fermi__r0p75,pool_power_mix,warmup_pool_power_k,22.0,k22,,22.0,50,regular,n50_regular_d4,piecewise_linear,degree_scaled,piecewise_linear_degree_scaled,fermi,0.75,0.8879999999999999,369.0409794976857,208.56,21.828602120908734,21.81041838140559,0.20454451855747502,5208.7751425809565,1168.14915373677
n50_regular_d4__pool_power_mix_k22__piecewise_linear_degree_scaled__fermi__r1p25,pool_power_mix,warmup_pool_power_k,22.0,k22,,22.0,50,regular,n50_regular_d4,piecewise_linear,degree_scaled,piecewise_linear_degree_scaled,fermi,1.25,0.924,391.0833203276996,220.92,23.068257797293942,23.068421875006482,0.14971362342074837,5583.833496741407,947.8826928195319
n50_regular_d4__pool_power_mix_k22__piecewise_linear_degree_scaled__fermi__r1p75,pool_power_mix,warmup_pool_power_k,22.0,k22,,22.0,50,regular,n50_regular_d4,piecewise_linear,degree_scaled,piecewise_linear_degree_scaled,fermi,1.75,0.916,385.6528532676545,217.88000000000002,22.763580608755245,22.763566123590245,0.16404287655056637,5552.324269045977,1016.2093653203685
n50_regular_d4__pool_power_mix_k22__piecewise_linear_degree_scaled__fermi__r2p25,pool_power_mix,warmup_pool_power_k,22.0,k22,,22.0,50,regular,n50_regular_d4,piecewise_linear,degree_scaled,piecewise_linear_degree_scaled,fermi,2.25,0.908,380.37146399912064,214.92,22.469601022949345,22.45893497793009,0.17292727616501283,5518.599975329643,1043.3622423037598
n50_ws_k4_p0p1__pool_power_mix_k22__piecewise_linear_degree_scaled__fermi__r0p25,pool_power_mix,warmup_pool_power_k,22.0,k22,,22.0,50,small_world,n50_ws_k4_p0p1,piecewise_linear,degree_scaled,piecewise_linear_degree_scaled,fermi,0.25,0.0,0.0,0.0,0.0,0.0,0.0,9.055544941963879,1.0259766578669347
n50_ws_k4_p0p1__pool_power_mix_k22__piecewise_linear_degree_scaled__fermi__r0p75,pool_power_mix,warmup_pool_power_k,22.0,k22,,22.0,50,small_world,n50_ws_k4_p0p1,piecewise_linear,degree_scaled,piecewise_linear_degree_scaled,fermi,0.75,0.892,369.8247912204435,209.01142857142855,21.87289048269511,21.873175439718526,0.21337382159192209,5239.8905336515845,814.215126759438
n50_ws_k4_p0p1__pool_power_mix_k22__piecewise_linear_degree_scaled__fermi__r1p25,pool_power_mix,warmup_pool_power_k,22.0,k22,,22.0,50,small_world,n50_ws_k4_p0p1,piecewise_linear,degree_scaled,piecewise_linear_degree_scaled,fermi,1.25,0.916,387.0816425539063,218.6538095238095,22.82698821909554,22.826988274617214,0.1877287423076008,5553.053528845305,636.9264842853146
n50_ws_k4_p0p1__pool_power_mix_k22__piecewise_linear_degree_scaled__fermi__r1p75,pool_power_mix,warmup_pool_power_k,22.0,k22,,22.0,50,small_world,n50_ws_k4_p0p1,piecewise_linear,degree_scaled,piecewise_linear_degree_scaled,fermi,1.75,0.9119999999999999,384.7066332388147,217.32238095238094,22.693064137737547,22.693064528209714,0.1925888563938642,5554.854070239346,664.0886055324424
n50_ws_k4_p0p1__pool_power_mix_k22__piecewise_linear_degree_scaled__fermi__r2p25,pool_power_mix,warmup_pool_power_k,22.0,k22,,22.0,50,small_world,n50_ws_k4_p0p1,piecewise_linear,degree_scaled,piecewise_linear_degree_scaled,fermi,2.25,0.908,382.22956889377457,215.9347619047619,22.55397747233591,22.553977443413416,0.1978702422453567,5551.055279584551,683.8518370056036
n50_ba_m2__pool_power_mix_k22__piecewise_linear_constant__q_learning__r0p25,pool_power_mix,warmup_pool_power_k,22.0,k22,,22.0,50,scale_free,n50_ba_m2,piecewise_linear,constant,piecewise_linear_constant,q_learning,0.25,0.008,1.796611308266911,1.0986573805330226,0.12022373944229084,0.12036025886338564,0.39199999999982543,28.732565948622344,25.748825420244902
n50_ba_m2__pool_power_mix_k22__piecewise_linear_constant__q_learning__r0p75,pool_power_mix,warmup_pool_power_k,22.0,k22,,22.0,50,scale_free,n50_ba_m2,piecewise_linear,constant,piecewise_linear_constant,q_learning,0.75,0.616,178.37561906090212,98.05248967029293,11.121990106344942,15.398304061653693,0.5731510539629743,3034.084569762876,562.3301897744107
n50_ba_m2__pool_power_mix_k22__piecewise_linear_constant__q_learning__r1p25,pool_power_mix,warmup_pool_power_k,22.0,k22,,22.0,50,scale_free,n50_ba_m2,piecewise_linear,constant,piecewise_linear_constant,q_learning,1.25,0.648,185.8913801540622,104.49822729901678,11.773517197811959,12.935948618751627,0.5582724952149111,3222.2260394505433,568.781204726278
n50_ba_m2__pool_power_mix_k22__piecewise_linear_constant__q_learning__r1p75,pool_power_mix,warmup_pool_power_k,22.0,k22,,22.0,50,scale_free,n50_ba_m2,piecewise_linear,constant,piecewise_linear_constant,q_learning,1.75,0.648,190.17593700564342,104.8911291048133,12.127086419701573,11.157496863316755,0.5752568425604812,3238.0094549489527,573.3128141187927
n50_ba_m2__pool_power_mix_k22__piecewise_linear_constant__q_learning__r2p25,pool_power_mix,warmup_pool_power_k,22.0,k22,,22.0,50,scale_free,n50_ba_m2,piecewise_linear,constant,piecewise_linear_constant,q_learning,2.25,0.648,186.26957230650538,104.61296478375425,11.766417608272997,13.480525569273274,0.5739689249593564,3216.757752609363,554.0439584356018
n50_er_k4__pool_power_mix_k22__piecewise_linear_constant__q_learning__r0p25,pool_power_mix,warmup_pool_power_k,22.0,k22,,22.0,50,erdos_renyi,n50_er_k4,piecewise_linear,constant,piecewise_linear_constant,q_learning,0.25,0.0,0.0,0.0,0.0,0.0,0.0,8.076759467831545,0.5335445548192924
n50_er_k4__pool_power_mix_k22__piecewise_linear_constant__q_learning__r0p75,pool_power_mix,warmup_pool_power_k,22.0,k22,,22.0,50,erdos_renyi,n50_er_k4,piecewise_linear,constant,piecewise_linear_constant,q_learning,0.75,0.7799999999999999,282.997587951112,157.81412698412697,17.15226552896603,17.61304501355219,0.43628621074001633,4115.7174462155135,294.75823084813425
n50_er_k4__pool_power_mix_k22__piecewise_linear_constant__q_learning__r1p25,pool_power_mix,warmup_pool_power_k,22.0,k22,,22.0,50,erdos_renyi,n50_er_k4,piecewise_linear,constant,piecewise_linear_constant,q_learning,1.25,0.8200000000000001,304.3224015249139,169.10023809523807,18.24882603931697,21.4514195360019,0.40868182953085996,4497.945308348142,320.714931850029
n50_er_k4__pool_power_mix_k22__piecewise_linear_constant__q_learning__r1p75,pool_power_mix,warmup_pool_power_k,22.0,k22,,22.0,50,erdos_renyi,n50_er_k4,piecewise_linear,constant,piecewise_linear_constant,q_learning,1.75,0.8160000000000001,301.9517938921329,165.58873015873013,18.10531729895631,22.100702274537817,0.4065530482607579,4526.499853436988,308.7609367288507
n50_er_k4__pool_power_mix_k22__piecewise_linear_constant__q_learning__r2p25,pool_power_mix,warmup_pool_power_k,22.0,k22,,22.0,50,erdos_renyi,n50_er_k4,piecewise_linear,constant,piecewise_linear_constant,q_learning,2.25,0.828,302.5402444013238,169.95976190476193,18.131235366950932,22.198679573416563,0.40878712112847115,4522.118849756749,312.92589889865206
n50_regular_d4__pool_power_mix_k22__piecewise_linear_constant__q_learning__r0p25,pool_power_mix,warmup_pool_power_k,22.0,k22,,22.0,50,regular,n50_regular_d4,piecewise_linear,constant,piecewise_linear_constant,q_learning,0.25,0.0,0.0,0.0,0.0,0.0,0.0,8.396873203096998,0.5572968825071847
n50_regular_d4__pool_power_mix_k22__piecewise_linear_constant__q_learning__r0p75,pool_power_mix,warmup_pool_power_k,22.0,k22,,22.0,50,regular,n50_regular_d4,piecewise_linear,constant,piecewise_linear_constant,q_learning,0.75,0.8160000000000001,315.5074762931507,177.04000000000002,18.819345689801718,21.181852286843437,0.3324561274822871,4619.436397385695,461.37025341252513
n50_regular_d4__pool_power_mix_k22__piecewise_linear_constant__q_learning__r1p25,pool_power_mix,warmup_pool_power_k,22.0,k22,,22.0,50,regular,n50_regular_d4,piecewise_linear,constant,piecewise_linear_constant,q_learning,1.25,0.876,364.53660036017396,198.04000000000002,21.475349774054365,25.211858118207704,0.24112781454132248,5216.063440909811,265.8481536907976
n50_regular_d4__pool_power_mix_k22__piecewise_linear_constant__q_learning__r1p75,pool_power_mix,warmup_pool_power_k,22.0,k22,,22.0,50,regular,n50_regular_d4,piecewise_linear,constant,piecewise_linear_constant,q_learning,1.75,0.8559999999999999,350.58466933819386,191.84,20.724197368170458,24.422526034259203,0.25187951767245614,5199.855854391933,311.84455103974364
n50_regular_d4__pool_power_mix_k22__piecewise_linear_constant__q_learning__r2p25,pool_power_mix,warmup_pool_power_k,22.0,k22,,22.0,50,regular,n50_regular_d4,piecewise_linear,constant,piecewise_linear_constant,q_learning,2.25,0.8640000000000001,351.1641387371529,194.24,20.840512550463863,22.685025526760185,0.2601965882111409,5157.414313003847,381.0807283284327
n50_ws_k4_p0p1__pool_power_mix_k22__piecewise_linear_constant__q_learning__r0p25,pool_power_mix,warmup_pool_power_k,22.0,k22,,22.0,50,small_world,n50_ws_k4_p0p1,piecewise_linear,constant,piecewise_linear_constant,q_learning,0.25,0.0,0.0,0.0,0.0,0.0,0.0,8.393175661074954,0.5415427925525289
n50_ws_k4_p0p1__pool_power_mix_k22__piecewise_linear_constant__q_learning__r0p75,pool_power_mix,warmup_pool_power_k,22.0,k22,,22.0,50,small_world,n50_ws_k4_p0p1,piecewise_linear,constant,piecewise_linear_constant,q_learning,0.75,0.792,304.9590400562737,172.61128915051648,18.145803154486885,21.294672896696067,0.3660310658096585,4579.2515361712785,411.82924566630356
n50_ws_k4_p0p1__pool_power_mix_k22__piecewise_linear_constant__q_learning__r1p25,pool_power_mix,warmup_pool_power_k,22.0,k22,,22.0,50,small_world,n50_ws_k4_p0p1,piecewise_linear,constant,piecewise_linear_constant,q_learning,1.25,0.828,338.8526620822391,183.88000000000002,20.101376651010053,22.182539153038697,0.2969335825203723,5067.2838579638155,240.51848082927887
n50_ws_k4_p0p1__pool_power_mix_k22__piecewise_linear_constant__q_learning__r1p75,pool_power_mix,warmup_pool_power_k,22.0,k22,,22.0,50,small_world,n50_ws_k4_p0p1,piecewise_linear,constant,piecewise_linear_constant,q_learning,1.75,0.844,343.9873991711517,188.62000000000003,20.349770029304295,23.617276931526163,0.28553195809446175,5101.752097261215,271.18996420063104
n50_ws_k4_p0p1__pool_power_mix_k22__piecewise_linear_constant__q_learning__r2p25,pool_power_mix,warmup_pool_power_k,22.0,k22,,22.0,50,small_world,n50_ws_k4_p0p1,piecewise_linear,constant,piecewise_linear_constant,q_learning,2.25,0.844,342.7070011049394,188.66380952380953,20.38409519067333,21.68460980755588,0.28917006795439704,5091.537891648395,289.23173224414353
n50_ba_m2__pool_power_mix_k22__piecewise_linear_degree_scaled__q_learning__r0p25,pool_power_mix,warmup_pool_power_k,22.0,k22,,22.0,50,scale_free,n50_ba_m2,piecewise_linear,degree_scaled,piecewise_linear_degree_scaled,q_learning,0.25,0.07599999999999998,3.3635036676636787,2.0759159835665044,0.3159732927794462,0.29576503512287144,0.9347732468462743,108.5605447141132,17.52057433108203
n50_ba_m2__pool_power_mix_k22__piecewise_linear_degree_scaled__q_learning__r0p75,pool_power_mix,warmup_pool_power_k,22.0,k22,,22.0,50,scale_free,n50_ba_m2,piecewise_linear,degree_scaled,piecewise_linear_degree_scaled,q_learning,0.75,0.664,142.03422091572583,78.66353865432812,8.872729481506088,10.300595284414976,0.5641546623928202,2347.928941208969,293.09114207179186
n50_ba_m2__pool_power_mix_k22__piecewise_linear_degree_scaled__q_learning__r1p25,pool_power_mix,warmup_pool_power_k,22.0,k22,,22.0,50,scale_free,n50_ba_m2,piecewise_linear,degree_scaled,piecewise_linear_degree_scaled,q_learning,1.25,0.7120000000000001,169.66135413115592,97.30264250369513,10.515953399979932,11.270208974267053,0.5365816204689569,2940.2974430007225,403.29730193174197
n50_ba_m2__pool_power_mix_k22__piecewise_linear_degree_scaled__q_learning__r1p75,pool_power_mix,warmup_pool_power_k,22.0,k22,,22.0,50,scale_free,n50_ba_m2,piecewise_linear,degree_scaled,piecewise_linear_degree_scaled,q_learning,1.75,0.724,191.40857962325185,106.88609504530557,11.663628242124366,14.57602470059661,0.5438989978370342,3164.521736892669,630.3596397843726
n50_ba_m2__pool_power_mix_k22__piecewise_linear_degree_scaled__q_learning__r2p25,pool_power_mix,warmup_pool_power_k,22.0,k22,,22.0,50,scale_free,n50_ba_m2,piecewise_linear,degree_scaled,piecewise_linear_degree_scaled,q_learning,2.25,0.732,193.62843361138738,108.6467299659405,11.884336544672843,12.846292004869479,0.5315715813455724,3198.74221090792,611.9629520830505
n50_er_k4__pool_power_mix_k22__piecewise_linear_degree_scaled__q_learning__r0p25,pool_power_mix,warmup_pool_power_k,22.0,k22,,22.0,50,erdos_renyi,n50_er_k4,piecewise_linear,degree_scaled,piecewise_linear_degree_scaled,q_learning,0.25,0.132,5.943754936438844,3.3880146977793673,0.4466005206025363,0.4343450449906536,0.901991279569979,103.76004669380954,12.632725825025117
n50_er_k4__pool_power_mix_k22__piecewise_linear_degree_scaled__q_learning__r0p75,pool_power_mix,warmup_pool_power_k,22.0,k22,,22.0,50,erdos_renyi,n50_er_k4,piecewise_linear,degree_scaled,piecewise_linear_degree_scaled,q_learning,0.75,0.792,251.67211253789318,138.65015873015875,14.947247436807842,18.575933572640537,0.4304708225934709,3745.158989366753,496.61016041579836
n50_er_k4__pool_power_mix_k22__piecewise_linear_degree_scaled__q_learning__r1p25,pool_power_mix,warmup_pool_power_k,22.0,k22,,22.0,50,erdos_renyi,n50_er_k4,piecewise_linear,degree_scaled,piecewise_linear_degree_scaled,q_learning,1.25,0.8239999999999998,285.721419320071,156.07126984126984,16.89880655409104,19.956718155369956,0.3869491808902369,4183.210546023927,567.0518503730067
n50_er_k4__pool_power_mix_k22__piecewise_linear_degree_scaled__q_learning__r1p75,pool_power_mix,warmup_pool_power_k,22.0,k22,,22.0,50,erdos_renyi,n50_er_k4,piecewise_linear,degree_scaled,piecewise_linear_degree_scaled,q_learning,1.75,0.82,278.2984529197166,155.01769841269842,16.665765915311177,16.192862085023403,0.39601309486494046,4166.657438618728,583.1621701589182
n50_er_k4__pool_power_mix_k22__piecewise_linear_degree_scaled__q_learning__r2p25,pool_power_mix,warmup_pool_power_k,22.0,k22,,22.0,50,erdos_renyi,n50_er_k4,piecewise_linear,degree_scaled,piecewise_linear_degree_scaled,q_learning,2.25,0.828,279.7673661306747,158.7602380952381,16.613158906671323,18.830169306412653,0.4009447297852617,4145.49601117979,530.7198712716447
n50_regular_d4__pool_power_mix_k22__piecewise_linear_degree_scaled__q_learning__r0p25,pool_power_mix,warmup_pool_power_k,22.0,k22,,22.0,50,regular,n50_regular_d4,piecewise_linear,degree_scaled,piecewise_linear_degree_scaled,q_learning,0.25,0.0,0.0,0.0,0.0,0.0,0.0,8.396873203096998,0.5572968825071847
n50_regular_d4__pool_power_mix_k22__piecewise_linear_degree_scaled__q_learning__r0p75,pool_power_mix,warmup_pool_power_k,22.0,k22,,22.0,50,regular,n50_regular_d4,piecewise_linear,degree_scaled,piecewise_linear_degree_scaled,q_learning,0.75,0.8160000000000001,315.5074762931507,177.04000000000002,18.819345689801718,21.181852286843437,0.3324561274822871,4619.436397385695,461.37025341252513
n50_regular_d4__pool_power_mix_k22__piecewise_linear_degree_scaled__q_learning__r1p25,pool_power_mix,warmup_pool_power_k,22.0,k22,,22.0,50,regular,n50_regular_d4,piecewise_linear,degree_scaled,piecewise_linear_degree_scaled,q_learning,1.25,0.876,364.53660036017396,198.04000000000002,21.475349774054365,25.211858118207704,0.24112781454132248,5216.063440909811,265.8481536907976
n50_regular_d4__pool_power_mix_k22__piecewise_linear_degree_scaled__q_learning__r1p75,pool_power_mix,warmup_pool_power_k,22.0,k22,,22.0,50,regular,n50_regular_d4,piecewise_linear,degree_scaled,piecewise_linear_degree_scaled,q_learning,1.75,0.8559999999999999,350.58466933819386,191.84,20.724197368170458,24.422526034259203,0.25187951767245614,5199.855854391933,311.84455103974364
n50_regular_d4__pool_power_mix_k22__piecewise_linear_degree_scaled__q_learning__r2p25,pool_power_mix,warmup_pool_power_k,22.0,k22,,22.0,50,regular,n50_regular_d4,piecewise_linear,degree_scaled,piecewise_linear_degree_scaled,q_learning,2.25,0.8640000000000001,351.1641387371529,194.24,20.840512550463863,22.685025526760185,0.2601965882111409,5157.414313003847,381.0807283284327
n50_ws_k4_p0p1__pool_power_mix_k22__piecewise_linear_degree_scaled__q_learning__r0p25,pool_power_mix,warmup_pool_power_k,22.0,k22,,22.0,50,small_world,n50_ws_k4_p0p1,piecewise_linear,degree_scaled,piecewise_linear_degree_scaled,q_learning,0.25,0.0,0.0,0.0,0.0,0.0,0.0,8.77158834170882,0.614768008670092
n50_ws_k4_p0p1__pool_power_mix_k22__piecewise_linear_degree_scaled__q_learning__r0p75,pool_power_mix,warmup_pool_power_k,22.0,k22,,22.0,50,small_world,n50_ws_k4_p0p1,piecewise_linear,degree_scaled,piecewise_linear_degree_scaled,q_learning,0.75,0.796,303.50538589870087,170.47714285714287,18.06308946844875,21.385987570946813,0.3686325399426863,4553.0106194709415,205.56692275462186
n50_ws_k4_p0p1__pool_power_mix_k22__piecewise_linear_degree_scaled__q_learning__r1p25,pool_power_mix,warmup_pool_power_k,22.0,k22,,22.0,50,small_world,n50_ws_k4_p0p1,piecewise_linear,degree_scaled,piecewise_linear_degree_scaled,q_learning,1.25,0.8119999999999999,314.49201312966363,175.59523809523807,18.74288602882078,21.051412191684708,0.33867805518910815,4847.092670811394,265.2126909664555
n50_ws_k4_p0p1__pool_power_mix_k22__piecewise_linear_degree_scaled__q_learning__r1p75,pool_power_mix,warmup_pool_power_k,22.0,k22,,22.0,50,small_world,n50_ws_k4_p0p1,piecewise_linear,degree_scaled,piecewise_linear_degree_scaled,q_learning,1.75,0.8039999999999999,315.40273228418783,172.94714285714284,18.85263173993365,20.04076294390365,0.34449752084501173,4851.955690520656,326.6032326319858
n50_ws_k4_p0p1__pool_power_mix_k22__piecewise_linear_degree_scaled__q_learning__r2p25,pool_power_mix,warmup_pool_power_k,22.0,k22,,22.0,50,small_world,n50_ws_k4_p0p1,piecewise_linear,degree_scaled,piecewise_linear_degree_scaled,q_learning,2.25,0.8039999999999999,309.73135255010686,172.99190476190475,18.480795611149023,20.602262362947606,0.3468607264798907,4838.1904968951685,336.401333288416
n50_ba_m2__pool_power_mix_k25__piecewise_linear_constant__fermi__r0p25,pool_power_mix,warmup_pool_power_k,25.0,k25,,25.0,50,scale_free,n50_ba_m2,piecewise_linear,constant,piecewise_linear_constant,fermi,0.25,0.004,0.8988441154431237,0.549564267089491,0.060142205569577424,0.06014220962115269,0.19599999999991277,18.38117442670486,21.841220089765777
n50_ba_m2__pool_power_mix_k25__piecewise_linear_constant__fermi__r0p75,pool_power_mix,warmup_pool_power_k,25.0,k25,,25.0,50,scale_free,n50_ba_m2,piecewise_linear,constant,piecewise_linear_constant,fermi,0.75,0.6759999999999999,214.21118929510652,121.98854218880535,13.279630590009251,13.278264492494912,0.5786947973584843,3372.7443492026987,998.3111160566417
n50_ba_m2__pool_power_mix_k25__piecewise_linear_constant__fermi__r1p25,pool_power_mix,warmup_pool_power_k,25.0,k25,,25.0,50,scale_free,n50_ba_m2,piecewise_linear,constant,piecewise_linear_constant,fermi,1.25,0.6839999999999999,222.0635430782433,124.98802936829254,13.725983473012509,13.564988325680108,0.5524876296238247,3671.223114149247,904.5096537991153
n50_ba_m2__pool_power_mix_k25__piecewise_linear_constant__fermi__r1p75,pool_power_mix,warmup_pool_power_k,25.0,k25,,25.0,50,scale_free,n50_ba_m2,piecewise_linear,constant,piecewise_linear_constant,fermi,1.75,0.6880000000000001,219.97146687891131,124.87479628558575,13.65637735417389,12.861347409240361,0.5549829548366072,3657.8884327198866,935.0084344072978
n50_ba_m2__pool_power_mix_k25__piecewise_linear_constant__fermi__r2p25,pool_power_mix,warmup_pool_power_k,25.0,k25,,25.0,50,scale_free,n50_ba_m2,piecewise_linear,constant,piecewise_linear_constant,fermi,2.25,0.6679999999999999,211.9703334927255,120.20867906946856,13.194919822151494,12.065537297004186,0.5724103484739805,3592.215529397803,974.571754515075
n50_er_k4__pool_power_mix_k25__piecewise_linear_constant__fermi__r0p25,pool_power_mix,warmup_pool_power_k,25.0,k25,,25.0,50,erdos_renyi,n50_er_k4,piecewise_linear,constant,piecewise_linear_constant,fermi,0.25,0.0,0.0,0.0,0.0,0.0,0.0,8.399735334030625,0.6212043956568611
n50_er_k4__pool_power_mix_k25__piecewise_linear_constant__fermi__r0p75,pool_power_mix,warmup_pool_power_k,25.0,k25,,25.0,50,erdos_renyi,n50_er_k4,piecewise_linear,constant,piecewise_linear_constant,fermi,0.75,0.836,318.88287633129215,180.51119047619048,19.123006437944916,19.096498183143876,0.3888355176533702,4637.106372821677,516.528839944053
n50_er_k4__pool_power_mix_k25__piecewise_linear_constant__fermi__r1p25,pool_power_mix,warmup_pool_power_k,25.0,k25,,25.0,50,erdos_renyi,n50_er_k4,piecewise_linear,constant,piecewise_linear_constant,fermi,1.25,0.9039999999999999,351.38887917863246,198.78523809523807,21.00479861030231,21.004798401541468,0.3451571066093353,5081.300948287293,437.18240308472343
n50_er_k4__pool_power_mix_k25__piecewise_linear_constant__fermi__r1p75,pool_power_mix,warmup_pool_power_k,25.0,k25,,25.0,50,erdos_renyi,n50_er_k4,piecewise_linear,constant,piecewise_linear_constant,fermi,1.75,0.8800000000000001,340.18922200957775,192.48603174603176,20.35550926864288,20.355332213842797,0.35424341323076874,5042.649758390841,538.9041260868453
n50_er_k4__pool_power_mix_k25__piecewise_linear_constant__fermi__r2p25,pool_power_mix,warmup_pool_power_k,25.0,k25,,25.0,50,erdos_renyi,n50_er_k4,piecewise_linear,constant,piecewise_linear_constant,fermi,2.25,0.8800000000000001,339.73555004522274,192.23603174603176,20.33232262977831,20.332190817062443,0.35337384392147236,5034.823063520102,573.3742343529477
n50_regular_d4__pool_power_mix_k25__piecewise_linear_constant__fermi__r0p25,pool_power_mix,warmup_pool_power_k,25.0,k25,,25.0,50,regular,n50_regular_d4,piecewise_linear,constant,piecewise_linear_constant,fermi,0.25,0.0,0.0,0.0,0.0,0.0,0.0,8.517008369844678,0.900924753415644
n50_regular_d4__pool_power_mix_k25__piecewise_linear_constant__fermi__r0p75,pool_power_mix,warmup_pool_power_k,25.0,k25,,25.0,50,regular,n50_regular_d4,piecewise_linear,constant,piecewise_linear_constant,fermi,0.75,0.892,370.508562774856,209.4,21.915724716273395,21.915712508870588,0.20338599914298547,5214.964992358169,1151.837628982866
n50_regular_d4__pool_power_mix_k25__piecewise_linear_constant__fermi__r1p25,pool_power_mix,warmup_pool_power_k,25.0,k25,,25.0,50,regular,n50_regular_d4,piecewise_linear,constant,piecewise_linear_constant,fermi,1.25,0.9199999999999999,388.15007263681235,219.28000000000003,22.904931598584632,22.904995764603008,0.16716316853551855,5554.74598838459,955.5731377926509
n50_regular_d4__pool_power_mix_k25__piecewise_linear_constant__fermi__r1p75,pool_power_mix,warmup_pool_power_k,25.0,k25,,25.0,50,regular,n50_regular_d4,piecewise_linear,constant,piecewise_linear_constant,fermi,1.75,0.9039999999999999,378.31932065670526,213.76,22.352389203541268,22.328290139753452,0.17751494551859687,5512.91888407546,1028.3677208127333
n50_regular_d4__pool_power_mix_k25__piecewise_linear_constant__fermi__r2p25,pool_power_mix,warmup_pool_power_k,25.0,k25,,25.0,50,regular,n50_regular_d4,piecewise_linear,constant,piecewise_linear_constant,fermi,2.25,0.9039999999999999,378.2999344876979,213.76,22.35023388655192,22.34983162575018,0.17770744909827346,5503.98304020649,1053.4977949255083
n50_ws_k4_p0p1__pool_power_mix_k25__piecewise_linear_constant__fermi__r0p25,pool_power_mix,warmup_pool_power_k,25.0,k25,,25.0,50,small_world,n50_ws_k4_p0p1,piecewise_linear,constant,piecewise_linear_constant,fermi,0.25,0.0,0.0,0.0,0.0,0.0,0.0,8.697536502838677,0.9294728266100095
n50_ws_k4_p0p1__pool_power_mix_k25__piecewise_linear_constant__fermi__r0p75,pool_power_mix,warmup_pool_power_k,25.0,k25,,25.0,50,small_world,n50_ws_k4_p0p1,piecewise_linear,constant,piecewise_linear_constant,fermi,0.75,0.8600000000000001,354.25061561671896,200.1573671883512,20.99248600827262,20.754204063131645,0.2645700636168034,5064.036656721031,1002.2985050461177
n50_ws_k4_p0p1__pool_power_mix_k25__piecewise_linear_constant__fermi__r1p25,pool_power_mix,warmup_pool_power_k,25.0,k25,,25.0,50,small_world,n50_ws_k4_p0p1,piecewise_linear,constant,piecewise_linear_constant,fermi,1.25,0.9039999999999999,380.09135641407204,214.75142857142856,22.43979693855278,22.439703790232365,0.21158768723614835,5444.104242507843,840.8392469356443
n50_ws_k4_p0p1__pool_power_mix_k25__piecewise_linear_constant__fermi__r1p75,pool_power_mix,warmup_pool_power_k,25.0,k25,,25.0,50,small_world,n50_ws_k4_p0p1,piecewise_linear,constant,piecewise_linear_constant,fermi,1.75,0.8959999999999999,374.7406612080726,211.75809523809522,22.14186937232396,22.141659895793936,0.22217715866967894,5436.425259012749,910.2192931703298
n50_ws_k4_p0p1__pool_power_mix_k25__piecewise_linear_constant__fermi__r2p25,pool_power_mix,warmup_pool_power_k,25.0,k25,,25.0,50,small_world,n50_ws_k4_p0p1,piecewise_linear,constant,piecewise_linear_constant,fermi,2.25,0.876,362.3132847108654,204.79476190476188,21.444524481112218,21.443714617546245,0.24493699921596254,5354.5318484854815,1000.9642176297418
n50_ba_m2__pool_power_mix_k25__piecewise_linear_degree_scaled__fermi__r0p25,pool_power_mix,warmup_pool_power_k,25.0,k25,,25.0,50,scale_free,n50_ba_m2,piecewise_linear,degree_scaled,piecewise_linear_degree_scaled,fermi,0.25,0.196,9.947074143669013,6.116110059044504,0.850227229042589,0.8487567918598249,0.8481275012452677,180.76576223955848,40.524834891734876
n50_ba_m2__pool_power_mix_k25__piecewise_linear_degree_scaled__fermi__r0p75,pool_power_mix,warmup_pool_power_k,25.0,k25,,25.0,50,scale_free,n50_ba_m2,piecewise_linear,degree_scaled,piecewise_linear_degree_scaled,fermi,0.75,0.648,130.72075560284628,74.85358620911252,8.261833461665056,8.228583353713734,0.5958705726745662,2344.2301024049234,322.2010338110685
n50_ba_m2__pool_power_mix_k25__piecewise_linear_degree_scaled__fermi__r1p25,pool_power_mix,warmup_pool_power_k,25.0,k25,,25.0,50,scale_free,n50_ba_m2,piecewise_linear,degree_scaled,piecewise_linear_degree_scaled,fermi,1.25,0.76,205.9120660015748,116.75918064391749,12.594118122535889,11.840177163724306,0.5261795425789473,3361.8640634498393,935.9426482985708
n50_ba_m2__pool_power_mix_k25__piecewise_linear_degree_scaled__fermi__r1p75,pool_power_mix,warmup_pool_power_k,25.0,k25,,25.0,50,scale_free,n50_ba_m2,piecewise_linear,degree_scaled,piecewise_linear_degree_scaled,fermi,1.75,0.768,212.8811704670142,120.86639129875974,12.973983757039093,12.648882845653938,0.5282541904653041,3384.5732356176254,929.78122570574
n50_ba_m2__pool_power_mix_k25__piecewise_linear_degree_scaled__fermi__r2p25,pool_power_mix,warmup_pool_power_k,25.0,k25,,25.0,50,scale_free,n50_ba_m2,piecewise_linear,degree_scaled,piecewise_linear_degree_scaled,fermi,2.25,0.756,209.19713606243278,118.03554752265279,12.758030665583075,12.558033580447624,0.5404309666395128,3363.4000530306075,923.5675296116315
n50_er_k4__pool_power_mix_k25__piecewise_linear_degree_scaled__fermi__r0p25,pool_power_mix,warmup_pool_power_k,25.0,k25,,25.0,50,erdos_renyi,n50_er_k4,piecewise_linear,degree_scaled,piecewise_linear_degree_scaled,fermi,0.25,0.164,6.950581509532432,4.223616128694661,0.5643290931866705,0.5643287389856925,0.8757526430326612,120.8815035942491,13.945832260675532
n50_er_k4__pool_power_mix_k25__piecewise_linear_degree_scaled__fermi__r0p75,pool_power_mix,warmup_pool_power_k,25.0,k25,,25.0,50,erdos_renyi,n50_er_k4,piecewise_linear,degree_scaled,piecewise_linear_degree_scaled,fermi,0.75,0.8240000000000001,272.10684389133866,154.0088888888889,16.19148707888717,16.19145389188027,0.4141485539829993,4060.2138580658548,743.4329494251651
n50_er_k4__pool_power_mix_k25__piecewise_linear_degree_scaled__fermi__r1p25,pool_power_mix,warmup_pool_power_k,25.0,k25,,25.0,50,erdos_renyi,n50_er_k4,piecewise_linear,degree_scaled,piecewise_linear_degree_scaled,fermi,1.25,0.8559999999999999,303.06866716029515,170.9453968253968,17.99566641722051,17.072711224049165,0.37543106303300355,4484.340051334355,591.7787562704958
n50_er_k4__pool_power_mix_k25__piecewise_linear_degree_scaled__fermi__r1p75,pool_power_mix,warmup_pool_power_k,25.0,k25,,25.0,50,erdos_renyi,n50_er_k4,piecewise_linear,degree_scaled,piecewise_linear_degree_scaled,fermi,1.75,0.8559999999999999,306.0453567450652,171.84396825396826,18.115070088035694,18.115072314719505,0.37446848670305694,4496.902506975763,590.4835457018333
n50_er_k4__pool_power_mix_k25__piecewise_linear_degree_scaled__fermi__r2p25,pool_power_mix,warmup_pool_power_k,25.0,k25,,25.0,50,erdos_renyi,n50_er_k4,piecewise_linear,degree_scaled,piecewise_linear_degree_scaled,fermi,2.25,0.8480000000000001,300.7296262232734,170.05674603174603,17.81993660272489,17.81993632182216,0.3925223964714311,4464.959521245769,586.2708734397303
n50_regular_d4__pool_power_mix_k25__piecewise_linear_degree_scaled__fermi__r0p25,pool_power_mix,warmup_pool_power_k,25.0,k25,,25.0,50,regular,n50_regular_d4,piecewise_linear,degree_scaled,piecewise_linear_degree_scaled,fermi,0.25,0.0,0.0,0.0,0.0,0.0,0.0,8.517008369844678,0.900924753415644
n50_regular_d4__pool_power_mix_k25__piecewise_linear_degree_scaled__fermi__r0p75,pool_power_mix,warmup_pool_power_k,25.0,k25,,25.0,50,regular,n50_regular_d4,piecewise_linear,degree_scaled,piecewise_linear_degree_scaled,fermi,0.75,0.892,370.508562774856,209.4,21.915724716273395,21.915712508870588,0.20338599914298547,5214.964992358169,1151.837628982866
n50_regular_d4__pool_power_mix_k25__piecewise_linear_degree_scaled__fermi__r1p25,pool_power_mix,warmup_pool_power_k,25.0,k25,,25.0,50,regular,n50_regular_d4,piecewise_linear,degree_scaled,piecewise_linear_degree_scaled,fermi,1.25,0.9199999999999999,388.15007263681235,219.28000000000003,22.904931598584632,22.904995764603008,0.16716316853551855,5554.74598838459,955.5731377926509
n50_regular_d4__pool_power_mix_k25__piecewise_linear_degree_scaled__fermi__r1p75,pool_power_mix,warmup_pool_power_k,25.0,k25,,25.0,50,regular,n50_regular_d4,piecewise_linear,degree_scaled,piecewise_linear_degree_scaled,fermi,1.75,0.9039999999999999,378.31932065670526,213.76,22.352389203541268,22.328290139753452,0.17751494551859687,5512.91888407546,1028.3677208127333
n50_regular_d4__pool_power_mix_k25__piecewise_linear_degree_scaled__fermi__r2p25,pool_power_mix,warmup_pool_power_k,25.0,k25,,25.0,50,regular,n50_regular_d4,piecewise_linear,degree_scaled,piecewise_linear_degree_scaled,fermi,2.25,0.9039999999999999,378.2999344876979,213.76,22.35023388655192,22.34983162575018,0.17770744909827346,5503.98304020649,1053.4977949255083
n50_ws_k4_p0p1__pool_power_mix_k25__piecewise_linear_degree_scaled__fermi__r0p25,pool_power_mix,warmup_pool_power_k,25.0,k25,,25.0,50,small_world,n50_ws_k4_p0p1,piecewise_linear,degree_scaled,piecewise_linear_degree_scaled,fermi,0.25,0.0,0.0,0.0,0.0,0.0,0.0,9.055544941963879,1.0259766578669347
n50_ws_k4_p0p1__pool_power_mix_k25__piecewise_linear_degree_scaled__fermi__r0p75,pool_power_mix,warmup_pool_power_k,25.0,k25,,25.0,50,small_world,n50_ws_k4_p0p1,piecewise_linear,degree_scaled,piecewise_linear_degree_scaled,fermi,0.75,0.8879999999999999,368.54487494667865,208.28809523809522,21.797657747533,21.797657781978867,0.22392161872707916,5223.299423290236,829.1375516212153
n50_ws_k4_p0p1__pool_power_mix_k25__piecewise_linear_degree_scaled__fermi__r1p25,pool_power_mix,warmup_pool_power_k,25.0,k25,,25.0,50,small_world,n50_ws_k4_p0p1,piecewise_linear,degree_scaled,piecewise_linear_degree_scaled,fermi,1.25,0.908,381.97685180484206,215.79571428571427,22.54128826568074,22.54128850090573,0.20346316964414432,5507.701726503513,685.5738207749721
n50_ws_k4_p0p1__pool_power_mix_k25__piecewise_linear_degree_scaled__fermi__r1p75,pool_power_mix,warmup_pool_power_k,25.0,k25,,25.0,50,small_world,n50_ws_k4_p0p1,piecewise_linear,degree_scaled,piecewise_linear_degree_scaled,fermi,1.75,0.8959999999999999,374.36279766619884,211.50523809523807,22.118017361452644,22.05766116282472,0.21202351217339133,5500.382951302594,735.523796318581
n50_ws_k4_p0p1__pool_power_mix_k25__piecewise_linear_degree_scaled__fermi__r2p25,pool_power_mix,warmup_pool_power_k,25.0,k25,,25.0,50,small_world,n50_ws_k4_p0p1,piecewise_linear,degree_scaled,piecewise_linear_degree_scaled,fermi,2.25,0.9,376.75941961470414,212.8752380952381,22.2500815921089,22.248974983663174,0.2075443421742607,5521.65385460412,727.2077098063975
n50_ba_m2__pool_power_mix_k25__piecewise_linear_constant__q_learning__r0p25,pool_power_mix,warmup_pool_power_k,25.0,k25,,25.0,50,scale_free,n50_ba_m2,piecewise_linear,constant,piecewise_linear_constant,q_learning,0.25,0.008,1.796611308266911,1.0986573805330226,0.12022373944229084,0.12036025886338564,0.39199999999982543,28.732565948622344,25.748825420244902
n50_ba_m2__pool_power_mix_k25__piecewise_linear_constant__q_learning__r0p75,pool_power_mix,warmup_pool_power_k,25.0,k25,,25.0,50,scale_free,n50_ba_m2,piecewise_linear,constant,piecewise_linear_constant,q_learning,0.75,0.62,181.75306970198685,98.461667630615,11.430188065311823,13.21987964536309,0.581550147872907,3037.162563044668,571.6819106334158
n50_ba_m2__pool_power_mix_k25__piecewise_linear_constant__q_learning__r1p25,pool_power_mix,warmup_pool_power_k,25.0,k25,,25.0,50,scale_free,n50_ba_m2,piecewise_linear,constant,piecewise_linear_constant,q_learning,1.25,0.628,181.79091804788817,101.30663035794615,11.401570707628519,14.412073965576672,0.5727634261585471,3185.8552248126266,530.5773852568783
n50_ba_m2__pool_power_mix_k25__piecewise_linear_constant__q_learning__r1p75,pool_power_mix,warmup_pool_power_k,25.0,k25,,25.0,50,scale_free,n50_ba_m2,piecewise_linear,constant,piecewise_linear_constant,q_learning,1.75,0.636,178.5231030545487,101.56157348499455,11.399290759651524,11.490310073793161,0.5775838820919702,3184.5010808923585,545.6710729975284
n50_ba_m2__pool_power_mix_k25__piecewise_linear_constant__q_learning__r2p25,pool_power_mix,warmup_pool_power_k,25.0,k25,,25.0,50,scale_free,n50_ba_m2,piecewise_linear,constant,piecewise_linear_constant,q_learning,2.25,0.64,180.84400129877736,102.19740826425036,11.387608733362784,14.642285717226581,0.5644893257654326,3208.202136769579,556.5255172591219
n50_er_k4__pool_power_mix_k25__piecewise_linear_constant__q_learning__r0p25,pool_power_mix,warmup_pool_power_k,25.0,k25,,25.0,50,erdos_renyi,n50_er_k4,piecewise_linear,constant,piecewise_linear_constant,q_learning,0.25,0.0,0.0,0.0,0.0,0.0,0.0,8.076759467831545,0.5335445548192924
n50_er_k4__pool_power_mix_k25__piecewise_linear_constant__q_learning__r0p75,pool_power_mix,warmup_pool_power_k,25.0,k25,,25.0,50,erdos_renyi,n50_er_k4,piecewise_linear,constant,piecewise_linear_constant,q_learning,0.75,0.776,278.4343831050342,157.09460317460318,16.810171673983554,18.941301874074526,0.44445825410759066,4090.296248807784,277.9681978768627
n50_er_k4__pool_power_mix_k25__piecewise_linear_constant__q_learning__r1p25,pool_power_mix,warmup_pool_power_k,25.0,k25,,25.0,50,erdos_renyi,n50_er_k4,piecewise_linear,constant,piecewise_linear_constant,q_learning,1.25,0.8160000000000001,299.05010939746455,165.6320634920635,17.986253903642382,20.851151336807135,0.42035863620314745,4471.508994916329,327.4301379662032
n50_er_k4__pool_power_mix_k25__piecewise_linear_constant__q_learning__r1p75,pool_power_mix,warmup_pool_power_k,25.0,k25,,25.0,50,erdos_renyi,n50_er_k4,piecewise_linear,constant,piecewise_linear_constant,q_learning,1.75,0.804,296.16306884663453,161.4263492063492,17.863992077824243,19.681488721003305,0.4203666951300241,4497.7920842799285,321.36399157886297
n50_er_k4__pool_power_mix_k25__piecewise_linear_constant__q_learning__r2p25,pool_power_mix,warmup_pool_power_k,25.0,k25,,25.0,50,erdos_renyi,n50_er_k4,piecewise_linear,constant,piecewise_linear_constant,q_learning,2.25,0.808,292.9810873716878,165.17214285714286,17.77189339790965,18.24625408413487,0.42033470832618053,4489.121814473843,336.59964927297824
n50_regular_d4__pool_power_mix_k25__piecewise_linear_constant__q_learning__r0p25,pool_power_mix,warmup_pool_power_k,25.0,k25,,25.0,50,regular,n50_regular_d4,piecewise_linear,constant,piecewise_linear_constant,q_learning,0.25,0.0,0.0,0.0,0.0,0.0,0.0,8.396873203096998,0.5572968825071847
n50_regular_d4__pool_power_mix_k25__piecewise_linear_constant__q_learning__r0p75,pool_power_mix,warmup_pool_power_k,25.0,k25,,25.0,50,regular,n50_regular_d4,piecewise_linear,constant,piecewise_linear_constant,q_learning,0.75,0.792,303.47468246322524,169.52,18.1461763224957,20.4121252740794,0.3746727419810309,4542.694264696801,480.9224833849501
n50_regular_d4__pool_power_mix_k25__piecewise_linear_constant__q_learning__r1p25,pool_power_mix,warmup_pool_power_k,25.0,k25,,25.0,50,regular,n50_regular_d4,piecewise_linear,constant,piecewise_linear_constant,q_learning,1.25,0.8559999999999999,352.71741612345704,191.2,20.87789720675724,23.522760881232827,0.2571320678925327,5184.775368800796,297.5638270422256
n50_regular_d4__pool_power_mix_k25__piecewise_linear_constant__q_learning__r1p75,pool_power_mix,warmup_pool_power_k,25.0,k25,,25.0,50,regular,n50_regular_d4,piecewise_linear,constant,piecewise_linear_constant,q_learning,1.75,0.8480000000000001,344.50822984497665,188.96000000000004,20.468118005285447,22.494693484862914,0.2778344917635918,5165.3522169707285,336.2958921761596
n50_regular_d4__pool_power_mix_k25__piecewise_linear_constant__q_learning__r2p25,pool_power_mix,warmup_pool_power_k,25.0,k25,,25.0,50,regular,n50_regular_d4,piecewise_linear,constant,piecewise_linear_constant,q_learning,2.25,0.86,348.46697487724293,192.6,20.611959407227822,24.024670826827798,0.277589229487708,5146.496666588684,389.94709872846664
n50_ws_k4_p0p1__pool_power_mix_k25__piecewise_linear_constant__q_learning__r0p25,pool_power_mix,warmup_pool_power_k,25.0,k25,,25.0,50,small_world,n50_ws_k4_p0p1,piecewise_linear,constant,piecewise_linear_constant,q_learning,0.25,0.0,0.0,0.0,0.0,0.0,0.0,8.393175661074954,0.5415427925525289
n50_ws_k4_p0p1__pool_power_mix_k25__piecewise_linear_constant__q_learning__r0p75,pool_power_mix,warmup_pool_power_k,25.0,k25,,25.0,50,small_world,n50_ws_k4_p0p1,piecewise_linear,constant,piecewise_linear_constant,q_learning,0.75,0.788,302.5427273604728,170.57606705360257,17.9313294108864,22.648072368210627,0.3808000900413718,4531.182279869878,441.28287004088196
n50_ws_k4_p0p1__pool_power_mix_k25__piecewise_linear_constant__q_learning__r1p25,pool_power_mix,warmup_pool_power_k,25.0,k25,,25.0,50,small_world,n50_ws_k4_p0p1,piecewise_linear,constant,piecewise_linear_constant,q_learning,1.25,0.8400000000000001,340.95564411142914,187.43714285714287,20.233999941761045,22.174430792079534,0.3050275690134042,5049.737930539775,254.74282061403073
n50_ws_k4_p0p1__pool_power_mix_k25__piecewise_linear_constant__q_learning__r1p75,pool_power_mix,warmup_pool_power_k,25.0,k25,,25.0,50,small_world,n50_ws_k4_p0p1,piecewise_linear,constant,piecewise_linear_constant,q_learning,1.75,0.836,340.11496856863084,186.02013000159369,20.057750468980622,24.682581951401083,0.3039098645879087,5055.9446398439595,269.51923736554704
n50_ws_k4_p0p1__pool_power_mix_k25__piecewise_linear_constant__q_learning__r2p25,pool_power_mix,warmup_pool_power_k,25.0,k25,,25.0,50,small_world,n50_ws_k4_p0p1,piecewise_linear,constant,piecewise_linear_constant,q_learning,2.25,0.8240000000000001,328.3327654883265,182.78238095238095,19.49110551056085,22.1485501684074,0.3285194703342037,4975.054257794482,315.3217877886023
n50_ba_m2__pool_power_mix_k25__piecewise_linear_degree_scaled__q_learning__r0p25,pool_power_mix,warmup_pool_power_k,25.0,k25,,25.0,50,scale_free,n50_ba_m2,piecewise_linear,degree_scaled,piecewise_linear_degree_scaled,q_learning,0.25,0.07599999999999998,3.3635036676636787,2.0759159835665044,0.3159732927794462,0.29576503512287144,0.9347732468462743,108.5605447141132,17.52057433108203
n50_ba_m2__pool_power_mix_k25__piecewise_linear_degree_scaled__q_learning__r0p75,pool_power_mix,warmup_pool_power_k,25.0,k25,,25.0,50,scale_free,n50_ba_m2,piecewise_linear,degree_scaled,piecewise_linear_degree_scaled,q_learning,0.75,0.652,137.30814238309353,76.48680689003984,8.7125965448494,8.137195642134298,0.556691911236349,2341.2724225568786,298.636467651404
n50_ba_m2__pool_power_mix_k25__piecewise_linear_degree_scaled__q_learning__r1p25,pool_power_mix,warmup_pool_power_k,25.0,k25,,25.0,50,scale_free,n50_ba_m2,piecewise_linear,degree_scaled,piecewise_linear_degree_scaled,q_learning,1.25,0.6759999999999999,159.39769611836127,88.71008193560826,9.965377990678784,9.891062196381416,0.5377462196713207,2871.2097336275283,342.51143672046766
n50_ba_m2__pool_power_mix_k25__piecewise_linear_degree_scaled__q_learning__r1p75,pool_power_mix,warmup_pool_power_k,25.0,k25,,25.0,50,scale_free,n50_ba_m2,piecewise_linear,degree_scaled,piecewise_linear_degree_scaled,q_learning,1.75,0.724,182.2638858108922,105.16894351262772,11.309273967543287,10.844127946640084,0.557692022007563,3110.5511086893557,590.0418145428266
n50_ba_m2__pool_power_mix_k25__piecewise_linear_degree_scaled__q_learning__r2p25,pool_power_mix,warmup_pool_power_k,25.0,k25,,25.0,50,scale_free,n50_ba_m2,piecewise_linear,degree_scaled,piecewise_linear_degree_scaled,q_learning,2.25,0.716,178.2688484155007,101.59438500096397,11.085129823439791,10.457183216302376,0.5593832588873864,3128.7212431050616,608.8258040087193
n50_er_k4__pool_power_mix_k25__piecewise_linear_degree_scaled__q_learning__r0p25,pool_power_mix,warmup_pool_power_k,25.0,k25,,25.0,50,erdos_renyi,n50_er_k4,piecewise_linear,degree_scaled,piecewise_linear_degree_scaled,q_learning,0.25,0.132,5.943754936438844,3.3880146977793673,0.4466005206025363,0.4343450449906536,0.901991279569979,103.76004669380954,12.63272582502512
n50_er_k4__pool_power_mix_k25__piecewise_linear_degree_scaled__q_learning__r0p75,pool_power_mix,warmup_pool_power_k,25.0,k25,,25.0,50,erdos_renyi,n50_er_k4,piecewise_linear,degree_scaled,piecewise_linear_degree_scaled,q_learning,0.75,0.752,232.72903308102696,129.67373015873017,13.985267717884875,15.68928905663152,0.4491312976011795,3647.4751638802372,496.61460655715166
n50_er_k4__pool_power_mix_k25__piecewise_linear_degree_scaled__q_learning__r1p25,pool_power_mix,warmup_pool_power_k,25.0,k25,,25.0,50,erdos_renyi,n50_er_k4,piecewise_linear,degree_scaled,piecewise_linear_degree_scaled,q_learning,1.25,0.8399999999999999,290.7095709085289,160.85285714285715,17.34330566510002,16.940931332949553,0.3879325006250268,4204.098617159065,550.8055997238632
n50_er_k4__pool_power_mix_k25__piecewise_linear_degree_scaled__q_learning__r1p75,pool_power_mix,warmup_pool_power_k,25.0,k25,,25.0,50,erdos_renyi,n50_er_k4,piecewise_linear,degree_scaled,piecewise_linear_degree_scaled,q_learning,1.75,0.8160000000000001,275.67841106369895,155.20801587301588,16.60011588462016,14.667417964984214,0.4068964047519882,4149.8846122730265,587.6070143802378
n50_er_k4__pool_power_mix_k25__piecewise_linear_degree_scaled__q_learning__r2p25,pool_power_mix,warmup_pool_power_k,25.0,k25,,25.0,50,erdos_renyi,n50_er_k4,piecewise_linear,degree_scaled,piecewise_linear_degree_scaled,q_learning,2.25,0.8119999999999999,272.39203545539687,151.9286507936508,16.192042602657402,18.76186884640069,0.4118752950795851,4098.2777367328545,601.2933977813335
n50_regular_d4__pool_power_mix_k25__piecewise_linear_degree_scaled__q_learning__r0p25,pool_power_mix,warmup_pool_power_k,25.0,k25,,25.0,50,regular,n50_regular_d4,piecewise_linear,degree_scaled,piecewise_linear_degree_scaled,q_learning,0.25,0.0,0.0,0.0,0.0,0.0,0.0,8.396873203096998,0.5572968825071847
n50_regular_d4__pool_power_mix_k25__piecewise_linear_degree_scaled__q_learning__r0p75,pool_power_mix,warmup_pool_power_k,25.0,k25,,25.0,50,regular,n50_regular_d4,piecewise_linear,degree_scaled,piecewise_linear_degree_scaled,q_learning,0.75,0.792,303.47468246322524,169.52,18.1461763224957,20.4121252740794,0.3746727419810309,4542.694264696801,480.9224833849501
n50_regular_d4__pool_power_mix_k25__piecewise_linear_degree_scaled__q_learning__r1p25,pool_power_mix,warmup_pool_power_k,25.0,k25,,25.0,50,regular,n50_regular_d4,piecewise_linear,degree_scaled,piecewise_linear_degree_scaled,q_learning,1.25,0.8559999999999999,352.71741612345704,191.2,20.87789720675724,23.522760881232827,0.2571320678925327,5184.775368800796,297.5638270422256
n50_regular_d4__pool_power_mix_k25__piecewise_linear_degree_scaled__q_learning__r1p75,pool_power_mix,warmup_pool_power_k,25.0,k25,,25.0,50,regular,n50_regular_d4,piecewise_linear,degree_scaled,piecewise_linear_degree_scaled,q_learning,1.75,0.8480000000000001,344.50822984497665,188.96000000000004,20.468118005285447,22.494693484862914,0.2778344917635918,5165.3522169707285,336.2958921761596
n50_regular_d4__pool_power_mix_k25__piecewise_linear_degree_scaled__q_learning__r2p25,pool_power_mix,warmup_pool_power_k,25.0,k25,,25.0,50,regular,n50_regular_d4,piecewise_linear,degree_scaled,piecewise_linear_degree_scaled,q_learning,2.25,0.86,348.46697487724293,192.6,20.611959407227822,24.024670826827798,0.277589229487708,5146.496666588684,389.94709872846664
n50_ws_k4_p0p1__pool_power_mix_k25__piecewise_linear_degree_scaled__q_learning__r0p25,pool_power_mix,warmup_pool_power_k,25.0,k25,,25.0,50,small_world,n50_ws_k4_p0p1,piecewise_linear,degree_scaled,piecewise_linear_degree_scaled,q_learning,0.25,0.0,0.0,0.0,0.0,0.0,0.0,8.77158834170882,0.614768008670092
n50_ws_k4_p0p1__pool_power_mix_k25__piecewise_linear_degree_scaled__q_learning__r0p75,pool_power_mix,warmup_pool_power_k,25.0,k25,,25.0,50,small_world,n50_ws_k4_p0p1,piecewise_linear,degree_scaled,piecewise_linear_degree_scaled,q_learning,0.75,0.776,295.3306221707302,163.21006102288726,17.718539105830907,18.54651192959495,0.38710595163910055,4475.338225512585,237.77681994807529
n50_ws_k4_p0p1__pool_power_mix_k25__piecewise_linear_degree_scaled__q_learning__r1p25,pool_power_mix,warmup_pool_power_k,25.0,k25,,25.0,50,small_world,n50_ws_k4_p0p1,piecewise_linear,degree_scaled,piecewise_linear_degree_scaled,q_learning,1.25,0.82,310.8737122840812,177.5057142857143,18.711566116502315,18.106505072028355,0.3340193977226843,4854.704192025005,265.6935805357746
n50_ws_k4_p0p1__pool_power_mix_k25__piecewise_linear_degree_scaled__q_learning__r1p75,pool_power_mix,warmup_pool_power_k,25.0,k25,,25.0,50,small_world,n50_ws_k4_p0p1,piecewise_linear,degree_scaled,piecewise_linear_degree_scaled,q_learning,1.75,0.788,304.029489885917,167.76380952380953,18.25206334471472,18.47786260829215,0.3567152551322086,4810.650688150183,324.69107117979394
n50_ws_k4_p0p1__pool_power_mix_k25__piecewise_linear_degree_scaled__q_learning__r2p25,pool_power_mix,warmup_pool_power_k,25.0,k25,,25.0,50,small_world,n50_ws_k4_p0p1,piecewise_linear,degree_scaled,piecewise_linear_degree_scaled,q_learning,2.25,0.7999999999999999,311.6161668428239,172.36333333333332,18.770966172137282,17.536808809130687,0.3451012903188705,4833.770066787424,407.720569830448
n50_ba_m2__proportional__piecewise_linear_constant__fermi__r0p25,proportional,,,,,,50,scale_free,n50_ba_m2,piecewise_linear,constant,piecewise_linear_constant,fermi,0.25,0.004,0.8988441154431237,0.549564267089491,0.060142205569577424,0.06014220962115269,0.19599999999991277,18.38117442670486,21.841220089765777
n50_ba_m2__proportional__piecewise_linear_constant__fermi__r0p75,proportional,,,,,,50,scale_free,n50_ba_m2,piecewise_linear,constant,piecewise_linear_constant,fermi,0.75,0.6359999999999999,192.7805920049436,109.95326842747895,12.057480397496073,12.024464452518236,0.5837047585778763,3244.4255541612188,942.3418724277303
n50_ba_m2__proportional__piecewise_linear_constant__fermi__r1p25,proportional,,,,,,50,scale_free,n50_ba_m2,piecewise_linear,constant,piecewise_linear_constant,fermi,1.25,0.648,199.0917165520704,113.25160947239894,12.447810165431857,11.852823828319554,0.5839142847560662,3508.679302488973,799.7727070746902
n50_ba_m2__proportional__piecewise_linear_constant__fermi__r1p75,proportional,,,,,,50,scale_free,n50_ba_m2,piecewise_linear,constant,piecewise_linear_constant,fermi,1.75,0.64,192.94306817143504,109.91261583445794,12.09805025966412,11.720113237816745,0.5895150769321027,3435.394456632982,799.9543501304252
n50_ba_m2__proportional__piecewise_linear_constant__fermi__r2p25,proportional,,,,,,50,scale_free,n50_ba_m2,piecewise_linear,constant,piecewise_linear_constant,fermi,2.25,0.628,185.99206241369305,106.03242497268813,11.703070826778326,11.36171670490488,0.5873107086846986,3365.850464968048,748.0590509473604
n50_er_k4__proportional__piecewise_linear_constant__fermi__r0p25,proportional,,,,,,50,erdos_renyi,n50_er_k4,piecewise_linear,constant,piecewise_linear_constant,fermi,0.25,0.0,0.0,0.0,0.0,0.0,0.0,8.399735334030625,0.6212043956568611
n50_er_k4__proportional__piecewise_linear_constant__fermi__r0p75,proportional,,,,,,50,erdos_renyi,n50_er_k4,piecewise_linear,constant,piecewise_linear_constant,fermi,0.75,0.752,273.1452394792265,154.88515873015874,16.514897861007537,16.51418012008337,0.5043627314539912,4347.9225916968,507.8839364726803
n50_er_k4__proportional__piecewise_linear_constant__fermi__r1p25,proportional,,,,,,50,erdos_renyi,n50_er_k4,piecewise_linear,constant,piecewise_linear_constant,fermi,1.25,0.768,288.1637254327909,160.08492063492062,17.38302592992209,16.862232764271177,0.48072032387403574,4681.026555548042,577.7212167804544
n50_er_k4__proportional__piecewise_linear_constant__fermi__r1p75,proportional,,,,,,50,erdos_renyi,n50_er_k4,piecewise_linear,constant,piecewise_linear_constant,fermi,1.75,0.752,273.41157182834075,155.01611111111112,16.530828968581066,16.47782142530045,0.5124647831182716,4635.458715637808,535.9682571740784
n50_er_k4__proportional__piecewise_linear_constant__fermi__r2p25,proportional,,,,,,50,erdos_renyi,n50_er_k4,piecewise_linear,constant,piecewise_linear_constant,fermi,2.25,0.744,268.35888817631394,152.04238095238097,16.26316746932589,15.90270625912205,0.5278568364430648,4525.48042993749,515.9261914413372
n50_regular_d4__proportional__piecewise_linear_constant__fermi__r0p25,proportional,,,,,,50,regular,n50_regular_d4,piecewise_linear,constant,piecewise_linear_constant,fermi,0.25,0.0,0.0,0.0,0.0,0.0,0.0,8.517008369844678,0.900924753415644
n50_regular_d4__proportional__piecewise_linear_constant__fermi__r0p75,proportional,,,,,,50,regular,n50_regular_d4,piecewise_linear,constant,piecewise_linear_constant,fermi,0.75,0.76,280.36968269595604,158.99775440855993,16.906221091632723,16.9114819549343,0.4637302016263988,4506.058372389195,961.9396698738452
n50_regular_d4__proportional__piecewise_linear_constant__fermi__r1p25,proportional,,,,,,50,regular,n50_regular_d4,piecewise_linear,constant,piecewise_linear_constant,fermi,1.25,0.8200000000000001,318.2440194777914,180.20000000000002,19.028224386421275,19.027756135787264,0.39959232191180816,5113.534089907768,902.1067539980849
n50_regular_d4__proportional__piecewise_linear_constant__fermi__r1p75,proportional,,,,,,50,regular,n50_regular_d4,piecewise_linear,constant,piecewise_linear_constant,fermi,1.75,0.784,297.08838756106576,167.84,17.904100660831087,16.782680487704713,0.428386618195875,4986.693030666246,895.2635480077141
n50_regular_d4__proportional__piecewise_linear_constant__fermi__r2p25,proportional,,,,,,50,regular,n50_regular_d4,piecewise_linear,constant,piecewise_linear_constant,fermi,2.25,0.776,291.3189799830314,164.8,17.549664442559042,16.851355574409602,0.45154861910413857,4885.128535977939,893.4146756790471
n50_ws_k4_p0p1__proportional__piecewise_linear_constant__fermi__r0p25,proportional,,,,,,50,small_world,n50_ws_k4_p0p1,piecewise_linear,constant,piecewise_linear_constant,fermi,0.25,0.0,0.0,0.0,0.0,0.0,0.0,8.697536502838677,0.9294728266100095
n50_ws_k4_p0p1__proportional__piecewise_linear_constant__fermi__r0p75,proportional,,,,,,50,small_world,n50_ws_k4_p0p1,piecewise_linear,constant,piecewise_linear_constant,fermi,0.75,0.7200000000000001,256.5948085944083,145.66105362639783,15.567751746220143,15.527525416225638,0.49792476595112845,4463.153175349422,1044.300983994211
n50_ws_k4_p0p1__proportional__piecewise_linear_constant__fermi__r1p25,proportional,,,,,,50,small_world,n50_ws_k4_p0p1,piecewise_linear,constant,piecewise_linear_constant,fermi,1.25,0.736,267.7140564729285,151.70428571428573,16.203752306515874,15.778762649127,0.5062247809288369,4743.0163918455555,940.0970715405011
n50_ws_k4_p0p1__proportional__piecewise_linear_constant__fermi__r1p75,proportional,,,,,,50,small_world,n50_ws_k4_p0p1,piecewise_linear,constant,piecewise_linear_constant,fermi,1.75,0.6880000000000001,240.87259747731832,134.80333333333334,14.703029349331667,14.107039840016663,0.5328353727667959,4534.044730156278,978.319378034585
n50_ws_k4_p0p1__proportional__piecewise_linear_constant__fermi__r2p25,proportional,,,,,,50,small_world,n50_ws_k4_p0p1,piecewise_linear,constant,piecewise_linear_constant,fermi,2.25,0.672,230.66454561657156,129.48285714285717,14.140187608190491,13.376981060952271,0.5432693029281659,4367.2385588689995,980.1786751817727
n50_ba_m2__proportional__piecewise_linear_degree_scaled__fermi__r0p25,proportional,,,,,,50,scale_free,n50_ba_m2,piecewise_linear,degree_scaled,piecewise_linear_degree_scaled,fermi,0.25,0.196,9.947074143669013,6.116110059044504,0.850227229042589,0.8487567918598249,0.8481275012452677,180.76576223955848,40.524834891734876
n50_ba_m2__proportional__piecewise_linear_degree_scaled__fermi__r0p75,proportional,,,,,,50,scale_free,n50_ba_m2,piecewise_linear,degree_scaled,piecewise_linear_degree_scaled,fermi,0.75,0.64,129.27392828941726,73.31565580618212,8.178585831470572,8.104797491476408,0.5992918168783372,2322.1652102104003,303.7456389048886
n50_ba_m2__proportional__piecewise_linear_degree_scaled__fermi__r1p25,proportional,,,,,,50,scale_free,n50_ba_m2,piecewise_linear,degree_scaled,piecewise_linear_degree_scaled,fermi,1.25,0.656,135.84600774701772,77.36011599511599,8.63030100761857,7.688282851005738,0.5743705243938895,2669.2729158050215,430.97434072312944
n50_ba_m2__proportional__piecewise_linear_degree_scaled__fermi__r1p75,proportional,,,,,,50,scale_free,n50_ba_m2,piecewise_linear,degree_scaled,piecewise_linear_degree_scaled,fermi,1.75,0.648,137.5550202724063,78.64183503630872,8.687305277299693,8.465406996200297,0.6030957707791087,2758.821383897116,528.827998062143
n50_ba_m2__proportional__piecewise_linear_degree_scaled__fermi__r2p25,proportional,,,,,,50,scale_free,n50_ba_m2,piecewise_linear,degree_scaled,piecewise_linear_degree_scaled,fermi,2.25,0.672,141.70991587438195,81.007653749759,8.919362458291438,8.754029166844651,0.6048361814887504,2782.1838689229435,539.4954181473558
n50_er_k4__proportional__piecewise_linear_degree_scaled__fermi__r0p25,proportional,,,,,,50,erdos_renyi,n50_er_k4,piecewise_linear,degree_scaled,piecewise_linear_degree_scaled,fermi,0.25,0.164,6.950581509532432,4.223616128694661,0.5643290931866705,0.5643287389856925,0.8757526430326612,120.8815035942491,13.945832260675532
n50_er_k4__proportional__piecewise_linear_degree_scaled__fermi__r0p75,proportional,,,,,,50,erdos_renyi,n50_er_k4,piecewise_linear,degree_scaled,piecewise_linear_degree_scaled,fermi,0.75,0.7040000000000001,202.66741334587533,112.1633000161102,12.459800716277702,9.873532860170066,0.5680226415225813,3626.8329366345,454.9030483182602
n50_er_k4__proportional__piecewise_linear_degree_scaled__fermi__r1p25,proportional,,,,,,50,erdos_renyi,n50_er_k4,piecewise_linear,degree_scaled,piecewise_linear_degree_scaled,fermi,1.25,0.76,231.94574384291937,131.551746031746,13.962888252112132,13.962867052788905,0.49651170652547566,4094.357203393224,512.0778176947939
n50_er_k4__proportional__piecewise_linear_degree_scaled__fermi__r1p75,proportional,,,,,,50,erdos_renyi,n50_er_k4,piecewise_linear,degree_scaled,piecewise_linear_degree_scaled,fermi,1.75,0.7440000000000001,228.4264311689347,129.35365079365081,13.781419648124416,13.3154578545708,0.5142922388135485,4071.2355944112305,544.9249981888927
n50_er_k4__proportional__piecewise_linear_degree_scaled__fermi__r2p25,proportional,,,,,,50,erdos_renyi,n50_er_k4,piecewise_linear,degree_scaled,piecewise_linear_degree_scaled,fermi,2.25,0.7280000000000001,224.77485370113874,126.54055555555553,13.561958659639146,13.561639167994946,0.5195238415558108,4003.9208619427345,528.2669040026012
n50_regular_d4__proportional__piecewise_linear_degree_scaled__fermi__r0p25,proportional,,,,,,50,regular,n50_regular_d4,piecewise_linear,degree_scaled,piecewise_linear_degree_scaled,fermi,0.25,0.0,0.0,0.0,0.0,0.0,0.0,8.517008369844678,0.900924753415644
n50_regular_d4__proportional__piecewise_linear_degree_scaled__fermi__r0p75,proportional,,,,,,50,regular,n50_regular_d4,piecewise_linear,degree_scaled,piecewise_linear_degree_scaled,fermi,0.75,0.76,280.36968269595604,158.99775440855993,16.906221091632723,16.9114819549343,0.4637302016263988,4506.058372389195,961.9396698738452
n50_regular_d4__proportional__piecewise_linear_degree_scaled__fermi__r1p25,proportional,,,,,,50,regular,n50_regular_d4,piecewise_linear,degree_scaled,piecewise_linear_degree_scaled,fermi,1.25,0.8200000000000001,318.2440194777914,180.20000000000002,19.028224386421275,19.027756135787264,0.39959232191180816,5113.534089907768,902.1067539980849
n50_regular_d4__proportional__piecewise_linear_degree_scaled__fermi__r1p75,proportional,,,,,,50,regular,n50_regular_d4,piecewise_linear,degree_scaled,piecewise_linear_degree_scaled,fermi,1.75,0.784,297.08838756106576,167.84,17.904100660831087,16.782680487704713,0.428386618195875,4986.693030666246,895.2635480077141
n50_regular_d4__proportional__piecewise_linear_degree_scaled__fermi__r2p25,proportional,,,,,,50,regular,n50_regular_d4,piecewise_linear,degree_scaled,piecewise_linear_degree_scaled,fermi,2.25,0.776,291.3189799830314,164.8,17.549664442559042,16.851355574409602,0.45154861910413857,4885.128535977939,893.4146756790471
n50_ws_k4_p0p1__proportional__piecewise_linear_degree_scaled__fermi__r0p25,proportional,,,,,,50,small_world,n50_ws_k4_p0p1,piecewise_linear,degree_scaled,piecewise_linear_degree_scaled,fermi,0.25,0.0,0.0,0.0,0.0,0.0,0.0,9.055544941963879,1.0259766578669347
n50_ws_k4_p0p1__proportional__piecewise_linear_degree_scaled__fermi__r0p75,proportional,,,,,,50,small_world,n50_ws_k4_p0p1,piecewise_linear,degree_scaled,piecewise_linear_degree_scaled,fermi,0.75,0.748,269.6140446232561,152.96010114725502,16.294996641142443,16.297108441549717,0.4936493794588664,4502.099122717315,929.0005817908832
n50_ws_k4_p0p1__proportional__piecewise_linear_degree_scaled__fermi__r1p25,proportional,,,,,,50,small_world,n50_ws_k4_p0p1,piecewise_linear,degree_scaled,piecewise_linear_degree_scaled,fermi,1.25,0.772,286.2575353403812,162.29857142857142,17.242551545756648,17.241055971004993,0.4694079848361111,4936.242135725524,784.6422568635171
n50_ws_k4_p0p1__proportional__piecewise_linear_degree_scaled__fermi__r1p75,proportional,,,,,,50,small_world,n50_ws_k4_p0p1,piecewise_linear,degree_scaled,piecewise_linear_degree_scaled,fermi,1.75,0.74,264.22756750528566,149.6742857142857,16.04414242122221,15.388861502063572,0.497300353143369,4713.232036879436,856.0295478589914
n50_ws_k4_p0p1__proportional__piecewise_linear_degree_scaled__fermi__r2p25,proportional,,,,,,50,small_world,n50_ws_k4_p0p1,piecewise_linear,degree_scaled,piecewise_linear_degree_scaled,fermi,2.25,0.7200000000000001,253.86200760036067,142.22,15.45663690302652,14.96110266626592,0.5251532036106435,4532.287543915838,870.9658382063368
n50_ba_m2__proportional__piecewise_linear_constant__q_learning__r0p25,proportional,,,,,,50,scale_free,n50_ba_m2,piecewise_linear,constant,piecewise_linear_constant,q_learning,0.25,0.008,1.796611308266911,1.0986573805330226,0.12022373944229084,0.12036025886338564,0.39199999999982543,28.732565948622344,25.748825420244902
n50_ba_m2__proportional__piecewise_linear_constant__q_learning__r0p75,proportional,,,,,,50,scale_free,n50_ba_m2,piecewise_linear,constant,piecewise_linear_constant,q_learning,0.75,0.616,167.84523853400094,95.21945335325219,10.71639469589987,11.887729902589092,0.5823990191866416,2963.08871996437,521.2814085991796
n50_ba_m2__proportional__piecewise_linear_constant__q_learning__r1p25,proportional,,,,,,50,scale_free,n50_ba_m2,piecewise_linear,constant,piecewise_linear_constant,q_learning,1.25,0.616,165.2176959896514,94.73327131932396,10.545060307012534,11.981550156413213,0.6078804517353736,3077.577886690548,489.25757930329775
n50_ba_m2__proportional__piecewise_linear_constant__q_learning__r1p75,proportional,,,,,,50,scale_free,n50_ba_m2,piecewise_linear,constant,piecewise_linear_constant,q_learning,1.75,0.616,164.89087640289017,94.66607833686781,10.518820622873285,12.153284568297769,0.5915240457620553,3057.5400276820787,484.66744654291125
n50_ba_m2__proportional__piecewise_linear_constant__q_learning__r2p25,proportional,,,,,,50,scale_free,n50_ba_m2,piecewise_linear,constant,piecewise_linear_constant,q_learning,2.25,0.616,167.10488834171147,95.01941167020115,10.635876288896068,12.447238852686164,0.5801415533912291,3069.089120847065,510.25164742963113
n50_er_k4__proportional__piecewise_linear_constant__q_learning__r0p25,proportional,,,,,,50,erdos_renyi,n50_er_k4,piecewise_linear,constant,piecewise_linear_constant,q_learning,0.25,0.0,0.0,0.0,0.0,0.0,0.0,8.076759467831545,0.5335445548192924
n50_er_k4__proportional__piecewise_linear_constant__q_learning__r0p75,proportional,,,,,,50,erdos_renyi,n50_er_k4,piecewise_linear,constant,piecewise_linear_constant,q_learning,0.75,0.716,244.17491630433696,135.0782135217204,14.937131711748966,15.697413781106528,0.5281897392993717,3857.6228355112644,275.6631780964209
n50_er_k4__proportional__piecewise_linear_constant__q_learning__r1p25,proportional,,,,,,50,erdos_renyi,n50_er_k4,piecewise_linear,constant,piecewise_linear_constant,q_learning,1.25,0.74,256.26108848197646,141.97642857142858,15.592412935477068,17.15724270791224,0.4891778914611729,4147.39337953663,287.2157113063913
n50_er_k4__proportional__piecewise_linear_constant__q_learning__r1p75,proportional,,,,,,50,erdos_renyi,n50_er_k4,piecewise_linear,constant,piecewise_linear_constant,q_learning,1.75,0.712,239.20496784584688,132.19928571428574,14.673888272257347,15.425090672957277,0.5062094368848552,4070.882454063131,267.39597469420204
n50_er_k4__proportional__piecewise_linear_constant__q_learning__r2p25,proportional,,,,,,50,erdos_renyi,n50_er_k4,piecewise_linear,constant,piecewise_linear_constant,q_learning,2.25,0.7079999999999999,233.62681628952632,128.9202380952381,14.438621184576135,14.013013782579804,0.5095579433613411,3996.5377624524544,297.5227819860916
n50_regular_d4__proportional__piecewise_linear_constant__q_learning__r0p25,proportional,,,,,,50,regular,n50_regular_d4,piecewise_linear,constant,piecewise_linear_constant,q_learning,0.25,0.0,0.0,0.0,0.0,0.0,0.0,8.396873203096998,0.5572968825071847
n50_regular_d4__proportional__piecewise_linear_constant__q_learning__r0p75,proportional,,,,,,50,regular,n50_regular_d4,piecewise_linear,constant,piecewise_linear_constant,q_learning,0.75,0.7120000000000001,255.26652467705375,139.920975909539,15.660129370350159,13.356066640400773,0.47625178359847953,4193.0271614093135,273.5094173336632
n50_regular_d4__proportional__piecewise_linear_constant__q_learning__r1p25,proportional,,,,,,50,regular,n50_regular_d4,piecewise_linear,constant,piecewise_linear_constant,q_learning,1.25,0.776,300.69693544457425,162.0,18.33983168809419,13.603802332397503,0.41553796448023067,4813.636905706711,395.40911838268283
n50_regular_d4__proportional__piecewise_linear_constant__q_learning__r1p75,proportional,,,,,,50,regular,n50_regular_d4,piecewise_linear,constant,piecewise_linear_constant,q_learning,1.75,0.7439999999999999,276.41275982556834,150.72,17.00713465326756,11.889872161464739,0.4483089777888442,4702.907967870606,481.85598734190074
n50_regular_d4__proportional__piecewise_linear_constant__q_learning__r2p25,proportional,,,,,,50,regular,n50_regular_d4,piecewise_linear,constant,piecewise_linear_constant,q_learning,2.25,0.728,260.35134309443555,144.32,15.991720109303074,13.052661017677185,0.4531875624625332,4551.4517332106425,407.8378661093229
n50_ws_k4_p0p1__proportional__piecewise_linear_constant__q_learning__r0p25,proportional,,,,,,50,small_world,n50_ws_k4_p0p1,piecewise_linear,constant,piecewise_linear_constant,q_learning,0.25,0.0,0.0,0.0,0.0,0.0,0.0,8.393175661074954,0.5415427925525289
n50_ws_k4_p0p1__proportional__piecewise_linear_constant__q_learning__r0p75,proportional,,,,,,50,small_world,n50_ws_k4_p0p1,piecewise_linear,constant,piecewise_linear_constant,q_learning,0.75,0.672,228.30663410425456,126.96476190476191,14.01137777330483,14.07445641146281,0.5256878679505635,3955.588307264718,292.52274273831375
n50_ws_k4_p0p1__proportional__piecewise_linear_constant__q_learning__r1p25,proportional,,,,,,50,small_world,n50_ws_k4_p0p1,piecewise_linear,constant,piecewise_linear_constant,q_learning,1.25,0.708,256.985154497241,138.60047619047617,15.61921012292002,15.852162161760623,0.48437391002802793,4369.8879226084755,293.2560552470153
n50_ws_k4_p0p1__proportional__piecewise_linear_constant__q_learning__r1p75,proportional,,,,,,50,small_world,n50_ws_k4_p0p1,piecewise_linear,constant,piecewise_linear_constant,q_learning,1.75,0.712,248.83461769496844,138.98095238095237,15.20209603453253,15.018793038850408,0.5000646883705857,4269.905920411787,303.57138690287877
n50_ws_k4_p0p1__proportional__piecewise_linear_constant__q_learning__r2p25,proportional,,,,,,50,small_world,n50_ws_k4_p0p1,piecewise_linear,constant,piecewise_linear_constant,q_learning,2.25,0.708,245.37752344070208,136.9404761904762,15.028770810012059,14.550878050472965,0.4951226359521758,4152.740246463475,227.47650281319645
n50_ba_m2__proportional__piecewise_linear_degree_scaled__q_learning__r0p25,proportional,,,,,,50,scale_free,n50_ba_m2,piecewise_linear,degree_scaled,piecewise_linear_degree_scaled,q_learning,0.25,0.07599999999999998,3.3635036676636787,2.0759159835665044,0.3159732927794462,0.29576503512287144,0.9347732468462743,108.5605447141132,17.52057433108203
n50_ba_m2__proportional__piecewise_linear_degree_scaled__q_learning__r0p75,proportional,,,,,,50,scale_free,n50_ba_m2,piecewise_linear,degree_scaled,piecewise_linear_degree_scaled,q_learning,0.75,0.652,137.6112634649814,75.28395604411386,8.691365663430968,8.505152194495835,0.5786041714313285,2321.1104771666896,264.6670378824655
n50_ba_m2__proportional__piecewise_linear_degree_scaled__q_learning__r1p25,proportional,,,,,,50,scale_free,n50_ba_m2,piecewise_linear,degree_scaled,piecewise_linear_degree_scaled,q_learning,1.25,0.66,143.88285824389155,79.16992545466228,9.03099007519655,9.414046815157056,0.5539410920558951,2712.31720058817,358.44696215325445
n50_ba_m2__proportional__piecewise_linear_degree_scaled__q_learning__r1p75,proportional,,,,,,50,scale_free,n50_ba_m2,piecewise_linear,degree_scaled,piecewise_linear_degree_scaled,q_learning,1.75,0.672,156.65260791258908,87.80820577083736,9.754752233472843,11.104315476605052,0.5633989074866216,2946.6421734849814,406.85432927770523
n50_ba_m2__proportional__piecewise_linear_degree_scaled__q_learning__r2p25,proportional,,,,,,50,scale_free,n50_ba_m2,piecewise_linear,degree_scaled,piecewise_linear_degree_scaled,q_learning,2.25,0.6759999999999999,156.29517847558495,88.54137362637363,9.792043496703739,10.198352038213937,0.5558296213638031,3037.46393269882,498.9927082323969
n50_er_k4__proportional__piecewise_linear_degree_scaled__q_learning__r0p25,proportional,,,,,,50,erdos_renyi,n50_er_k4,piecewise_linear,degree_scaled,piecewise_linear_degree_scaled,q_learning,0.25,0.132,5.943754936438844,3.3880146977793673,0.4466005206025363,0.4343450449906536,0.901991279569979,103.76004669380954,12.63272582502512
n50_er_k4__proportional__piecewise_linear_degree_scaled__q_learning__r0p75,proportional,,,,,,50,erdos_renyi,n50_er_k4,piecewise_linear,degree_scaled,piecewise_linear_degree_scaled,q_learning,0.75,0.688,188.4364350479115,105.37749667112357,11.521909648108785,11.68015173384458,0.5352624115286272,3242.3218202178314,494.80701059725425
n50_er_k4__proportional__piecewise_linear_degree_scaled__q_learning__r1p25,proportional,,,,,,50,erdos_renyi,n50_er_k4,piecewise_linear,degree_scaled,piecewise_linear_degree_scaled,q_learning,1.25,0.748,226.08842754636757,125.48484126984127,13.741885251715804,12.866733787865797,0.4672796426846818,3771.6124690959905,569.8494957006961
n50_er_k4__proportional__piecewise_linear_degree_scaled__q_learning__r1p75,proportional,,,,,,50,erdos_renyi,n50_er_k4,piecewise_linear,degree_scaled,piecewise_linear_degree_scaled,q_learning,1.75,0.736,219.7854693530804,123.0330158730159,13.480228034514747,10.951327488323525,0.4827859810921632,3718.8788738792573,576.6015605904641
n50_er_k4__proportional__piecewise_linear_degree_scaled__q_learning__r2p25,proportional,,,,,,50,erdos_renyi,n50_er_k4,piecewise_linear,degree_scaled,piecewise_linear_degree_scaled,q_learning,2.25,0.744,220.94328189462038,123.75293650793651,13.533772541471393,10.83534391143126,0.4846601838338981,3708.459554686632,587.2352419634603
n50_regular_d4__proportional__piecewise_linear_degree_scaled__q_learning__r0p25,proportional,,,,,,50,regular,n50_regular_d4,piecewise_linear,degree_scaled,piecewise_linear_degree_scaled,q_learning,0.25,0.0,0.0,0.0,0.0,0.0,0.0,8.396873203096998,0.5572968825071847
n50_regular_d4__proportional__piecewise_linear_degree_scaled__q_learning__r0p75,proportional,,,,,,50,regular,n50_regular_d4,piecewise_linear,degree_scaled,piecewise_linear_degree_scaled,q_learning,0.75,0.7120000000000001,255.26652467705375,139.920975909539,15.660129370350159,13.356066640400773,0.47625178359847953,4193.0271614093135,273.5094173336632
n50_regular_d4__proportional__piecewise_linear_degree_scaled__q_learning__r1p25,proportional,,,,,,50,regular,n50_regular_d4,piecewise_linear,degree_scaled,piecewise_linear_degree_scaled,q_learning,1.25,0.776,300.69693544457425,162.0,18.33983168809419,13.603802332397503,0.41553796448023067,4813.636905706711,395.40911838268283
n50_regular_d4__proportional__piecewise_linear_degree_scaled__q_learning__r1p75,proportional,,,,,,50,regular,n50_regular_d4,piecewise_linear,degree_scaled,piecewise_linear_degree_scaled,q_learning,1.75,0.7439999999999999,276.41275982556834,150.72,17.00713465326756,11.889872161464739,0.4483089777888442,4702.907967870606,481.85598734190074
n50_regular_d4__proportional__piecewise_linear_degree_scaled__q_learning__r2p25,proportional,,,,,,50,regular,n50_regular_d4,piecewise_linear,degree_scaled,piecewise_linear_degree_scaled,q_learning,2.25,0.728,260.35134309443555,144.32,15.991720109303074,13.052661017677185,0.4531875624625332,4551.4517332106425,407.8378661093229
n50_ws_k4_p0p1__proportional__piecewise_linear_degree_scaled__q_learning__r0p25,proportional,,,,,,50,small_world,n50_ws_k4_p0p1,piecewise_linear,degree_scaled,piecewise_linear_degree_scaled,q_learning,0.25,0.0,0.0,0.0,0.0,0.0,0.0,8.77158834170882,0.614768008670092
n50_ws_k4_p0p1__proportional__piecewise_linear_degree_scaled__q_learning__r0p75,proportional,,,,,,50,small_world,n50_ws_k4_p0p1,piecewise_linear,degree_scaled,piecewise_linear_degree_scaled,q_learning,0.75,0.6759999999999999,228.11369861558296,124.83380952380953,14.199366103535874,10.828424936833656,0.5128405582017903,3944.247868387355,387.2152914497598
n50_ws_k4_p0p1__proportional__piecewise_linear_degree_scaled__q_learning__r1p25,proportional,,,,,,50,small_world,n50_ws_k4_p0p1,piecewise_linear,degree_scaled,piecewise_linear_degree_scaled,q_learning,1.25,0.724,257.3988918468656,141.0825759969241,15.817205749807096,13.23998260053079,0.4982406772546006,4402.581922457883,262.91955194395905
n50_ws_k4_p0p1__proportional__piecewise_linear_degree_scaled__q_learning__r1p75,proportional,,,,,,50,small_world,n50_ws_k4_p0p1,piecewise_linear,degree_scaled,piecewise_linear_degree_scaled,q_learning,1.75,0.688,235.65765057388003,129.47476190476192,14.642342803565935,10.89985755449373,0.5139117260944793,4239.72225626717,292.46421095871887
n50_ws_k4_p0p1__proportional__piecewise_linear_degree_scaled__q_learning__r2p25,proportional,,,,,,50,small_world,n50_ws_k4_p0p1,piecewise_linear,degree_scaled,piecewise_linear_degree_scaled,q_learning,2.25,0.656,217.15214545659282,119.03830152157425,13.55995961002149,10.872912866184489,0.5325586032014497,3993.9712713784443,336.68608756398606
n50_ba_m2__uniform__piecewise_linear_constant__fermi__r0p25,uniform,,,,,,50,scale_free,n50_ba_m2,piecewise_linear,constant,piecewise_linear_constant,fermi,0.25,0.0,0.0,0.0,0.0,0.0,0.0,3.126815209770089,0.45500961047222416
n50_ba_m2__uniform__piecewise_linear_constant__fermi__r0p75,uniform,,,,,,50,scale_free,n50_ba_m2,piecewise_linear,constant,piecewise_linear_constant,fermi,0.75,0.0,0.0,0.0,0.0,0.0,0.0,8.074566352946771,3.0314843529439277
n50_ba_m2__uniform__piecewise_linear_constant__fermi__r1p25,uniform,,,,,,50,scale_free,n50_ba_m2,piecewise_linear,constant,piecewise_linear_constant,fermi,1.25,0.0,0.0,0.0,0.0,0.0,0.0,29.991669461037766,33.01305064869584
n50_ba_m2__uniform__piecewise_linear_constant__fermi__r1p75,uniform,,,,,,50,scale_free,n50_ba_m2,piecewise_linear,constant,piecewise_linear_constant,fermi,1.75,0.0,0.0,0.0,0.0,0.0,0.0,63.782373870883156,68.52414760336929
n50_ba_m2__uniform__piecewise_linear_constant__fermi__r2p25,uniform,,,,,,50,scale_free,n50_ba_m2,piecewise_linear,constant,piecewise_linear_constant,fermi,2.25,0.0,0.0,0.0,0.0,0.0,0.0,117.58129526191946,90.88470102692102
n50_er_k4__uniform__piecewise_linear_constant__fermi__r0p25,uniform,,,,,,50,erdos_renyi,n50_er_k4,piecewise_linear,constant,piecewise_linear_constant,fermi,0.25,0.0,0.0,0.0,0.0,0.0,0.0,3.1499134383507874,0.4522729476456223
n50_er_k4__uniform__piecewise_linear_constant__fermi__r0p75,uniform,,,,,,50,erdos_renyi,n50_er_k4,piecewise_linear,constant,piecewise_linear_constant,fermi,0.75,0.008,0.6647272727272726,0.4,0.06363636363636363,0.06363636363636369,0.39199999999952817,19.667266006809367,16.389469835286246
n50_er_k4__uniform__piecewise_linear_constant__fermi__r1p25,uniform,,,,,,50,erdos_renyi,n50_er_k4,piecewise_linear,constant,piecewise_linear_constant,fermi,1.25,0.008,0.6647272727272726,0.4,0.06363636363636363,0.06363636363636369,0.39199999999952817,29.72316294524511,22.543800322086923
n50_er_k4__uniform__piecewise_linear_constant__fermi__r1p75,uniform,,,,,,50,erdos_renyi,n50_er_k4,piecewise_linear,constant,piecewise_linear_constant,fermi,1.75,0.008,0.6647272727272726,0.4,0.06363636363636363,0.06363636363636369,0.39199999999952817,64.42211977075314,50.89263224275402
n50_er_k4__uniform__piecewise_linear_constant__fermi__r2p25,uniform,,,,,,50,erdos_renyi,n50_er_k4,piecewise_linear,constant,piecewise_linear_constant,fermi,2.25,0.008,0.6647272727272726,0.4,0.06363636363636363,0.06363636363636369,0.39199999999952817,111.69069750551361,68.95321555970119
n50_regular_d4__uniform__piecewise_linear_constant__fermi__r0p25,uniform,,,,,,50,regular,n50_regular_d4,piecewise_linear,constant,piecewise_linear_constant,fermi,0.25,0.0,0.0,0.0,0.0,0.0,0.0,3.033236418266557,0.30020973252289623
n50_regular_d4__uniform__piecewise_linear_constant__fermi__r0p75,uniform,,,,,,50,regular,n50_regular_d4,piecewise_linear,constant,piecewise_linear_constant,fermi,0.75,0.0,0.0,0.0,0.0,0.0,0.0,6.742188222333999,1.4101744150207909
n50_regular_d4__uniform__piecewise_linear_constant__fermi__r1p25,uniform,,,,,,50,regular,n50_regular_d4,piecewise_linear,constant,piecewise_linear_constant,fermi,1.25,0.0,0.0,0.0,0.0,0.0,0.0,11.594135282911074,3.474844663496649
n50_regular_d4__uniform__piecewise_linear_constant__fermi__r1p75,uniform,,,,,,50,regular,n50_regular_d4,piecewise_linear,constant,piecewise_linear_constant,fermi,1.75,0.0,0.0,0.0,0.0,0.0,0.0,19.358365663636164,9.281862806054315
n50_regular_d4__uniform__piecewise_linear_constant__fermi__r2p25,uniform,,,,,,50,regular,n50_regular_d4,piecewise_linear,constant,piecewise_linear_constant,fermi,2.25,0.0,0.0,0.0,0.0,0.0,0.0,44.44162546302689,47.922559266018126
n50_ws_k4_p0p1__uniform__piecewise_linear_constant__fermi__r0p25,uniform,,,,,,50,small_world,n50_ws_k4_p0p1,piecewise_linear,constant,piecewise_linear_constant,fermi,0.25,0.0,0.0,0.0,0.0,0.0,0.0,3.0876108122914125,0.3235224151860346
n50_ws_k4_p0p1__uniform__piecewise_linear_constant__fermi__r0p75,uniform,,,,,,50,small_world,n50_ws_k4_p0p1,piecewise_linear,constant,piecewise_linear_constant,fermi,0.75,0.0,0.0,0.0,0.0,0.0,0.0,7.1380478642643155,1.0473597572097055
n50_ws_k4_p0p1__uniform__piecewise_linear_constant__fermi__r1p25,uniform,,,,,,50,small_world,n50_ws_k4_p0p1,piecewise_linear,constant,piecewise_linear_constant,fermi,1.25,0.0,0.0,0.0,0.0,0.0,0.0,13.60646660753226,3.0934490483377655
n50_ws_k4_p0p1__uniform__piecewise_linear_constant__fermi__r1p75,uniform,,,,,,50,small_world,n50_ws_k4_p0p1,piecewise_linear,constant,piecewise_linear_constant,fermi,1.75,0.0,0.0,0.0,0.0,0.0,0.0,29.215703651690696,13.325639078120005
n50_ws_k4_p0p1__uniform__piecewise_linear_constant__fermi__r2p25,uniform,,,,,,50,small_world,n50_ws_k4_p0p1,piecewise_linear,constant,piecewise_linear_constant,fermi,2.25,0.0,0.0,0.0,0.0,0.0,0.0,66.8153271321207,46.95112021368665
n50_ba_m2__uniform__piecewise_linear_degree_scaled__fermi__r0p25,uniform,,,,,,50,scale_free,n50_ba_m2,piecewise_linear,degree_scaled,piecewise_linear_degree_scaled,fermi,0.25,0.0,0.0,0.0,0.0,0.0,0.0,3.4337715967880023,0.4445208918130368
n50_ba_m2__uniform__piecewise_linear_degree_scaled__fermi__r0p75,uniform,,,,,,50,scale_free,n50_ba_m2,piecewise_linear,degree_scaled,piecewise_linear_degree_scaled,fermi,0.75,0.0,0.0,0.0,0.0,0.0,0.0,9.458243031595146,4.398051730224893
n50_ba_m2__uniform__piecewise_linear_degree_scaled__fermi__r1p25,uniform,,,,,,50,scale_free,n50_ba_m2,piecewise_linear,degree_scaled,piecewise_linear_degree_scaled,fermi,1.25,0.0,0.0,0.0,0.0,0.0,0.0,44.623848453152675,61.44524741509599
n50_ba_m2__uniform__piecewise_linear_degree_scaled__fermi__r1p75,uniform,,,,,,50,scale_free,n50_ba_m2,piecewise_linear,degree_scaled,piecewise_linear_degree_scaled,fermi,1.75,0.0,0.0,0.0,0.0,0.0,0.0,120.28258148457962,104.16418561217755
n50_ba_m2__uniform__piecewise_linear_degree_scaled__fermi__r2p25,uniform,,,,,,50,scale_free,n50_ba_m2,piecewise_linear,degree_scaled,piecewise_linear_degree_scaled,fermi,2.25,0.0,0.0,0.0,0.0,0.0,0.0,120.51060967424485,88.09450307840865
n50_er_k4__uniform__piecewise_linear_degree_scaled__fermi__r0p25,uniform,,,,,,50,erdos_renyi,n50_er_k4,piecewise_linear,degree_scaled,piecewise_linear_degree_scaled,fermi,0.25,0.008,0.7709158210210109,0.4,0.03454580876187138,0.034545454545454504,0.9799999999848682,13.210730085038922,10.994843996133163
n50_er_k4__uniform__piecewise_linear_degree_scaled__fermi__r0p75,uniform,,,,,,50,erdos_renyi,n50_er_k4,piecewise_linear,degree_scaled,piecewise_linear_degree_scaled,fermi,0.75,0.008,0.7709158210210109,0.4,0.03454580876187138,0.034545454545454504,0.9799999999848682,18.58048880360762,13.369230490821534
n50_er_k4__uniform__piecewise_linear_degree_scaled__fermi__r1p25,uniform,,,,,,50,erdos_renyi,n50_er_k4,piecewise_linear,degree_scaled,piecewise_linear_degree_scaled,fermi,1.25,0.008,0.7709158210210109,0.4,0.03454580876187138,0.034545454545454504,0.9799999999848682,36.23836308618384,26.39663557899779
n50_er_k4__uniform__piecewise_linear_degree_scaled__fermi__r1p75,uniform,,,,,,50,erdos_renyi,n50_er_k4,piecewise_linear,degree_scaled,piecewise_linear_degree_scaled,fermi,1.75,0.008,0.7709158210210109,0.4,0.03454580876187138,0.034545454545454504,0.9799999999848682,64.55200531908895,47.46293674054829
n50_er_k4__uniform__piecewise_linear_degree_scaled__fermi__r2p25,uniform,,,,,,50,erdos_renyi,n50_er_k4,piecewise_linear,degree_scaled,piecewise_linear_degree_scaled,fermi,2.25,0.008,0.7709158210210109,0.4,0.03454580876187138,0.034545454545454504,0.9799999999848682,119.51400631643932,62.64016456530995
n50_regular_d4__uniform__piecewise_linear_degree_scaled__fermi__r0p25,uniform,,,,,,50,regular,n50_regular_d4,piecewise_linear,degree_scaled,piecewise_linear_degree_scaled,fermi,0.25,0.0,0.0,0.0,0.0,0.0,0.0,3.033236418266557,0.30020973252289623
n50_regular_d4__uniform__piecewise_linear_degree_scaled__fermi__r0p75,uniform,,,,,,50,regular,n50_regular_d4,piecewise_linear,degree_scaled,piecewise_linear_degree_scaled,fermi,0.75,0.0,0.0,0.0,0.0,0.0,0.0,6.742188222333999,1.4101744150207909
n50_regular_d4__uniform__piecewise_linear_degree_scaled__fermi__r1p25,uniform,,,,,,50,regular,n50_regular_d4,piecewise_linear,degree_scaled,piecewise_linear_degree_scaled,fermi,1.25,0.0,0.0,0.0,0.0,0.0,0.0,11.594135282911074,3.474844663496649
n50_regular_d4__uniform__piecewise_linear_degree_scaled__fermi__r1p75,uniform,,,,,,50,regular,n50_regular_d4,piecewise_linear,degree_scaled,piecewise_linear_degree_scaled,fermi,1.75,0.0,0.0,0.0,0.0,0.0,0.0,19.358365663636164,9.281862806054315
n50_regular_d4__uniform__piecewise_linear_degree_scaled__fermi__r2p25,uniform,,,,,,50,regular,n50_regular_d4,piecewise_linear,degree_scaled,piecewise_linear_degree_scaled,fermi,2.25,0.0,0.0,0.0,0.0,0.0,0.0,44.44162546302689,47.922559266018126
n50_ws_k4_p0p1__uniform__piecewise_linear_degree_scaled__fermi__r0p25,uniform,,,,,,50,small_world,n50_ws_k4_p0p1,piecewise_linear,degree_scaled,piecewise_linear_degree_scaled,fermi,0.25,0.0,0.0,0.0,0.0,0.0,0.0,3.1296658673451194,0.3206989971132564
n50_ws_k4_p0p1__uniform__piecewise_linear_degree_scaled__fermi__r0p75,uniform,,,,,,50,small_world,n50_ws_k4_p0p1,piecewise_linear,degree_scaled,piecewise_linear_degree_scaled,fermi,0.75,0.0,0.0,0.0,0.0,0.0,0.0,7.17159445182552,1.0498417872505525
n50_ws_k4_p0p1__uniform__piecewise_linear_degree_scaled__fermi__r1p25,uniform,,,,,,50,small_world,n50_ws_k4_p0p1,piecewise_linear,degree_scaled,piecewise_linear_degree_scaled,fermi,1.25,0.0,0.0,0.0,0.0,0.0,0.0,13.671152095112808,3.11586195273061
n50_ws_k4_p0p1__uniform__piecewise_linear_degree_scaled__fermi__r1p75,uniform,,,,,,50,small_world,n50_ws_k4_p0p1,piecewise_linear,degree_scaled,piecewise_linear_degree_scaled,fermi,1.75,0.0,0.0,0.0,0.0,0.0,0.0,29.470388115194545,13.146332568987326
n50_ws_k4_p0p1__uniform__piecewise_linear_degree_scaled__fermi__r2p25,uniform,,,,,,50,small_world,n50_ws_k4_p0p1,piecewise_linear,degree_scaled,piecewise_linear_degree_scaled,fermi,2.25,0.0,0.0,0.0,0.0,0.0,0.0,62.914128485438326,43.47635189686836
n50_ba_m2__uniform__piecewise_linear_constant__q_learning__r0p25,uniform,,,,,,50,scale_free,n50_ba_m2,piecewise_linear,constant,piecewise_linear_constant,q_learning,0.25,0.0,0.0,0.0,0.0,0.0,0.0,2.7421386958997167,0.20879884222800071
n50_ba_m2__uniform__piecewise_linear_constant__q_learning__r0p75,uniform,,,,,,50,scale_free,n50_ba_m2,piecewise_linear,constant,piecewise_linear_constant,q_learning,0.75,0.0,0.0,0.0,0.0,0.0,0.0,6.990737915413389,2.018632689205258
n50_ba_m2__uniform__piecewise_linear_constant__q_learning__r1p25,uniform,,,,,,50,scale_free,n50_ba_m2,piecewise_linear,constant,piecewise_linear_constant,q_learning,1.25,0.0,0.0,0.0,0.0,0.0,0.0,386.067576412242,344.56174513469347
n50_ba_m2__uniform__piecewise_linear_constant__q_learning__r1p75,uniform,,,,,,50,scale_free,n50_ba_m2,piecewise_linear,constant,piecewise_linear_constant,q_learning,1.75,0.0,0.0,0.0,0.0,0.0,0.0,972.9419088930324,542.7053871838092
n50_ba_m2__uniform__piecewise_linear_constant__q_learning__r2p25,uniform,,,,,,50,scale_free,n50_ba_m2,piecewise_linear,constant,piecewise_linear_constant,q_learning,2.25,0.0,0.007303935825101725,0.0,0.016384417675005352,0.0,0.19599999998926607,1929.8430477661914,484.04572807133604
n50_er_k4__uniform__piecewise_linear_constant__q_learning__r0p25,uniform,,,,,,50,erdos_renyi,n50_er_k4,piecewise_linear,constant,piecewise_linear_constant,q_learning,0.25,0.0,0.0,0.0,0.0,0.0,0.0,2.776744525330643,0.21755803375945332
n50_er_k4__uniform__piecewise_linear_constant__q_learning__r0p75,uniform,,,,,,50,erdos_renyi,n50_er_k4,piecewise_linear,constant,piecewise_linear_constant,q_learning,0.75,0.016,1.3293246247504338,0.8,0.1272582916389371,0.12741708361062923,0.7839999999990563,32.7660764808159,11.93400733525675
n50_er_k4__uniform__piecewise_linear_constant__q_learning__r1p25,uniform,,,,,,50,erdos_renyi,n50_er_k4,piecewise_linear,constant,piecewise_linear_constant,q_learning,1.25,0.02,1.66122617137937,1.0,0.15902513015326333,0.1597486984673667,0.97999999999882,608.9378808119811,496.5655899407655
n50_er_k4__uniform__piecewise_linear_constant__q_learning__r1p75,uniform,,,,,,50,erdos_renyi,n50_er_k4,piecewise_linear,constant,piecewise_linear_constant,q_learning,1.75,0.02,1.66122617137937,1.0,0.15902513015326333,0.1597486984673667,0.97999999999882,1608.3037684963451,538.55202943746
n50_er_k4__uniform__piecewise_linear_constant__q_learning__r2p25,uniform,,,,,,50,erdos_renyi,n50_er_k4,piecewise_linear,constant,piecewise_linear_constant,q_learning,2.25,0.02,1.66122617137937,1.0,0.15902513015326333,0.1597486984673667,0.97999999999882,1883.8339881945874,492.61557603053274
n50_regular_d4__uniform__piecewise_linear_constant__q_learning__r0p25,uniform,,,,,,50,regular,n50_regular_d4,piecewise_linear,constant,piecewise_linear_constant,q_learning,0.25,0.0,0.0,0.0,0.0,0.0,0.0,2.577002688698408,0.17659923564407065
n50_regular_d4__uniform__piecewise_linear_constant__q_learning__r0p75,uniform,,,,,,50,regular,n50_regular_d4,piecewise_linear,constant,piecewise_linear_constant,q_learning,0.75,0.0,0.0,0.0,0.0,0.0,0.0,7.891451690551108,3.0235603740499064
n50_regular_d4__uniform__piecewise_linear_constant__q_learning__r1p25,uniform,,,,,,50,regular,n50_regular_d4,piecewise_linear,constant,piecewise_linear_constant,q_learning,1.25,0.0,0.0,0.0,0.0,0.0,0.0,502.68246384543016,651.1487693226921
n50_regular_d4__uniform__piecewise_linear_constant__q_learning__r1p75,uniform,,,,,,50,regular,n50_regular_d4,piecewise_linear,constant,piecewise_linear_constant,q_learning,1.75,0.0,0.0,0.0,0.0,0.0,0.0,1840.0988897040213,295.9182951575364
n50_regular_d4__uniform__piecewise_linear_constant__q_learning__r2p25,uniform,,,,,,50,regular,n50_regular_d4,piecewise_linear,constant,piecewise_linear_constant,q_learning,2.25,0.0,0.17299317956607455,0.0,0.065727687184259,0.0,0.1954800780227604,2258.562259060654,585.7078962232154
n50_ws_k4_p0p1__uniform__piecewise_linear_constant__q_learning__r0p25,uniform,,,,,,50,small_world,n50_ws_k4_p0p1,piecewise_linear,constant,piecewise_linear_constant,q_learning,0.25,0.0,0.0,0.0,0.0,0.0,0.0,2.6258430131895887,0.17297538841048246
n50_ws_k4_p0p1__uniform__piecewise_linear_constant__q_learning__r0p75,uniform,,,,,,50,small_world,n50_ws_k4_p0p1,piecewise_linear,constant,piecewise_linear_constant,q_learning,0.75,0.0,0.0,0.0,0.0,0.0,0.0,10.869403685589594,3.31329569272735
n50_ws_k4_p0p1__uniform__piecewise_linear_constant__q_learning__r1p25,uniform,,,,,,50,small_world,n50_ws_k4_p0p1,piecewise_linear,constant,piecewise_linear_constant,q_learning,1.25,0.0,0.0,0.0,0.0,0.0,0.0,904.6767653180056,398.5798391937038
n50_ws_k4_p0p1__uniform__piecewise_linear_constant__q_learning__r1p75,uniform,,,,,,50,small_world,n50_ws_k4_p0p1,piecewise_linear,constant,piecewise_linear_constant,q_learning,1.75,0.0,0.0,0.0,0.0,0.0,0.0,1477.6911745561101,553.017621799108
n50_ws_k4_p0p1__uniform__piecewise_linear_constant__q_learning__r2p25,uniform,,,,,,50,small_world,n50_ws_k4_p0p1,piecewise_linear,constant,piecewise_linear_constant,q_learning,2.25,0.0,0.0,0.0,0.0,0.0,0.0,1909.508109698497,655.8753605160908
n50_ba_m2__uniform__piecewise_linear_degree_scaled__q_learning__r0p25,uniform,,,,,,50,scale_free,n50_ba_m2,piecewise_linear,degree_scaled,piecewise_linear_degree_scaled,q_learning,0.25,0.0,0.0,0.0,0.0,0.0,0.0,3.0590004876752266,0.19718303837844117
n50_ba_m2__uniform__piecewise_linear_degree_scaled__q_learning__r0p75,uniform,,,,,,50,scale_free,n50_ba_m2,piecewise_linear,degree_scaled,piecewise_linear_degree_scaled,q_learning,0.75,0.0,0.0,0.0,0.0,0.0,0.0,6.9102247352121875,1.6906373956447291
n50_ba_m2__uniform__piecewise_linear_degree_scaled__q_learning__r1p25,uniform,,,,,,50,scale_free,n50_ba_m2,piecewise_linear,degree_scaled,piecewise_linear_degree_scaled,q_learning,1.25,0.0,0.0,0.0,0.0,0.0,0.0,394.27689845701235,535.06512981347
n50_ba_m2__uniform__piecewise_linear_degree_scaled__q_learning__r1p75,uniform,,,,,,50,scale_free,n50_ba_m2,piecewise_linear,degree_scaled,piecewise_linear_degree_scaled,q_learning,1.75,0.0,0.0,0.0,0.0,0.0,0.0,970.5884769496013,500.26934521298404
n50_ba_m2__uniform__piecewise_linear_degree_scaled__q_learning__r2p25,uniform,,,,,,50,scale_free,n50_ba_m2,piecewise_linear,degree_scaled,piecewise_linear_degree_scaled,q_learning,2.25,0.0,0.24906992319447233,0.0,0.035615876203821076,0.0,0.19599306732833116,1815.8791794575209,527.6417058174834
n50_er_k4__uniform__piecewise_linear_degree_scaled__q_learning__r0p25,uniform,,,,,,50,erdos_renyi,n50_er_k4,piecewise_linear,degree_scaled,piecewise_linear_degree_scaled,q_learning,0.25,0.02,1.8071287626445898,1.0,0.0863476402938433,0.08652359706156708,0.9799999999989153,25.7877148540258,0.28071383026832725
n50_er_k4__uniform__piecewise_linear_degree_scaled__q_learning__r0p75,uniform,,,,,,50,erdos_renyi,n50_er_k4,piecewise_linear,degree_scaled,piecewise_linear_degree_scaled,q_learning,0.75,0.02,1.8056960535979072,1.0,0.08618845039976747,0.08811549600232534,0.9799999999989144,33.77137144732802,5.2082167378705595
n50_er_k4__uniform__piecewise_linear_degree_scaled__q_learning__r1p25,uniform,,,,,,50,erdos_renyi,n50_er_k4,piecewise_linear,degree_scaled,piecewise_linear_degree_scaled,q_learning,1.25,0.02,1.8069513501773724,1.0,0.08632792779748581,0.0867207220251418,0.9799999999989151,530.3498481736062,423.3750954650025
n50_er_k4__uniform__piecewise_linear_degree_scaled__q_learning__r1p75,uniform,,,,,,50,erdos_renyi,n50_er_k4,piecewise_linear,degree_scaled,piecewise_linear_degree_scaled,q_learning,1.75,0.02,1.8069513501773724,1.0,0.08632792779748581,0.0867207220251418,0.9799999999989151,1425.0928048811636,403.3839964942609
n50_er_k4__uniform__piecewise_linear_degree_scaled__q_learning__r2p25,uniform,,,,,,50,erdos_renyi,n50_er_k4,piecewise_linear,degree_scaled,piecewise_linear_degree_scaled,q_learning,2.25,0.02,1.8069513501773724,1.0,0.08632792779748581,0.0867207220251418,0.9799999999989151,1950.595210755903,308.2247901812278
n50_regular_d4__uniform__piecewise_linear_degree_scaled__q_learning__r0p25,uniform,,,,,,50,regular,n50_regular_d4,piecewise_linear,degree_scaled,piecewise_linear_degree_scaled,q_learning,0.25,0.0,0.0,0.0,0.0,0.0,0.0,2.577002688698408,0.17659923564407065
n50_regular_d4__uniform__piecewise_linear_degree_scaled__q_learning__r0p75,uniform,,,,,,50,regular,n50_regular_d4,piecewise_linear,degree_scaled,piecewise_linear_degree_scaled,q_learning,0.75,0.0,0.0,0.0,0.0,0.0,0.0,7.891451690551108,3.0235603740499064
n50_regular_d4__uniform__piecewise_linear_degree_scaled__q_learning__r1p25,uniform,,,,,,50,regular,n50_regular_d4,piecewise_linear,degree_scaled,piecewise_linear_degree_scaled,q_learning,1.25,0.0,0.0,0.0,0.0,0.0,0.0,502.68246384543016,651.1487693226921
n50_regular_d4__uniform__piecewise_linear_degree_scaled__q_learning__r1p75,uniform,,,,,,50,regular,n50_regular_d4,piecewise_linear,degree_scaled,piecewise_linear_degree_scaled,q_learning,1.75,0.0,0.0,0.0,0.0,0.0,0.0,1840.0988897040213,295.9182951575364
n50_regular_d4__uniform__piecewise_linear_degree_scaled__q_learning__r2p25,uniform,,,,,,50,regular,n50_regular_d4,piecewise_linear,degree_scaled,piecewise_linear_degree_scaled,q_learning,2.25,0.0,0.17299317956607455,0.0,0.065727687184259,0.0,0.1954800780227604,2258.562259060654,585.7078962232154
n50_ws_k4_p0p1__uniform__piecewise_linear_degree_scaled__q_learning__r0p25,uniform,,,,,,50,small_world,n50_ws_k4_p0p1,piecewise_linear,degree_scaled,piecewise_linear_degree_scaled,q_learning,0.25,0.0,0.0,0.0,0.0,0.0,0.0,2.660228971336827,0.17320715273891385
n50_ws_k4_p0p1__uniform__piecewise_linear_degree_scaled__q_learning__r0p75,uniform,,,,,,50,small_world,n50_ws_k4_p0p1,piecewise_linear,degree_scaled,piecewise_linear_degree_scaled,q_learning,0.75,0.0,0.0,0.0,0.0,0.0,0.0,11.077441537315497,3.548788378120753
n50_ws_k4_p0p1__uniform__piecewise_linear_degree_scaled__q_learning__r1p25,uniform,,,,,,50,small_world,n50_ws_k4_p0p1,piecewise_linear,degree_scaled,piecewise_linear_degree_scaled,q_learning,1.25,0.0,0.0,0.0,0.0,0.0,0.0,801.8292716600623,518.5627596623085
n50_ws_k4_p0p1__uniform__piecewise_linear_degree_scaled__q_learning__r1p75,uniform,,,,,,50,small_world,n50_ws_k4_p0p1,piecewise_linear,degree_scaled,piecewise_linear_degree_scaled,q_learning,1.75,0.0,0.0,0.0,0.00308068195230938,0.0,0.0,1540.2465546652431,583.6499532308873
n50_ws_k4_p0p1__uniform__piecewise_linear_degree_scaled__q_learning__r2p25,uniform,,,,,,50,small_world,n50_ws_k4_p0p1,piecewise_linear,degree_scaled,piecewise_linear_degree_scaled,q_learning,2.25,0.0,0.0,0.0,0.0003385923692358564,0.0,0.0,1897.042688242637,620.2217660024986
